num-generations,num-evaluations,time-elapsed,best-fitness,avg-fitness,crossover-method,population-size,num-points,initialization,seed,selection_name,num_features_mutation_strength
1,200,0.24033212661743164,133874,138884.62,ONE_POINT,100,100,RANDOM,27,tournament_20,0.75
2,300,0.5895140171051025,132013,133579.54,ONE_POINT,100,100,RANDOM,27,tournament_20,0.75
3,400,1.0422396659851074,125125,130841.59,ONE_POINT,100,100,RANDOM,27,tournament_20,0.75
4,500,1.4039101600646973,124757,126114.36,ONE_POINT,100,100,RANDOM,27,tournament_20,0.75
5,600,1.7787330150604248,124159,124493.38,ONE_POINT,100,100,RANDOM,27,tournament_20,0.75
6,700,2.1475884914398193,123286,123732.36,ONE_POINT,100,100,RANDOM,27,tournament_20,0.75
7,800,2.5111312866210938,120133,122260.49,ONE_POINT,100,100,RANDOM,27,tournament_20,0.75
8,900,2.8829827308654785,119496,120238.38,ONE_POINT,100,100,RANDOM,27,tournament_20,0.75
9,1000,3.205505132675171,118799,119399.72,ONE_POINT,100,100,RANDOM,27,tournament_20,0.75
10,1100,3.585001230239868,117703,118139.76,ONE_POINT,100,100,RANDOM,27,tournament_20,0.75
11,1200,3.9039723873138428,116278,117181.45,ONE_POINT,100,100,RANDOM,27,tournament_20,0.75
12,1300,4.2348175048828125,115751,116125.62,ONE_POINT,100,100,RANDOM,27,tournament_20,0.75
13,1400,4.569316148757935,114244,115404.34,ONE_POINT,100,100,RANDOM,27,tournament_20,0.75
14,1500,4.936704397201538,113923,114320.65,ONE_POINT,100,100,RANDOM,27,tournament_20,0.75
15,1600,5.326521396636963,112460,113684.08,ONE_POINT,100,100,RANDOM,27,tournament_20,0.75
16,1700,5.723021984100342,111542,112282.69,ONE_POINT,100,100,RANDOM,27,tournament_20,0.75
17,1800,6.095664739608765,110552,111351.05,ONE_POINT,100,100,RANDOM,27,tournament_20,0.75
18,1900,6.457094669342041,109862,110535.3,ONE_POINT,100,100,RANDOM,27,tournament_20,0.75
19,2000,6.785055637359619,109187,109751.97,ONE_POINT,100,100,RANDOM,27,tournament_20,0.75
20,2100,7.181368112564087,108601,109063.5,ONE_POINT,100,100,RANDOM,27,tournament_20,0.75
21,2200,7.547909259796143,107837,108457.57,ONE_POINT,100,100,RANDOM,27,tournament_20,0.75
22,2300,7.927618026733398,107385,107704.62,ONE_POINT,100,100,RANDOM,27,tournament_20,0.75
23,2400,8.359114646911621,106408,106926.16,ONE_POINT,100,100,RANDOM,27,tournament_20,0.75
24,2500,8.716639757156372,105312,106003.25,ONE_POINT,100,100,RANDOM,27,tournament_20,0.75
25,2600,9.055133819580078,104572,105166.54,ONE_POINT,100,100,RANDOM,27,tournament_20,0.75
26,2700,9.369710206985474,104327,104589.79,ONE_POINT,100,100,RANDOM,27,tournament_20,0.75
27,2800,9.714221715927124,104167,104317.38,ONE_POINT,100,100,RANDOM,27,tournament_20,0.75
28,2900,10.093856573104858,103526,103919.71,ONE_POINT,100,100,RANDOM,27,tournament_20,0.75
29,3000,10.452233791351318,103183,103410.47,ONE_POINT,100,100,RANDOM,27,tournament_20,0.75
30,3100,10.77672004699707,101420,102805.75,ONE_POINT,100,100,RANDOM,27,tournament_20,0.75
31,3200,11.118267059326172,101379,101636.54,ONE_POINT,100,100,RANDOM,27,tournament_20,0.75
32,3300,11.435486078262329,100776,101180.63,ONE_POINT,100,100,RANDOM,27,tournament_20,0.75
33,3400,11.754960536956787,100062,100688.26,ONE_POINT,100,100,RANDOM,27,tournament_20,0.75
34,3500,12.10804009437561,99862,100073.28,ONE_POINT,100,100,RANDOM,27,tournament_20,0.75
35,3600,12.511480331420898,99254,99746.58,ONE_POINT,100,100,RANDOM,27,tournament_20,0.75
36,3700,12.87499475479126,98860,99159.41,ONE_POINT,100,100,RANDOM,27,tournament_20,0.75
37,3800,13.234898328781128,98456,98685.68,ONE_POINT,100,100,RANDOM,27,tournament_20,0.75
38,3900,13.61224889755249,97867,98254.5,ONE_POINT,100,100,RANDOM,27,tournament_20,0.75
39,4000,13.949226140975952,97669,97832.44,ONE_POINT,100,100,RANDOM,27,tournament_20,0.75
40,4100,14.25462794303894,97047,97467.69,ONE_POINT,100,100,RANDOM,27,tournament_20,0.75
41,4200,14.6196448802948,95616,96838.17,ONE_POINT,100,100,RANDOM,27,tournament_20,0.75
42,4300,14.984199047088623,95608,95721.42,ONE_POINT,100,100,RANDOM,27,tournament_20,0.75
43,4400,15.294490337371826,95122,95490.98,ONE_POINT,100,100,RANDOM,27,tournament_20,0.75
44,4500,15.702548027038574,95047,95158.45,ONE_POINT,100,100,RANDOM,27,tournament_20,0.75
45,4600,16.097566843032837,94492,94867.91,ONE_POINT,100,100,RANDOM,27,tournament_20,0.75
46,4700,16.460654497146606,94474,94526.02,ONE_POINT,100,100,RANDOM,27,tournament_20,0.75
47,4800,16.804073810577393,93817,94315.73,ONE_POINT,100,100,RANDOM,27,tournament_20,0.75
48,4900,17.134649753570557,93525,93821.15,ONE_POINT,100,100,RANDOM,27,tournament_20,0.75
49,5000,17.489102602005005,93138,93442.55,ONE_POINT,100,100,RANDOM,27,tournament_20,0.75
50,5100,17.812744855880737,92648,93051.75,ONE_POINT,100,100,RANDOM,27,tournament_20,0.75
51,5200,18.15248465538025,92586,92684.59,ONE_POINT,100,100,RANDOM,27,tournament_20,0.75
52,5300,18.460219144821167,92033,92315.51,ONE_POINT,100,100,RANDOM,27,tournament_20,0.75
53,5400,18.819375038146973,91511,91780.04,ONE_POINT,100,100,RANDOM,27,tournament_20,0.75
54,5500,19.18872594833374,90732,91291.59,ONE_POINT,100,100,RANDOM,27,tournament_20,0.75
55,5600,19.58669400215149,90121,90609.34,ONE_POINT,100,100,RANDOM,27,tournament_20,0.75
56,5700,19.922348737716675,89478,89905.03,ONE_POINT,100,100,RANDOM,27,tournament_20,0.75
57,5800,20.267297744750977,89388,89471.47,ONE_POINT,100,100,RANDOM,27,tournament_20,0.75
58,5900,20.637974500656128,88959,89323.98,ONE_POINT,100,100,RANDOM,27,tournament_20,0.75
59,6000,20.984944343566895,88959,89022.4,ONE_POINT,100,100,RANDOM,27,tournament_20,0.75
60,6100,21.374505758285522,88389,88778.57,ONE_POINT,100,100,RANDOM,27,tournament_20,0.75
61,6200,21.72786831855774,88219,88408.45,ONE_POINT,100,100,RANDOM,27,tournament_20,0.75
62,6300,22.099369049072266,88200,88242.3,ONE_POINT,100,100,RANDOM,27,tournament_20,0.75
63,6400,22.45258593559265,87996,88131.97,ONE_POINT,100,100,RANDOM,27,tournament_20,0.75
64,6500,22.76918649673462,87405,87811.68,ONE_POINT,100,100,RANDOM,27,tournament_20,0.75
65,6600,23.118834257125854,87202,87415.87,ONE_POINT,100,100,RANDOM,27,tournament_20,0.75
66,6700,23.49616312980652,86907,87097.89,ONE_POINT,100,100,RANDOM,27,tournament_20,0.75
67,6800,23.827760457992554,85764,86691.97,ONE_POINT,100,100,RANDOM,27,tournament_20,0.75
68,6900,24.26874017715454,85764,85895.91,ONE_POINT,100,100,RANDOM,27,tournament_20,0.75
69,7000,24.651875257492065,85135,85494.33,ONE_POINT,100,100,RANDOM,27,tournament_20,0.75
70,7100,24.97616171836853,84690,84980.17,ONE_POINT,100,100,RANDOM,27,tournament_20,0.75
71,7200,25.30470895767212,84177,84541.19,ONE_POINT,100,100,RANDOM,27,tournament_20,0.75
72,7300,25.600862741470337,82866,83917.62,ONE_POINT,100,100,RANDOM,27,tournament_20,0.75
73,7400,25.93670129776001,82753,82973.92,ONE_POINT,100,100,RANDOM,27,tournament_20,0.75
74,7500,26.232170581817627,82209,82691.66,ONE_POINT,100,100,RANDOM,27,tournament_20,0.75
75,7600,26.509127140045166,82086,82234.03,ONE_POINT,100,100,RANDOM,27,tournament_20,0.75
76,7700,26.83200192451477,81542,81813.84,ONE_POINT,100,100,RANDOM,27,tournament_20,0.75
77,7800,27.16511034965515,81381,81487.6,ONE_POINT,100,100,RANDOM,27,tournament_20,0.75
78,7900,27.488999128341675,81288,81353.23,ONE_POINT,100,100,RANDOM,27,tournament_20,0.75
79,8000,27.785840034484863,80970,81138.26,ONE_POINT,100,100,RANDOM,27,tournament_20,0.75
80,8100,28.0763680934906,80479,80815.91,ONE_POINT,100,100,RANDOM,27,tournament_20,0.75
81,8200,28.41501545906067,79947,80343.17,ONE_POINT,100,100,RANDOM,27,tournament_20,0.75
82,8300,28.71350932121277,79780,79931.05,ONE_POINT,100,100,RANDOM,27,tournament_20,0.75
83,8400,29.025267124176025,79422,79625.33,ONE_POINT,100,100,RANDOM,27,tournament_20,0.75
84,8500,29.346858501434326,78922,79222.68,ONE_POINT,100,100,RANDOM,27,tournament_20,0.75
85,8600,29.621992111206055,78628,78842.23,ONE_POINT,100,100,RANDOM,27,tournament_20,0.75
86,8700,29.917901515960693,78235,78463.84,ONE_POINT,100,100,RANDOM,27,tournament_20,0.75
87,8800,30.21391773223877,77663,78013.94,ONE_POINT,100,100,RANDOM,27,tournament_20,0.75
88,8900,30.501038551330566,76934,77528.74,ONE_POINT,100,100,RANDOM,27,tournament_20,0.75
89,9000,30.80155658721924,76704,76951.7,ONE_POINT,100,100,RANDOM,27,tournament_20,0.75
90,9100,31.12339496612549,76372,76636.06,ONE_POINT,100,100,RANDOM,27,tournament_20,0.75
91,9200,31.45656967163086,76200,76367.01,ONE_POINT,100,100,RANDOM,27,tournament_20,0.75
92,9300,31.790274143218994,75558,75966.03,ONE_POINT,100,100,RANDOM,27,tournament_20,0.75
93,9400,32.172396659851074,75259,75561.58,ONE_POINT,100,100,RANDOM,27,tournament_20,0.75
94,9500,32.53242015838623,75141,75274.38,ONE_POINT,100,100,RANDOM,27,tournament_20,0.75
95,9600,32.84653162956238,74846,75071.18,ONE_POINT,100,100,RANDOM,27,tournament_20,0.75
96,9700,33.16785001754761,74778,74855.49,ONE_POINT,100,100,RANDOM,27,tournament_20,0.75
97,9800,33.47742223739624,74258,74577.3,ONE_POINT,100,100,RANDOM,27,tournament_20,0.75
98,9900,33.79718613624573,73934,74186.05,ONE_POINT,100,100,RANDOM,27,tournament_20,0.75
99,10000,34.11555624008179,73671,73840.52,ONE_POINT,100,100,RANDOM,27,tournament_20,0.75
100,10100,34.395787954330444,73260,73484.48,ONE_POINT,100,100,RANDOM,27,tournament_20,0.75
101,10200,34.716084480285645,72544,73039.03,ONE_POINT,100,100,RANDOM,27,tournament_20,0.75
102,10300,35.032567262649536,72382,72550.27,ONE_POINT,100,100,RANDOM,27,tournament_20,0.75
103,10400,35.37152314186096,72128,72317.11,ONE_POINT,100,100,RANDOM,27,tournament_20,0.75
104,10500,35.715824365615845,71683,72026.13,ONE_POINT,100,100,RANDOM,27,tournament_20,0.75
105,10600,36.024922370910645,71267,71653.8,ONE_POINT,100,100,RANDOM,27,tournament_20,0.75
106,10700,36.37655758857727,71131,71298.05,ONE_POINT,100,100,RANDOM,27,tournament_20,0.75
107,10800,36.70029973983765,70877,71079.44,ONE_POINT,100,100,RANDOM,27,tournament_20,0.75
108,10900,37.0095055103302,70708,70839.8,ONE_POINT,100,100,RANDOM,27,tournament_20,0.75
109,11000,37.29637694358826,70381,70655.26,ONE_POINT,100,100,RANDOM,27,tournament_20,0.75
110,11100,37.595051288604736,70067,70354.79,ONE_POINT,100,100,RANDOM,27,tournament_20,0.75
111,11200,37.935750007629395,69725,70014.94,ONE_POINT,100,100,RANDOM,27,tournament_20,0.75
112,11300,38.211620807647705,69617,69711.79,ONE_POINT,100,100,RANDOM,27,tournament_20,0.75
113,11400,38.51376700401306,69254,69575.04,ONE_POINT,100,100,RANDOM,27,tournament_20,0.75
114,11500,38.84559631347656,69254,69288.56,ONE_POINT,100,100,RANDOM,27,tournament_20,0.75
115,11600,39.17400240898132,69006,69187.01,ONE_POINT,100,100,RANDOM,27,tournament_20,0.75
116,11700,39.48715567588806,68915,69009.23,ONE_POINT,100,100,RANDOM,27,tournament_20,0.75
117,11800,39.801576137542725,68602,68852.39,ONE_POINT,100,100,RANDOM,27,tournament_20,0.75
118,11900,40.08931016921997,68587,68615.41,ONE_POINT,100,100,RANDOM,27,tournament_20,0.75
119,12000,40.36742353439331,68449,68534.78,ONE_POINT,100,100,RANDOM,27,tournament_20,0.75
120,12100,40.65296244621277,68190,68381.65,ONE_POINT,100,100,RANDOM,27,tournament_20,0.75
121,12200,40.93883967399597,68037,68128.57,ONE_POINT,100,100,RANDOM,27,tournament_20,0.75
122,12300,41.275606632232666,67715,67885.64,ONE_POINT,100,100,RANDOM,27,tournament_20,0.75
123,12400,41.588977575302124,67308,67556.78,ONE_POINT,100,100,RANDOM,27,tournament_20,0.75
124,12500,41.86609244346619,66845,67212.56,ONE_POINT,100,100,RANDOM,27,tournament_20,0.75
125,12600,42.152886629104614,66397,66774.45,ONE_POINT,100,100,RANDOM,27,tournament_20,0.75
126,12700,42.47542667388916,66225,66400.09,ONE_POINT,100,100,RANDOM,27,tournament_20,0.75
127,12800,42.76556372642517,65978,66161.36,ONE_POINT,100,100,RANDOM,27,tournament_20,0.75
128,12900,43.064520597457886,65700,65962.02,ONE_POINT,100,100,RANDOM,27,tournament_20,0.75
129,13000,43.3506019115448,65079,65664.52,ONE_POINT,100,100,RANDOM,27,tournament_20,0.75
130,13100,43.63873243331909,64561,65056.0,ONE_POINT,100,100,RANDOM,27,tournament_20,0.75
131,13200,43.974045515060425,64291,64570.92,ONE_POINT,100,100,RANDOM,27,tournament_20,0.75
132,13300,44.26512336730957,64291,64303.29,ONE_POINT,100,100,RANDOM,27,tournament_20,0.75
133,13400,44.590800523757935,63841,64153.58,ONE_POINT,100,100,RANDOM,27,tournament_20,0.75
134,13500,44.99978184700012,63441,63769.77,ONE_POINT,100,100,RANDOM,27,tournament_20,0.75
135,13600,45.28158402442932,63441,63491.43,ONE_POINT,100,100,RANDOM,27,tournament_20,0.75
136,13700,45.595831632614136,63193,63377.75,ONE_POINT,100,100,RANDOM,27,tournament_20,0.75
137,13800,45.93077898025513,63087,63195.73,ONE_POINT,100,100,RANDOM,27,tournament_20,0.75
138,13900,46.21453785896301,62885,63016.41,ONE_POINT,100,100,RANDOM,27,tournament_20,0.75
139,14000,46.51212120056152,62689,62790.25,ONE_POINT,100,100,RANDOM,27,tournament_20,0.75
140,14100,46.85725021362305,62369,62560.99,ONE_POINT,100,100,RANDOM,27,tournament_20,0.75
141,14200,47.140990257263184,62248,62366.5,ONE_POINT,100,100,RANDOM,27,tournament_20,0.75
142,14300,47.443974018096924,62176,62263.99,ONE_POINT,100,100,RANDOM,27,tournament_20,0.75
143,14400,47.72319722175598,62063,62168.41,ONE_POINT,100,100,RANDOM,27,tournament_20,0.75
144,14500,48.01081037521362,61840,62020.46,ONE_POINT,100,100,RANDOM,27,tournament_20,0.75
145,14600,48.30534482002258,61465,61792.31,ONE_POINT,100,100,RANDOM,27,tournament_20,0.75
146,14700,48.596840620040894,61394,61477.92,ONE_POINT,100,100,RANDOM,27,tournament_20,0.75
147,14800,48.941547870635986,60988,61279.34,ONE_POINT,100,100,RANDOM,27,tournament_20,0.75
148,14900,49.23036336898804,60917,61006.91,ONE_POINT,100,100,RANDOM,27,tournament_20,0.75
149,15000,49.572490215301514,60283,60803.5,ONE_POINT,100,100,RANDOM,27,tournament_20,0.75
150,15100,49.91132998466492,59763,60300.7,ONE_POINT,100,100,RANDOM,27,tournament_20,0.75
151,15200,50.212073802948,59742,59847.0,ONE_POINT,100,100,RANDOM,27,tournament_20,0.75
152,15300,50.500927448272705,59502,59707.2,ONE_POINT,100,100,RANDOM,27,tournament_20,0.75
153,15400,50.82661819458008,59303,59488.99,ONE_POINT,100,100,RANDOM,27,tournament_20,0.75
154,15500,51.147836446762085,59094,59280.39,ONE_POINT,100,100,RANDOM,27,tournament_20,0.75
155,15600,51.50801157951355,58823,59005.4,ONE_POINT,100,100,RANDOM,27,tournament_20,0.75
156,15700,51.844815492630005,58492,58705.09,ONE_POINT,100,100,RANDOM,27,tournament_20,0.75
157,15800,52.163806676864624,58140,58446.69,ONE_POINT,100,100,RANDOM,27,tournament_20,0.75
158,15900,52.48821139335632,58113,58177.2,ONE_POINT,100,100,RANDOM,27,tournament_20,0.75
159,16000,52.81384992599487,57774,58074.73,ONE_POINT,100,100,RANDOM,27,tournament_20,0.75
160,16100,53.11624240875244,57774,57829.68,ONE_POINT,100,100,RANDOM,27,tournament_20,0.75
161,16200,53.46509647369385,57582,57728.43,ONE_POINT,100,100,RANDOM,27,tournament_20,0.75
162,16300,53.75717306137085,57525,57580.47,ONE_POINT,100,100,RANDOM,27,tournament_20,0.75
163,16400,54.05514693260193,57275,57475.95,ONE_POINT,100,100,RANDOM,27,tournament_20,0.75
164,16500,54.3489043712616,57190,57284.26,ONE_POINT,100,100,RANDOM,27,tournament_20,0.75
165,16600,54.66181492805481,57072,57173.3,ONE_POINT,100,100,RANDOM,27,tournament_20,0.75
166,16700,54.99934482574463,56847,57053.3,ONE_POINT,100,100,RANDOM,27,tournament_20,0.75
167,16800,55.29501962661743,56675,56855.32,ONE_POINT,100,100,RANDOM,27,tournament_20,0.75
168,16900,55.610718727111816,56375,56667.6,ONE_POINT,100,100,RANDOM,27,tournament_20,0.75
169,17000,55.9354612827301,56374,56410.0,ONE_POINT,100,100,RANDOM,27,tournament_20,0.75
170,17100,56.22197675704956,56134,56230.34,ONE_POINT,100,100,RANDOM,27,tournament_20,0.75
171,17200,56.50765800476074,55915,56067.17,ONE_POINT,100,100,RANDOM,27,tournament_20,0.75
172,17300,56.81318974494934,55882,55915.23,ONE_POINT,100,100,RANDOM,27,tournament_20,0.75
173,17400,57.10087990760803,55754,55826.31,ONE_POINT,100,100,RANDOM,27,tournament_20,0.75
174,17500,57.443135499954224,55655,55717.39,ONE_POINT,100,100,RANDOM,27,tournament_20,0.75
175,17600,57.75316762924194,55557,55636.55,ONE_POINT,100,100,RANDOM,27,tournament_20,0.75
176,17700,58.07858753204346,55450,55551.57,ONE_POINT,100,100,RANDOM,27,tournament_20,0.75
177,17800,58.38600826263428,55216,55389.46,ONE_POINT,100,100,RANDOM,27,tournament_20,0.75
178,17900,58.716795206069946,55176,55213.11,ONE_POINT,100,100,RANDOM,27,tournament_20,0.75
179,18000,59.01503562927246,54942,55044.81,ONE_POINT,100,100,RANDOM,27,tournament_20,0.75
180,18100,59.30046582221985,54737,54865.88,ONE_POINT,100,100,RANDOM,27,tournament_20,0.75
181,18200,59.61235332489014,54353,54604.9,ONE_POINT,100,100,RANDOM,27,tournament_20,0.75
182,18300,59.932907819747925,54120,54307.88,ONE_POINT,100,100,RANDOM,27,tournament_20,0.75
183,18400,60.24888491630554,54120,54133.12,ONE_POINT,100,100,RANDOM,27,tournament_20,0.75
184,18500,60.533907413482666,53985,54089.61,ONE_POINT,100,100,RANDOM,27,tournament_20,0.75
185,18600,60.83272337913513,53808,53973.49,ONE_POINT,100,100,RANDOM,27,tournament_20,0.75
186,18700,61.109848737716675,53673,53799.59,ONE_POINT,100,100,RANDOM,27,tournament_20,0.75
187,18800,61.44725227355957,53524,53638.41,ONE_POINT,100,100,RANDOM,27,tournament_20,0.75
188,18900,61.7553186416626,53417,53510.58,ONE_POINT,100,100,RANDOM,27,tournament_20,0.75
189,19000,62.051743507385254,53333,53399.03,ONE_POINT,100,100,RANDOM,27,tournament_20,0.75
190,19100,62.3671441078186,53172,53300.58,ONE_POINT,100,100,RANDOM,27,tournament_20,0.75
191,19200,62.6901330947876,53058,53154.38,ONE_POINT,100,100,RANDOM,27,tournament_20,0.75
192,19300,63.01387929916382,52885,53033.7,ONE_POINT,100,100,RANDOM,27,tournament_20,0.75
193,19400,63.31185531616211,52721,52869.64,ONE_POINT,100,100,RANDOM,27,tournament_20,0.75
194,19500,63.595787048339844,52718,52734.63,ONE_POINT,100,100,RANDOM,27,tournament_20,0.75
195,19600,63.880348682403564,52588,52650.1,ONE_POINT,100,100,RANDOM,27,tournament_20,0.75
196,19700,64.22384905815125,52497,52566.96,ONE_POINT,100,100,RANDOM,27,tournament_20,0.75
197,19800,64.55752611160278,52463,52498.16,ONE_POINT,100,100,RANDOM,27,tournament_20,0.75
198,19900,64.84902858734131,52281,52413.4,ONE_POINT,100,100,RANDOM,27,tournament_20,0.75
199,20000,65.12812066078186,52131,52284.9,ONE_POINT,100,100,RANDOM,27,tournament_20,0.75
200,20100,65.45848441123962,52131,52169.13,ONE_POINT,100,100,RANDOM,27,tournament_20,0.75
201,20200,65.77731895446777,51934,52081.9,ONE_POINT,100,100,RANDOM,27,tournament_20,0.75
202,20300,66.09673261642456,51892,51946.03,ONE_POINT,100,100,RANDOM,27,tournament_20,0.75
203,20400,66.44560194015503,51808,51870.98,ONE_POINT,100,100,RANDOM,27,tournament_20,0.75
204,20500,66.76588296890259,51764,51793.41,ONE_POINT,100,100,RANDOM,27,tournament_20,0.75
205,20600,67.09706926345825,51626,51722.33,ONE_POINT,100,100,RANDOM,27,tournament_20,0.75
206,20700,67.46036577224731,51535,51604.01,ONE_POINT,100,100,RANDOM,27,tournament_20,0.75
207,20800,67.81991362571716,51384,51500.07,ONE_POINT,100,100,RANDOM,27,tournament_20,0.75
208,20900,68.13314509391785,51247,51370.13,ONE_POINT,100,100,RANDOM,27,tournament_20,0.75
209,21000,68.46749997138977,51200,51248.14,ONE_POINT,100,100,RANDOM,27,tournament_20,0.75
210,21100,68.75144720077515,51059,51143.77,ONE_POINT,100,100,RANDOM,27,tournament_20,0.75
211,21200,69.05140399932861,50852,50961.28,ONE_POINT,100,100,RANDOM,27,tournament_20,0.75
212,21300,69.34617400169373,50809,50850.31,ONE_POINT,100,100,RANDOM,27,tournament_20,0.75
213,21400,69.64043474197388,50769,50804.72,ONE_POINT,100,100,RANDOM,27,tournament_20,0.75
214,21500,69.98010182380676,50682,50743.67,ONE_POINT,100,100,RANDOM,27,tournament_20,0.75
215,21600,70.29333448410034,50570,50646.15,ONE_POINT,100,100,RANDOM,27,tournament_20,0.75
216,21700,70.57724928855896,50466,50544.72,ONE_POINT,100,100,RANDOM,27,tournament_20,0.75
217,21800,70.89827370643616,50389,50455.33,ONE_POINT,100,100,RANDOM,27,tournament_20,0.75
218,21900,71.1959879398346,50357,50387.88,ONE_POINT,100,100,RANDOM,27,tournament_20,0.75
219,22000,71.50170731544495,50277,50335.76,ONE_POINT,100,100,RANDOM,27,tournament_20,0.75
220,22100,71.83309984207153,50194,50253.69,ONE_POINT,100,100,RANDOM,27,tournament_20,0.75
221,22200,72.17689275741577,50108,50170.99,ONE_POINT,100,100,RANDOM,27,tournament_20,0.75
222,22300,72.49881339073181,50039,50085.24,ONE_POINT,100,100,RANDOM,27,tournament_20,0.75
223,22400,72.7897298336029,49937,49986.88,ONE_POINT,100,100,RANDOM,27,tournament_20,0.75
224,22500,73.09133100509644,49818,49917.74,ONE_POINT,100,100,RANDOM,27,tournament_20,0.75
225,22600,73.41908383369446,49725,49801.44,ONE_POINT,100,100,RANDOM,27,tournament_20,0.75
226,22700,73.70230722427368,49633,49716.33,ONE_POINT,100,100,RANDOM,27,tournament_20,0.75
227,22800,74.01450181007385,49592,49643.65,ONE_POINT,100,100,RANDOM,27,tournament_20,0.75
228,22900,74.310551404953,49539,49590.24,ONE_POINT,100,100,RANDOM,27,tournament_20,0.75
229,23000,74.637197971344,49329,49513.59,ONE_POINT,100,100,RANDOM,27,tournament_20,0.75
230,23100,74.95714163780212,49257,49352.57,ONE_POINT,100,100,RANDOM,27,tournament_20,0.75
231,23200,75.25832056999207,49182,49249.93,ONE_POINT,100,100,RANDOM,27,tournament_20,0.75
232,23300,75.58487033843994,49133,49175.03,ONE_POINT,100,100,RANDOM,27,tournament_20,0.75
233,23400,75.88489174842834,48998,49109.79,ONE_POINT,100,100,RANDOM,27,tournament_20,0.75
234,23500,76.20997047424316,48949,48988.03,ONE_POINT,100,100,RANDOM,27,tournament_20,0.75
235,23600,76.49636244773865,48830,48931.52,ONE_POINT,100,100,RANDOM,27,tournament_20,0.75
236,23700,76.77654433250427,48650,48794.47,ONE_POINT,100,100,RANDOM,27,tournament_20,0.75
237,23800,77.07133436203003,48621,48657.36,ONE_POINT,100,100,RANDOM,27,tournament_20,0.75
238,23900,77.35422468185425,48368,48574.23,ONE_POINT,100,100,RANDOM,27,tournament_20,0.75
239,24000,77.65311193466187,48368,48416.59,ONE_POINT,100,100,RANDOM,27,tournament_20,0.75
240,24100,77.94127488136292,48185,48325.16,ONE_POINT,100,100,RANDOM,27,tournament_20,0.75
241,24200,78.28322410583496,48177,48198.59,ONE_POINT,100,100,RANDOM,27,tournament_20,0.75
242,24300,78.61797642707825,48048,48165.81,ONE_POINT,100,100,RANDOM,27,tournament_20,0.75
243,24400,78.95936131477356,47999,48060.9,ONE_POINT,100,100,RANDOM,27,tournament_20,0.75
244,24500,79.2930097579956,47949,47999.5,ONE_POINT,100,100,RANDOM,27,tournament_20,0.75
245,24600,79.6034951210022,47896,47942.32,ONE_POINT,100,100,RANDOM,27,tournament_20,0.75
246,24700,79.88696265220642,47854,47886.29,ONE_POINT,100,100,RANDOM,27,tournament_20,0.75
247,24800,80.19582843780518,47805,47839.99,ONE_POINT,100,100,RANDOM,27,tournament_20,0.75
248,24900,80.48401951789856,47776,47802.16,ONE_POINT,100,100,RANDOM,27,tournament_20,0.75
249,25000,80.78938889503479,47673,47762.11,ONE_POINT,100,100,RANDOM,27,tournament_20,0.75
250,25100,81.10452461242676,47589,47669.31,ONE_POINT,100,100,RANDOM,27,tournament_20,0.75
251,25200,81.42739176750183,47455,47589.18,ONE_POINT,100,100,RANDOM,27,tournament_20,0.75
252,25300,81.71203947067261,47427,47466.58,ONE_POINT,100,100,RANDOM,27,tournament_20,0.75
253,25400,82.07859134674072,47196,47307.68,ONE_POINT,100,100,RANDOM,27,tournament_20,0.75
254,25500,82.39714336395264,47114,47181.26,ONE_POINT,100,100,RANDOM,27,tournament_20,0.75
255,25600,82.72406148910522,46969,47086.06,ONE_POINT,100,100,RANDOM,27,tournament_20,0.75
256,25700,83.08344650268555,46863,46949.61,ONE_POINT,100,100,RANDOM,27,tournament_20,0.75
257,25800,83.36838555335999,46770,46840.52,ONE_POINT,100,100,RANDOM,27,tournament_20,0.75
258,25900,83.64971899986267,46732,46765.82,ONE_POINT,100,100,RANDOM,27,tournament_20,0.75
259,26000,83.9610161781311,46649,46701.47,ONE_POINT,100,100,RANDOM,27,tournament_20,0.75
260,26100,84.24236464500427,46523,46609.37,ONE_POINT,100,100,RANDOM,27,tournament_20,0.75
261,26200,84.54012727737427,46496,46528.87,ONE_POINT,100,100,RANDOM,27,tournament_20,0.75
262,26300,84.82713532447815,46327,46456.61,ONE_POINT,100,100,RANDOM,27,tournament_20,0.75
263,26400,85.149080991745,46311,46334.91,ONE_POINT,100,100,RANDOM,27,tournament_20,0.75
264,26500,85.45464181900024,46177,46286.72,ONE_POINT,100,100,RANDOM,27,tournament_20,0.75
265,26600,85.76777076721191,46140,46174.56,ONE_POINT,100,100,RANDOM,27,tournament_20,0.75
266,26700,86.06338596343994,46057,46125.32,ONE_POINT,100,100,RANDOM,27,tournament_20,0.75
267,26800,86.40049886703491,45885,46022.26,ONE_POINT,100,100,RANDOM,27,tournament_20,0.75
268,26900,86.71162724494934,45860,45891.08,ONE_POINT,100,100,RANDOM,27,tournament_20,0.75
269,27000,87.0025520324707,45809,45848.66,ONE_POINT,100,100,RANDOM,27,tournament_20,0.75
270,27100,87.30304169654846,45686,45772.52,ONE_POINT,100,100,RANDOM,27,tournament_20,0.75
271,27200,87.65664672851562,45560,45652.83,ONE_POINT,100,100,RANDOM,27,tournament_20,0.75
272,27300,87.95885467529297,45394,45531.06,ONE_POINT,100,100,RANDOM,27,tournament_20,0.75
273,27400,88.2540545463562,45324,45394.73,ONE_POINT,100,100,RANDOM,27,tournament_20,0.75
274,27500,88.58152985572815,45246,45289.93,ONE_POINT,100,100,RANDOM,27,tournament_20,0.75
275,27600,88.88413906097412,45102,45180.99,ONE_POINT,100,100,RANDOM,27,tournament_20,0.75
276,27700,89.21805906295776,45054,45097.33,ONE_POINT,100,100,RANDOM,27,tournament_20,0.75
277,27800,89.53344440460205,45038,45059.2,ONE_POINT,100,100,RANDOM,27,tournament_20,0.75
278,27900,89.87812066078186,44924,44997.11,ONE_POINT,100,100,RANDOM,27,tournament_20,0.75
279,28000,90.18069767951965,44893,44919.27,ONE_POINT,100,100,RANDOM,27,tournament_20,0.75
280,28100,90.51084065437317,44731,44843.58,ONE_POINT,100,100,RANDOM,27,tournament_20,0.75
281,28200,90.81164002418518,44666,44738.62,ONE_POINT,100,100,RANDOM,27,tournament_20,0.75
282,28300,91.11445045471191,44429,44654.38,ONE_POINT,100,100,RANDOM,27,tournament_20,0.75
283,28400,91.45919632911682,44428,44453.32,ONE_POINT,100,100,RANDOM,27,tournament_20,0.75
284,28500,91.75262761116028,44359,44411.51,ONE_POINT,100,100,RANDOM,27,tournament_20,0.75
285,28600,92.06713438034058,44343,44358.78,ONE_POINT,100,100,RANDOM,27,tournament_20,0.75
286,28700,92.37785124778748,44219,44289.18,ONE_POINT,100,100,RANDOM,27,tournament_20,0.75
287,28800,92.68841552734375,44180,44212.7,ONE_POINT,100,100,RANDOM,27,tournament_20,0.75
288,28900,93.00300669670105,44069,44153.65,ONE_POINT,100,100,RANDOM,27,tournament_20,0.75
289,29000,93.29249119758606,43901,44045.97,ONE_POINT,100,100,RANDOM,27,tournament_20,0.75
290,29100,93.6488869190216,43761,43901.13,ONE_POINT,100,100,RANDOM,27,tournament_20,0.75
291,29200,93.9595582485199,43740,43763.59,ONE_POINT,100,100,RANDOM,27,tournament_20,0.75
292,29300,94.29851245880127,43719,43736.05,ONE_POINT,100,100,RANDOM,27,tournament_20,0.75
293,29400,94.63290858268738,43427,43652.98,ONE_POINT,100,100,RANDOM,27,tournament_20,0.75
294,29500,94.92897415161133,43390,43447.17,ONE_POINT,100,100,RANDOM,27,tournament_20,0.75
295,29600,95.2482328414917,43371,43393.68,ONE_POINT,100,100,RANDOM,27,tournament_20,0.75
296,29700,95.53450584411621,43344,43365.16,ONE_POINT,100,100,RANDOM,27,tournament_20,0.75
297,29800,95.84119701385498,43254,43317.98,ONE_POINT,100,100,RANDOM,27,tournament_20,0.75
298,29900,96.13210797309875,43179,43245.65,ONE_POINT,100,100,RANDOM,27,tournament_20,0.75
299,30000,96.41996574401855,43179,43192.51,ONE_POINT,100,100,RANDOM,27,tournament_20,0.75
300,30100,96.71161603927612,43089,43166.09,ONE_POINT,100,100,RANDOM,27,tournament_20,0.75
301,30200,97.01017355918884,43031,43099.72,ONE_POINT,100,100,RANDOM,27,tournament_20,0.75
302,30300,97.30602097511292,42976,43033.16,ONE_POINT,100,100,RANDOM,27,tournament_20,0.75
303,30400,97.64604949951172,42974,42986.46,ONE_POINT,100,100,RANDOM,27,tournament_20,0.75
304,30500,97.9527063369751,42961,42972.52,ONE_POINT,100,100,RANDOM,27,tournament_20,0.75
305,30600,98.28045344352722,42924,42951.71,ONE_POINT,100,100,RANDOM,27,tournament_20,0.75
306,30700,98.62689709663391,42877,42915.29,ONE_POINT,100,100,RANDOM,27,tournament_20,0.75
307,30800,98.9521222114563,42797,42867.02,ONE_POINT,100,100,RANDOM,27,tournament_20,0.75
308,30900,99.26650524139404,42797,42810.17,ONE_POINT,100,100,RANDOM,27,tournament_20,0.75
309,31000,99.60392618179321,42652,42775.95,ONE_POINT,100,100,RANDOM,27,tournament_20,0.75
310,31100,99.99417972564697,42566,42651.73,ONE_POINT,100,100,RANDOM,27,tournament_20,0.75
311,31200,100.35653114318848,42342,42541.94,ONE_POINT,100,100,RANDOM,27,tournament_20,0.75
312,31300,100.74390316009521,42299,42349.66,ONE_POINT,100,100,RANDOM,27,tournament_20,0.75
313,31400,101.118816614151,42299,42302.58,ONE_POINT,100,100,RANDOM,27,tournament_20,0.75
314,31500,101.41565012931824,42289,42298.0,ONE_POINT,100,100,RANDOM,27,tournament_20,0.75
315,31600,101.71843552589417,42211,42279.25,ONE_POINT,100,100,RANDOM,27,tournament_20,0.75
316,31700,102.04186868667603,42211,42226.11,ONE_POINT,100,100,RANDOM,27,tournament_20,0.75
317,31800,102.34954190254211,42186,42204.2,ONE_POINT,100,100,RANDOM,27,tournament_20,0.75
318,31900,102.6648006439209,42077,42167.7,ONE_POINT,100,100,RANDOM,27,tournament_20,0.75
319,32000,103.03810000419617,42077,42086.88,ONE_POINT,100,100,RANDOM,27,tournament_20,0.75
320,32100,103.42842102050781,41983,42025.84,ONE_POINT,100,100,RANDOM,27,tournament_20,0.75
321,32200,103.76433610916138,41813,41950.62,ONE_POINT,100,100,RANDOM,27,tournament_20,0.75
322,32300,104.1305558681488,41813,41822.73,ONE_POINT,100,100,RANDOM,27,tournament_20,0.75
323,32400,104.44481205940247,41707,41795.39,ONE_POINT,100,100,RANDOM,27,tournament_20,0.75
324,32500,104.76351475715637,41692,41724.37,ONE_POINT,100,100,RANDOM,27,tournament_20,0.75
325,32600,105.09121322631836,41630,41676.2,ONE_POINT,100,100,RANDOM,27,tournament_20,0.75
326,32700,105.43193459510803,41436,41616.24,ONE_POINT,100,100,RANDOM,27,tournament_20,0.75
327,32800,105.77953600883484,41407,41461.51,ONE_POINT,100,100,RANDOM,27,tournament_20,0.75
328,32900,106.1057460308075,41340,41395.0,ONE_POINT,100,100,RANDOM,27,tournament_20,0.75
329,33000,106.44352865219116,41236,41338.13,ONE_POINT,100,100,RANDOM,27,tournament_20,0.75
330,33100,106.78044366836548,41228,41256.88,ONE_POINT,100,100,RANDOM,27,tournament_20,0.75
331,33200,107.12594842910767,41203,41223.45,ONE_POINT,100,100,RANDOM,27,tournament_20,0.75
332,33300,107.4601080417633,41145,41193.25,ONE_POINT,100,100,RANDOM,27,tournament_20,0.75
333,33400,107.79985666275024,41128,41145.74,ONE_POINT,100,100,RANDOM,27,tournament_20,0.75
334,33500,108.15024447441101,41065,41118.43,ONE_POINT,100,100,RANDOM,27,tournament_20,0.75
335,33600,108.59089016914368,41065,41073.24,ONE_POINT,100,100,RANDOM,27,tournament_20,0.75
336,33700,108.98887324333191,40991,41050.71,ONE_POINT,100,100,RANDOM,27,tournament_20,0.75
337,33800,109.3059949874878,40954,40989.11,ONE_POINT,100,100,RANDOM,27,tournament_20,0.75
338,33900,109.64596009254456,40902,40947.35,ONE_POINT,100,100,RANDOM,27,tournament_20,0.75
339,34000,109.99467420578003,40902,40907.1,ONE_POINT,100,100,RANDOM,27,tournament_20,0.75
340,34100,110.34779763221741,40865,40893.37,ONE_POINT,100,100,RANDOM,27,tournament_20,0.75
341,34200,110.70426225662231,40819,40862.07,ONE_POINT,100,100,RANDOM,27,tournament_20,0.75
342,34300,111.03015184402466,40819,40824.9,ONE_POINT,100,100,RANDOM,27,tournament_20,0.75
343,34400,111.4175877571106,40782,40806.74,ONE_POINT,100,100,RANDOM,27,tournament_20,0.75
344,34500,111.78671765327454,40738,40767.48,ONE_POINT,100,100,RANDOM,27,tournament_20,0.75
345,34600,112.09163117408752,40729,40736.27,ONE_POINT,100,100,RANDOM,27,tournament_20,0.75
346,34700,112.40009832382202,40666,40711.93,ONE_POINT,100,100,RANDOM,27,tournament_20,0.75
347,34800,112.75695371627808,40573,40651.59,ONE_POINT,100,100,RANDOM,27,tournament_20,0.75
348,34900,113.07809567451477,40565,40580.92,ONE_POINT,100,100,RANDOM,27,tournament_20,0.75
349,35000,113.39643144607544,40520,40553.66,ONE_POINT,100,100,RANDOM,27,tournament_20,0.75
350,35100,113.75065588951111,40433,40494.04,ONE_POINT,100,100,RANDOM,27,tournament_20,0.75
351,35200,114.09134817123413,40391,40421.0,ONE_POINT,100,100,RANDOM,27,tournament_20,0.75
352,35300,114.4208173751831,40214,40360.18,ONE_POINT,100,100,RANDOM,27,tournament_20,0.75
353,35400,114.76277804374695,40214,40239.88,ONE_POINT,100,100,RANDOM,27,tournament_20,0.75
354,35500,115.11956858634949,40214,40214.0,ONE_POINT,100,100,RANDOM,27,tournament_20,0.75
355,35600,115.45216345787048,40175,40200.21,ONE_POINT,100,100,RANDOM,27,tournament_20,0.75
356,35700,115.82023024559021,40162,40172.43,ONE_POINT,100,100,RANDOM,27,tournament_20,0.75
357,35800,116.13871479034424,40115,40152.9,ONE_POINT,100,100,RANDOM,27,tournament_20,0.75
358,35900,116.48651838302612,40070,40115.64,ONE_POINT,100,100,RANDOM,27,tournament_20,0.75
359,36000,116.82897901535034,40053,40074.4,ONE_POINT,100,100,RANDOM,27,tournament_20,0.75
360,36100,117.2098650932312,40000,40047.16,ONE_POINT,100,100,RANDOM,27,tournament_20,0.75
361,36200,117.53028345108032,39983,40005.71,ONE_POINT,100,100,RANDOM,27,tournament_20,0.75
362,36300,117.85988211631775,39975,39982.54,ONE_POINT,100,100,RANDOM,27,tournament_20,0.75
363,36400,118.18978977203369,39973,39975.08,ONE_POINT,100,100,RANDOM,27,tournament_20,0.75
364,36500,118.5221016407013,39948,39968.9,ONE_POINT,100,100,RANDOM,27,tournament_20,0.75
365,36600,118.85065174102783,39922,39944.52,ONE_POINT,100,100,RANDOM,27,tournament_20,0.75
366,36700,119.18327164649963,39912,39922.53,ONE_POINT,100,100,RANDOM,27,tournament_20,0.75
367,36800,119.52474761009216,39866,39907.18,ONE_POINT,100,100,RANDOM,27,tournament_20,0.75
368,36900,119.82906174659729,39753,39846.29,ONE_POINT,100,100,RANDOM,27,tournament_20,0.75
369,37000,120.10818195343018,39753,39765.41,ONE_POINT,100,100,RANDOM,27,tournament_20,0.75
370,37100,120.42979264259338,39730,39748.32,ONE_POINT,100,100,RANDOM,27,tournament_20,0.75
371,37200,120.72614932060242,39639,39721.7,ONE_POINT,100,100,RANDOM,27,tournament_20,0.75
372,37300,121.03865098953247,39616,39654.25,ONE_POINT,100,100,RANDOM,27,tournament_20,0.75
373,37400,121.32991766929626,39508,39603.14,ONE_POINT,100,100,RANDOM,27,tournament_20,0.75
374,37500,121.65165638923645,39508,39523.4,ONE_POINT,100,100,RANDOM,27,tournament_20,0.75
375,37600,121.99130702018738,39468,39497.46,ONE_POINT,100,100,RANDOM,27,tournament_20,0.75
376,37700,122.32296562194824,39405,39459.54,ONE_POINT,100,100,RANDOM,27,tournament_20,0.75
377,37800,122.63394498825073,39405,39413.04,ONE_POINT,100,100,RANDOM,27,tournament_20,0.75
378,37900,122.96870708465576,39362,39393.9,ONE_POINT,100,100,RANDOM,27,tournament_20,0.75
379,38000,123.29817366600037,39338,39362.24,ONE_POINT,100,100,RANDOM,27,tournament_20,0.75
380,38100,123.64315438270569,39330,39338.74,ONE_POINT,100,100,RANDOM,27,tournament_20,0.75
381,38200,123.97808742523193,39288,39317.45,ONE_POINT,100,100,RANDOM,27,tournament_20,0.75
382,38300,124.30839514732361,39262,39282.53,ONE_POINT,100,100,RANDOM,27,tournament_20,0.75
383,38400,124.62816905975342,39228,39257.69,ONE_POINT,100,100,RANDOM,27,tournament_20,0.75
384,38500,124.9621069431305,39202,39229.94,ONE_POINT,100,100,RANDOM,27,tournament_20,0.75
385,38600,125.30462336540222,39178,39198.74,ONE_POINT,100,100,RANDOM,27,tournament_20,0.75
386,38700,125.6394510269165,39164,39177.6,ONE_POINT,100,100,RANDOM,27,tournament_20,0.75
387,38800,125.93005037307739,39139,39163.62,ONE_POINT,100,100,RANDOM,27,tournament_20,0.75
388,38900,126.23028063774109,39121,39138.12,ONE_POINT,100,100,RANDOM,27,tournament_20,0.75
389,39000,126.53292655944824,39096,39119.72,ONE_POINT,100,100,RANDOM,27,tournament_20,0.75
390,39100,126.8153030872345,39096,39098.05,ONE_POINT,100,100,RANDOM,27,tournament_20,0.75
391,39200,127.14904117584229,39072,39089.38,ONE_POINT,100,100,RANDOM,27,tournament_20,0.75
392,39300,127.44683146476746,39057,39070.54,ONE_POINT,100,100,RANDOM,27,tournament_20,0.75
393,39400,127.75697231292725,39045,39055.81,ONE_POINT,100,100,RANDOM,27,tournament_20,0.75
394,39500,128.06023025512695,38977,39021.55,ONE_POINT,100,100,RANDOM,27,tournament_20,0.75
395,39600,128.36931943893433,38906,38958.17,ONE_POINT,100,100,RANDOM,27,tournament_20,0.75
396,39700,128.67039442062378,38900,38909.3,ONE_POINT,100,100,RANDOM,27,tournament_20,0.75
397,39800,128.98848342895508,38837,38892.09,ONE_POINT,100,100,RANDOM,27,tournament_20,0.75
398,39900,129.30559873580933,38831,38845.71,ONE_POINT,100,100,RANDOM,27,tournament_20,0.75
399,40000,129.6198091506958,38815,38829.58,ONE_POINT,100,100,RANDOM,27,tournament_20,0.75
400,40100,129.91903686523438,38754,38811.56,ONE_POINT,100,100,RANDOM,27,tournament_20,0.75
401,40200,130.24282145500183,38732,38758.78,ONE_POINT,100,100,RANDOM,27,tournament_20,0.75
402,40300,130.5571267604828,38705,38725.82,ONE_POINT,100,100,RANDOM,27,tournament_20,0.75
403,40400,130.91499853134155,38705,38706.91,ONE_POINT,100,100,RANDOM,27,tournament_20,0.75
404,40500,131.24145531654358,38680,38700.9,ONE_POINT,100,100,RANDOM,27,tournament_20,0.75
405,40600,131.55641651153564,38670,38680.9,ONE_POINT,100,100,RANDOM,27,tournament_20,0.75
406,40700,131.91104674339294,38664,38671.46,ONE_POINT,100,100,RANDOM,27,tournament_20,0.75
407,40800,132.24269247055054,38645,38657.03,ONE_POINT,100,100,RANDOM,27,tournament_20,0.75
408,40900,132.5763828754425,38645,38645.0,ONE_POINT,100,100,RANDOM,27,tournament_20,0.75
409,41000,132.8973159790039,38579,38638.4,ONE_POINT,100,100,RANDOM,27,tournament_20,0.75
410,41100,133.2456452846527,38569,38587.15,ONE_POINT,100,100,RANDOM,27,tournament_20,0.75
411,41200,133.5670931339264,38253,38536.05,ONE_POINT,100,100,RANDOM,27,tournament_20,0.75
412,41300,133.8620593547821,38170,38319.37,ONE_POINT,100,100,RANDOM,27,tournament_20,0.75
413,41400,134.160258769989,38156,38177.02,ONE_POINT,100,100,RANDOM,27,tournament_20,0.75
414,41500,134.45335984230042,38074,38146.61,ONE_POINT,100,100,RANDOM,27,tournament_20,0.75
415,41600,134.75641775131226,38074,38089.9,ONE_POINT,100,100,RANDOM,27,tournament_20,0.75
416,41700,135.1096851825714,38012,38063.82,ONE_POINT,100,100,RANDOM,27,tournament_20,0.75
417,41800,135.4366900920868,38012,38021.26,ONE_POINT,100,100,RANDOM,27,tournament_20,0.75
418,41900,135.76373410224915,37980,38004.57,ONE_POINT,100,100,RANDOM,27,tournament_20,0.75
419,42000,136.06452107429504,37980,37980.75,ONE_POINT,100,100,RANDOM,27,tournament_20,0.75
420,42100,136.4057264328003,37949,37973.98,ONE_POINT,100,100,RANDOM,27,tournament_20,0.75
421,42200,136.7018277645111,37949,37952.43,ONE_POINT,100,100,RANDOM,27,tournament_20,0.75
422,42300,137.03046536445618,37930,37939.69,ONE_POINT,100,100,RANDOM,27,tournament_20,0.75
423,42400,137.3653438091278,37930,37930.0,ONE_POINT,100,100,RANDOM,27,tournament_20,0.75
424,42500,137.70426607131958,37925,37929.32,ONE_POINT,100,100,RANDOM,27,tournament_20,0.75
425,42600,138.0101339817047,37820,37914.08,ONE_POINT,100,100,RANDOM,27,tournament_20,0.75
426,42700,138.34666895866394,37820,37844.84,ONE_POINT,100,100,RANDOM,27,tournament_20,0.75
427,42800,138.67603707313538,37804,37815.11,ONE_POINT,100,100,RANDOM,27,tournament_20,0.75
428,42900,139.00633096694946,37762,37798.61,ONE_POINT,100,100,RANDOM,27,tournament_20,0.75
429,43000,139.29341864585876,37733,37765.4,ONE_POINT,100,100,RANDOM,27,tournament_20,0.75
430,43100,139.6059329509735,37733,37738.52,ONE_POINT,100,100,RANDOM,27,tournament_20,0.75
431,43200,139.89362621307373,37716,37731.3,ONE_POINT,100,100,RANDOM,27,tournament_20,0.75
432,43300,140.18082356452942,37685,37712.44,ONE_POINT,100,100,RANDOM,27,tournament_20,0.75
433,43400,140.48555326461792,37639,37677.66,ONE_POINT,100,100,RANDOM,27,tournament_20,0.75
434,43500,140.8097698688507,37639,37646.51,ONE_POINT,100,100,RANDOM,27,tournament_20,0.75
435,43600,141.1159691810608,37608,37634.19,ONE_POINT,100,100,RANDOM,27,tournament_20,0.75
436,43700,141.45681500434875,37608,37611.95,ONE_POINT,100,100,RANDOM,27,tournament_20,0.75
437,43800,141.76625537872314,37575,37603.76,ONE_POINT,100,100,RANDOM,27,tournament_20,0.75
438,43900,142.09950470924377,37561,37574.95,ONE_POINT,100,100,RANDOM,27,tournament_20,0.75
439,44000,142.44925832748413,37561,37563.37,ONE_POINT,100,100,RANDOM,27,tournament_20,0.75
440,44100,142.77479720115662,37534,37552.12,ONE_POINT,100,100,RANDOM,27,tournament_20,0.75
441,44200,143.09392261505127,37519,37529.69,ONE_POINT,100,100,RANDOM,27,tournament_20,0.75
442,44300,143.38417172431946,37491,37507.94,ONE_POINT,100,100,RANDOM,27,tournament_20,0.75
443,44400,143.69984769821167,37458,37480.75,ONE_POINT,100,100,RANDOM,27,tournament_20,0.75
444,44500,144.01489233970642,37400,37450.27,ONE_POINT,100,100,RANDOM,27,tournament_20,0.75
445,44600,144.3274953365326,37400,37410.76,ONE_POINT,100,100,RANDOM,27,tournament_20,0.75
446,44700,144.62670254707336,37399,37399.76,ONE_POINT,100,100,RANDOM,27,tournament_20,0.75
447,44800,144.93822169303894,37375,37396.63,ONE_POINT,100,100,RANDOM,27,tournament_20,0.75
448,44900,145.22339415550232,37375,37379.81,ONE_POINT,100,100,RANDOM,27,tournament_20,0.75
449,45000,145.54489421844482,37348,37368.39,ONE_POINT,100,100,RANDOM,27,tournament_20,0.75
450,45100,145.8962230682373,37344,37348.71,ONE_POINT,100,100,RANDOM,27,tournament_20,0.75
451,45200,146.2101891040802,37325,37340.05,ONE_POINT,100,100,RANDOM,27,tournament_20,0.75
452,45300,146.51247668266296,37318,37324.3,ONE_POINT,100,100,RANDOM,27,tournament_20,0.75
453,45400,146.9025959968567,37318,37320.24,ONE_POINT,100,100,RANDOM,27,tournament_20,0.75
454,45500,147.22255992889404,37232,37303.75,ONE_POINT,100,100,RANDOM,27,tournament_20,0.75
455,45600,147.5680468082428,37222,37242.0,ONE_POINT,100,100,RANDOM,27,tournament_20,0.75
456,45700,147.89873385429382,37158,37204.6,ONE_POINT,100,100,RANDOM,27,tournament_20,0.75
457,45800,148.22177028656006,37112,37159.29,ONE_POINT,100,100,RANDOM,27,tournament_20,0.75
458,45900,148.55406188964844,37069,37114.8,ONE_POINT,100,100,RANDOM,27,tournament_20,0.75
459,46000,148.85616159439087,37069,37076.74,ONE_POINT,100,100,RANDOM,27,tournament_20,0.75
460,46100,149.1525182723999,37027,37062.64,ONE_POINT,100,100,RANDOM,27,tournament_20,0.75
461,46200,149.45380568504333,37027,37034.78,ONE_POINT,100,100,RANDOM,27,tournament_20,0.75
462,46300,149.7651388645172,37013,37025.36,ONE_POINT,100,100,RANDOM,27,tournament_20,0.75
463,46400,150.06096816062927,36981,37007.92,ONE_POINT,100,100,RANDOM,27,tournament_20,0.75
464,46500,150.36996221542358,36965,36982.66,ONE_POINT,100,100,RANDOM,27,tournament_20,0.75
465,46600,150.69448137283325,36919,36952.68,ONE_POINT,100,100,RANDOM,27,tournament_20,0.75
466,46700,150.98492574691772,36885,36914.13,ONE_POINT,100,100,RANDOM,27,tournament_20,0.75
467,46800,151.27762055397034,36885,36888.1,ONE_POINT,100,100,RANDOM,27,tournament_20,0.75
468,46900,151.58147883415222,36847,36881.2,ONE_POINT,100,100,RANDOM,27,tournament_20,0.75
469,47000,151.90606331825256,36847,36850.98,ONE_POINT,100,100,RANDOM,27,tournament_20,0.75
470,47100,152.2102174758911,36836,36844.92,ONE_POINT,100,100,RANDOM,27,tournament_20,0.75
471,47200,152.52592539787292,36821,36828.87,ONE_POINT,100,100,RANDOM,27,tournament_20,0.75
472,47300,152.87014842033386,36785,36813.81,ONE_POINT,100,100,RANDOM,27,tournament_20,0.75
473,47400,153.18670558929443,36754,36779.75,ONE_POINT,100,100,RANDOM,27,tournament_20,0.75
474,47500,153.49295568466187,36754,36754.62,ONE_POINT,100,100,RANDOM,27,tournament_20,0.75
475,47600,153.79024410247803,36734,36751.34,ONE_POINT,100,100,RANDOM,27,tournament_20,0.75
476,47700,154.1023678779602,36726,36734.7,ONE_POINT,100,100,RANDOM,27,tournament_20,0.75
477,47800,154.39101552963257,36640,36712.57,ONE_POINT,100,100,RANDOM,27,tournament_20,0.75
478,47900,154.6950123310089,36620,36647.51,ONE_POINT,100,100,RANDOM,27,tournament_20,0.75
479,48000,155.0218963623047,36586,36612.99,ONE_POINT,100,100,RANDOM,27,tournament_20,0.75
480,48100,155.31550455093384,36586,36586.8,ONE_POINT,100,100,RANDOM,27,tournament_20,0.75
481,48200,155.60390639305115,36568,36584.2,ONE_POINT,100,100,RANDOM,27,tournament_20,0.75
482,48300,155.89731240272522,36568,36571.42,ONE_POINT,100,100,RANDOM,27,tournament_20,0.75
483,48400,156.22255945205688,36541,36563.15,ONE_POINT,100,100,RANDOM,27,tournament_20,0.75
484,48500,156.57613277435303,36535,36543.83,ONE_POINT,100,100,RANDOM,27,tournament_20,0.75
485,48600,156.92208790779114,36519,36531.01,ONE_POINT,100,100,RANDOM,27,tournament_20,0.75
486,48700,157.2477195262909,36505,36518.55,ONE_POINT,100,100,RANDOM,27,tournament_20,0.75
487,48800,157.60272645950317,36492,36503.76,ONE_POINT,100,100,RANDOM,27,tournament_20,0.75
488,48900,157.9173424243927,36411,36476.39,ONE_POINT,100,100,RANDOM,27,tournament_20,0.75
489,49000,158.2448127269745,36395,36418.55,ONE_POINT,100,100,RANDOM,27,tournament_20,0.75
490,49100,158.54951763153076,36383,36397.74,ONE_POINT,100,100,RANDOM,27,tournament_20,0.75
491,49200,158.86249423027039,36335,36380.96,ONE_POINT,100,100,RANDOM,27,tournament_20,0.75
492,49300,159.19834756851196,36333,36347.7,ONE_POINT,100,100,RANDOM,27,tournament_20,0.75
493,49400,159.5281331539154,36309,36325.86,ONE_POINT,100,100,RANDOM,27,tournament_20,0.75
494,49500,159.81305837631226,36304,36308.02,ONE_POINT,100,100,RANDOM,27,tournament_20,0.75
495,49600,160.12664079666138,36304,36304.45,ONE_POINT,100,100,RANDOM,27,tournament_20,0.75
496,49700,160.41256666183472,36290,36302.51,ONE_POINT,100,100,RANDOM,27,tournament_20,0.75
497,49800,160.7021336555481,36290,36291.85,ONE_POINT,100,100,RANDOM,27,tournament_20,0.75
498,49900,160.99296855926514,36269,36285.26,ONE_POINT,100,100,RANDOM,27,tournament_20,0.75
499,50000,161.3022358417511,36269,36269.73,ONE_POINT,100,100,RANDOM,27,tournament_20,0.75
500,50100,161.62858605384827,36236,36261.49,ONE_POINT,100,100,RANDOM,27,tournament_20,0.75
1,200,0.20530462265014648,135352,138000.85,ONE_POINT,100,100,RANDOM,28,tournament_20,0.75
2,300,0.5887291431427002,128700,132612.95,ONE_POINT,100,100,RANDOM,28,tournament_20,0.75
3,400,0.9235737323760986,125331,127761.31,ONE_POINT,100,100,RANDOM,28,tournament_20,0.75
4,500,1.2575533390045166,121357,124782.04,ONE_POINT,100,100,RANDOM,28,tournament_20,0.75
5,600,1.5820653438568115,119679,121078.93,ONE_POINT,100,100,RANDOM,28,tournament_20,0.75
6,700,1.908560037612915,118224,119393.07,ONE_POINT,100,100,RANDOM,28,tournament_20,0.75
7,800,2.24079966545105,117684,118172.52,ONE_POINT,100,100,RANDOM,28,tournament_20,0.75
8,900,2.580721378326416,116410,117428.21,ONE_POINT,100,100,RANDOM,28,tournament_20,0.75
9,1000,2.8803417682647705,116155,116453.3,ONE_POINT,100,100,RANDOM,28,tournament_20,0.75
10,1100,3.205353260040283,115420,115921.17,ONE_POINT,100,100,RANDOM,28,tournament_20,0.75
11,1200,3.5161917209625244,115015,115252.16,ONE_POINT,100,100,RANDOM,28,tournament_20,0.75
12,1300,3.8455910682678223,112749,114250.41,ONE_POINT,100,100,RANDOM,28,tournament_20,0.75
13,1400,4.129094362258911,111860,112805.23,ONE_POINT,100,100,RANDOM,28,tournament_20,0.75
14,1500,4.432044267654419,111659,111924.97,ONE_POINT,100,100,RANDOM,28,tournament_20,0.75
15,1600,4.737696647644043,110901,111582.67,ONE_POINT,100,100,RANDOM,28,tournament_20,0.75
16,1700,5.048160552978516,110492,110926.35,ONE_POINT,100,100,RANDOM,28,tournament_20,0.75
17,1800,5.378787517547607,109972,110360.04,ONE_POINT,100,100,RANDOM,28,tournament_20,0.75
18,1900,5.694755792617798,109514,109707.54,ONE_POINT,100,100,RANDOM,28,tournament_20,0.75
19,2000,6.019011974334717,108712,109095.35,ONE_POINT,100,100,RANDOM,28,tournament_20,0.75
20,2100,6.311432600021362,107977,108312.13,ONE_POINT,100,100,RANDOM,28,tournament_20,0.75
21,2200,6.623406410217285,107300,107635.89,ONE_POINT,100,100,RANDOM,28,tournament_20,0.75
22,2300,6.9338178634643555,105965,106812.06,ONE_POINT,100,100,RANDOM,28,tournament_20,0.75
23,2400,7.269315004348755,105343,105937.34,ONE_POINT,100,100,RANDOM,28,tournament_20,0.75
24,2500,7.577751159667969,105067,105313.32,ONE_POINT,100,100,RANDOM,28,tournament_20,0.75
25,2600,7.866368055343628,104371,104756.57,ONE_POINT,100,100,RANDOM,28,tournament_20,0.75
26,2700,8.159516334533691,103502,104105.34,ONE_POINT,100,100,RANDOM,28,tournament_20,0.75
27,2800,8.487684726715088,102842,103416.61,ONE_POINT,100,100,RANDOM,28,tournament_20,0.75
28,2900,8.82499885559082,102248,102618.06,ONE_POINT,100,100,RANDOM,28,tournament_20,0.75
29,3000,9.11348032951355,101224,101968.27,ONE_POINT,100,100,RANDOM,28,tournament_20,0.75
30,3100,9.435845136642456,100997,101234.8,ONE_POINT,100,100,RANDOM,28,tournament_20,0.75
31,3200,9.74851393699646,100095,100649.38,ONE_POINT,100,100,RANDOM,28,tournament_20,0.75
32,3300,10.066161632537842,99643,99933.99,ONE_POINT,100,100,RANDOM,28,tournament_20,0.75
33,3400,10.357082843780518,98578,99329.68,ONE_POINT,100,100,RANDOM,28,tournament_20,0.75
34,3500,10.682906150817871,98321,98575.83,ONE_POINT,100,100,RANDOM,28,tournament_20,0.75
35,3600,11.021061420440674,97359,97926.06,ONE_POINT,100,100,RANDOM,28,tournament_20,0.75
36,3700,11.362775802612305,97146,97324.75,ONE_POINT,100,100,RANDOM,28,tournament_20,0.75
37,3800,11.65687346458435,96701,96971.84,ONE_POINT,100,100,RANDOM,28,tournament_20,0.75
38,3900,11.994359016418457,95795,96449.66,ONE_POINT,100,100,RANDOM,28,tournament_20,0.75
39,4000,12.318328619003296,94935,95736.5,ONE_POINT,100,100,RANDOM,28,tournament_20,0.75
40,4100,12.642855644226074,94508,94873.36,ONE_POINT,100,100,RANDOM,28,tournament_20,0.75
41,4200,12.967635154724121,93642,94132.57,ONE_POINT,100,100,RANDOM,28,tournament_20,0.75
42,4300,13.261995792388916,93408,93584.19,ONE_POINT,100,100,RANDOM,28,tournament_20,0.75
43,4400,13.574135541915894,91690,93034.04,ONE_POINT,100,100,RANDOM,28,tournament_20,0.75
44,4500,13.869323968887329,91506,91788.27,ONE_POINT,100,100,RANDOM,28,tournament_20,0.75
45,4600,14.156662464141846,91294,91444.79,ONE_POINT,100,100,RANDOM,28,tournament_20,0.75
46,4700,14.52223825454712,90247,91045.97,ONE_POINT,100,100,RANDOM,28,tournament_20,0.75
47,4800,14.810725927352905,89874,90253.73,ONE_POINT,100,100,RANDOM,28,tournament_20,0.75
48,4900,15.094874858856201,89605,89821.99,ONE_POINT,100,100,RANDOM,28,tournament_20,0.75
49,5000,15.423195600509644,89232,89502.2,ONE_POINT,100,100,RANDOM,28,tournament_20,0.75
50,5100,15.759042263031006,88642,89096.43,ONE_POINT,100,100,RANDOM,28,tournament_20,0.75
51,5200,16.083849906921387,88355,88560.59,ONE_POINT,100,100,RANDOM,28,tournament_20,0.75
52,5300,16.367514848709106,87415,88127.27,ONE_POINT,100,100,RANDOM,28,tournament_20,0.75
53,5400,16.75259566307068,86361,87305.09,ONE_POINT,100,100,RANDOM,28,tournament_20,0.75
54,5500,17.07029128074646,85883,86466.74,ONE_POINT,100,100,RANDOM,28,tournament_20,0.75
55,5600,17.396234035491943,85564,85805.75,ONE_POINT,100,100,RANDOM,28,tournament_20,0.75
56,5700,17.733686685562134,85349,85544.78,ONE_POINT,100,100,RANDOM,28,tournament_20,0.75
57,5800,18.027631044387817,84939,85167.44,ONE_POINT,100,100,RANDOM,28,tournament_20,0.75
58,5900,18.33831000328064,84359,84730.43,ONE_POINT,100,100,RANDOM,28,tournament_20,0.75
59,6000,18.672454118728638,83866,84176.1,ONE_POINT,100,100,RANDOM,28,tournament_20,0.75
60,6100,18.954399347305298,83373,83729.45,ONE_POINT,100,100,RANDOM,28,tournament_20,0.75
61,6200,19.243414163589478,82907,83220.81,ONE_POINT,100,100,RANDOM,28,tournament_20,0.75
62,6300,19.533299446105957,82116,82564.23,ONE_POINT,100,100,RANDOM,28,tournament_20,0.75
63,6400,19.858367443084717,81678,82051.67,ONE_POINT,100,100,RANDOM,28,tournament_20,0.75
64,6500,20.174957513809204,81097,81562.9,ONE_POINT,100,100,RANDOM,28,tournament_20,0.75
65,6600,20.46438241004944,80827,81144.88,ONE_POINT,100,100,RANDOM,28,tournament_20,0.75
66,6700,20.753559350967407,80332,80712.11,ONE_POINT,100,100,RANDOM,28,tournament_20,0.75
67,6800,21.071675539016724,79907,80197.82,ONE_POINT,100,100,RANDOM,28,tournament_20,0.75
68,6900,21.366741180419922,79119,79521.06,ONE_POINT,100,100,RANDOM,28,tournament_20,0.75
69,7000,21.650853157043457,78369,78950.87,ONE_POINT,100,100,RANDOM,28,tournament_20,0.75
70,7100,21.95163607597351,77959,78326.12,ONE_POINT,100,100,RANDOM,28,tournament_20,0.75
71,7200,22.274853706359863,77802,77962.43,ONE_POINT,100,100,RANDOM,28,tournament_20,0.75
72,7300,22.603052616119385,77498,77733.64,ONE_POINT,100,100,RANDOM,28,tournament_20,0.75
73,7400,22.951751708984375,77175,77407.14,ONE_POINT,100,100,RANDOM,28,tournament_20,0.75
74,7500,23.287713527679443,76786,77095.43,ONE_POINT,100,100,RANDOM,28,tournament_20,0.75
75,7600,23.595341682434082,76765,76813.36,ONE_POINT,100,100,RANDOM,28,tournament_20,0.75
76,7700,23.928821563720703,76068,76587.53,ONE_POINT,100,100,RANDOM,28,tournament_20,0.75
77,7800,24.25713014602661,76014,76101.72,ONE_POINT,100,100,RANDOM,28,tournament_20,0.75
78,7900,24.604179620742798,75278,75841.02,ONE_POINT,100,100,RANDOM,28,tournament_20,0.75
79,8000,25.032841444015503,75092,75266.7,ONE_POINT,100,100,RANDOM,28,tournament_20,0.75
80,8100,25.385021686553955,74688,75013.49,ONE_POINT,100,100,RANDOM,28,tournament_20,0.75
81,8200,25.693551301956177,74240,74620.83,ONE_POINT,100,100,RANDOM,28,tournament_20,0.75
82,8300,26.03176212310791,73873,74173.25,ONE_POINT,100,100,RANDOM,28,tournament_20,0.75
83,8400,26.35502552986145,73391,73732.37,ONE_POINT,100,100,RANDOM,28,tournament_20,0.75
84,8500,26.70297408103943,72899,73234.07,ONE_POINT,100,100,RANDOM,28,tournament_20,0.75
85,8600,27.024866819381714,72730,72836.06,ONE_POINT,100,100,RANDOM,28,tournament_20,0.75
86,8700,27.356560468673706,72259,72592.22,ONE_POINT,100,100,RANDOM,28,tournament_20,0.75
87,8800,27.709617137908936,72067,72219.76,ONE_POINT,100,100,RANDOM,28,tournament_20,0.75
88,8900,28.04957890510559,71686,71838.34,ONE_POINT,100,100,RANDOM,28,tournament_20,0.75
89,9000,28.353920221328735,71224,71468.78,ONE_POINT,100,100,RANDOM,28,tournament_20,0.75
90,9100,28.666741371154785,70944,71113.87,ONE_POINT,100,100,RANDOM,28,tournament_20,0.75
91,9200,28.996715307235718,70703,70835.36,ONE_POINT,100,100,RANDOM,28,tournament_20,0.75
92,9300,29.330691814422607,70092,70480.82,ONE_POINT,100,100,RANDOM,28,tournament_20,0.75
93,9400,29.631544828414917,69800,70096.31,ONE_POINT,100,100,RANDOM,28,tournament_20,0.75
94,9500,29.96900248527527,69070,69719.87,ONE_POINT,100,100,RANDOM,28,tournament_20,0.75
95,9600,30.30668592453003,68856,69115.78,ONE_POINT,100,100,RANDOM,28,tournament_20,0.75
96,9700,30.677577018737793,68737,68869.3,ONE_POINT,100,100,RANDOM,28,tournament_20,0.75
97,9800,30.997729301452637,68299,68592.58,ONE_POINT,100,100,RANDOM,28,tournament_20,0.75
98,9900,31.331443071365356,68261,68311.0,ONE_POINT,100,100,RANDOM,28,tournament_20,0.75
99,10000,31.680896997451782,67978,68160.55,ONE_POINT,100,100,RANDOM,28,tournament_20,0.75
100,10100,32.033350229263306,67704,67951.37,ONE_POINT,100,100,RANDOM,28,tournament_20,0.75
101,10200,32.34013533592224,67553,67690.77,ONE_POINT,100,100,RANDOM,28,tournament_20,0.75
102,10300,32.69444751739502,67265,67484.89,ONE_POINT,100,100,RANDOM,28,tournament_20,0.75
103,10400,33.067944049835205,66947,67235.07,ONE_POINT,100,100,RANDOM,28,tournament_20,0.75
104,10500,33.449758768081665,66836,66944.15,ONE_POINT,100,100,RANDOM,28,tournament_20,0.75
105,10600,33.756062746047974,66555,66780.18,ONE_POINT,100,100,RANDOM,28,tournament_20,0.75
106,10700,34.08984327316284,66299,66531.52,ONE_POINT,100,100,RANDOM,28,tournament_20,0.75
107,10800,34.436508893966675,66074,66274.13,ONE_POINT,100,100,RANDOM,28,tournament_20,0.75
108,10900,34.80065202713013,65948,66060.22,ONE_POINT,100,100,RANDOM,28,tournament_20,0.75
109,11000,35.20027232170105,65672,65812.13,ONE_POINT,100,100,RANDOM,28,tournament_20,0.75
110,11100,35.540056467056274,65491,65636.75,ONE_POINT,100,100,RANDOM,28,tournament_20,0.75
111,11200,35.87534713745117,65256,65434.96,ONE_POINT,100,100,RANDOM,28,tournament_20,0.75
112,11300,36.17088723182678,65111,65210.88,ONE_POINT,100,100,RANDOM,28,tournament_20,0.75
113,11400,36.47317981719971,64540,65004.44,ONE_POINT,100,100,RANDOM,28,tournament_20,0.75
114,11500,36.75298571586609,64282,64495.3,ONE_POINT,100,100,RANDOM,28,tournament_20,0.75
115,11600,37.05219531059265,64211,64289.16,ONE_POINT,100,100,RANDOM,28,tournament_20,0.75
116,11700,37.35987901687622,63946,64155.64,ONE_POINT,100,100,RANDOM,28,tournament_20,0.75
117,11800,37.66456484794617,63767,63921.56,ONE_POINT,100,100,RANDOM,28,tournament_20,0.75
118,11900,37.97034764289856,63426,63670.22,ONE_POINT,100,100,RANDOM,28,tournament_20,0.75
119,12000,38.25613212585449,63118,63411.55,ONE_POINT,100,100,RANDOM,28,tournament_20,0.75
120,12100,38.58280849456787,63118,63163.15,ONE_POINT,100,100,RANDOM,28,tournament_20,0.75
121,12200,38.8694794178009,62759,63063.09,ONE_POINT,100,100,RANDOM,28,tournament_20,0.75
122,12300,39.169190406799316,62580,62783.84,ONE_POINT,100,100,RANDOM,28,tournament_20,0.75
123,12400,39.48562836647034,62327,62528.09,ONE_POINT,100,100,RANDOM,28,tournament_20,0.75
124,12500,39.8241069316864,61942,62191.42,ONE_POINT,100,100,RANDOM,28,tournament_20,0.75
125,12600,40.13816237449646,61683,61895.2,ONE_POINT,100,100,RANDOM,28,tournament_20,0.75
126,12700,40.43916583061218,61583,61674.7,ONE_POINT,100,100,RANDOM,28,tournament_20,0.75
127,12800,40.74014329910278,61537,61573.9,ONE_POINT,100,100,RANDOM,28,tournament_20,0.75
128,12900,41.07659578323364,61447,61507.96,ONE_POINT,100,100,RANDOM,28,tournament_20,0.75
129,13000,41.404988527297974,61313,61412.1,ONE_POINT,100,100,RANDOM,28,tournament_20,0.75
130,13100,41.71594309806824,61061,61246.73,ONE_POINT,100,100,RANDOM,28,tournament_20,0.75
131,13200,42.01521301269531,60890,61035.48,ONE_POINT,100,100,RANDOM,28,tournament_20,0.75
132,13300,42.33219814300537,60753,60859.87,ONE_POINT,100,100,RANDOM,28,tournament_20,0.75
133,13400,42.61625671386719,60609,60699.4,ONE_POINT,100,100,RANDOM,28,tournament_20,0.75
134,13500,42.93401122093201,60226,60495.47,ONE_POINT,100,100,RANDOM,28,tournament_20,0.75
135,13600,43.24929165840149,60225,60258.39,ONE_POINT,100,100,RANDOM,28,tournament_20,0.75
136,13700,43.56843948364258,60033,60187.3,ONE_POINT,100,100,RANDOM,28,tournament_20,0.75
137,13800,43.88732171058655,59794,59972.91,ONE_POINT,100,100,RANDOM,28,tournament_20,0.75
138,13900,44.21730422973633,59760,59798.87,ONE_POINT,100,100,RANDOM,28,tournament_20,0.75
139,14000,44.54920768737793,59380,59551.96,ONE_POINT,100,100,RANDOM,28,tournament_20,0.75
140,14100,44.83433938026428,59239,59347.48,ONE_POINT,100,100,RANDOM,28,tournament_20,0.75
141,14200,45.13007307052612,59130,59218.03,ONE_POINT,100,100,RANDOM,28,tournament_20,0.75
142,14300,45.45512628555298,59018,59124.55,ONE_POINT,100,100,RANDOM,28,tournament_20,0.75
143,14400,45.795464754104614,58746,59009.7,ONE_POINT,100,100,RANDOM,28,tournament_20,0.75
144,14500,46.08942484855652,58507,58677.5,ONE_POINT,100,100,RANDOM,28,tournament_20,0.75
145,14600,46.40565371513367,58287,58466.33,ONE_POINT,100,100,RANDOM,28,tournament_20,0.75
146,14700,46.73253893852234,58287,58310.17,ONE_POINT,100,100,RANDOM,28,tournament_20,0.75
147,14800,47.03068685531616,58109,58232.92,ONE_POINT,100,100,RANDOM,28,tournament_20,0.75
148,14900,47.34412479400635,57933,58079.26,ONE_POINT,100,100,RANDOM,28,tournament_20,0.75
149,15000,47.695032358169556,57765,57917.29,ONE_POINT,100,100,RANDOM,28,tournament_20,0.75
150,15100,47.98597812652588,57765,57786.67,ONE_POINT,100,100,RANDOM,28,tournament_20,0.75
151,15200,48.306607246398926,57663,57734.69,ONE_POINT,100,100,RANDOM,28,tournament_20,0.75
152,15300,48.59563612937927,57588,57650.77,ONE_POINT,100,100,RANDOM,28,tournament_20,0.75
153,15400,48.95730900764465,57429,57534.07,ONE_POINT,100,100,RANDOM,28,tournament_20,0.75
154,15500,49.25995898246765,57328,57407.71,ONE_POINT,100,100,RANDOM,28,tournament_20,0.75
155,15600,49.644774436950684,57130,57256.61,ONE_POINT,100,100,RANDOM,28,tournament_20,0.75
156,15700,49.96531534194946,57005,57122.89,ONE_POINT,100,100,RANDOM,28,tournament_20,0.75
157,15800,50.30624437332153,56895,57003.59,ONE_POINT,100,100,RANDOM,28,tournament_20,0.75
158,15900,50.598103523254395,56766,56885.26,ONE_POINT,100,100,RANDOM,28,tournament_20,0.75
159,16000,50.90604782104492,56312,56723.28,ONE_POINT,100,100,RANDOM,28,tournament_20,0.75
160,16100,51.200400829315186,56253,56343.5,ONE_POINT,100,100,RANDOM,28,tournament_20,0.75
161,16200,51.48586368560791,56054,56208.56,ONE_POINT,100,100,RANDOM,28,tournament_20,0.75
162,16300,51.804033041000366,55967,56043.19,ONE_POINT,100,100,RANDOM,28,tournament_20,0.75
163,16400,52.11889719963074,55923,55966.04,ONE_POINT,100,100,RANDOM,28,tournament_20,0.75
164,16500,52.458672285079956,55812,55900.47,ONE_POINT,100,100,RANDOM,28,tournament_20,0.75
165,16600,52.78215932846069,55568,55757.99,ONE_POINT,100,100,RANDOM,28,tournament_20,0.75
166,16700,53.09602212905884,55362,55500.56,ONE_POINT,100,100,RANDOM,28,tournament_20,0.75
167,16800,53.41148257255554,55268,55346.9,ONE_POINT,100,100,RANDOM,28,tournament_20,0.75
168,16900,53.69779396057129,54818,55158.62,ONE_POINT,100,100,RANDOM,28,tournament_20,0.75
169,17000,53.981935024261475,54482,54785.69,ONE_POINT,100,100,RANDOM,28,tournament_20,0.75
170,17100,54.29976558685303,54482,54523.79,ONE_POINT,100,100,RANDOM,28,tournament_20,0.75
171,17200,54.628875970840454,54337,54447.93,ONE_POINT,100,100,RANDOM,28,tournament_20,0.75
172,17300,54.94193387031555,53763,54289.36,ONE_POINT,100,100,RANDOM,28,tournament_20,0.75
173,17400,55.27043437957764,53652,53866.95,ONE_POINT,100,100,RANDOM,28,tournament_20,0.75
174,17500,55.62287735939026,53575,53662.42,ONE_POINT,100,100,RANDOM,28,tournament_20,0.75
175,17600,55.97034573554993,53530,53579.69,ONE_POINT,100,100,RANDOM,28,tournament_20,0.75
176,17700,56.27123546600342,53425,53492.64,ONE_POINT,100,100,RANDOM,28,tournament_20,0.75
177,17800,56.58356237411499,53043,53351.06,ONE_POINT,100,100,RANDOM,28,tournament_20,0.75
178,17900,56.87338423728943,52921,53055.96,ONE_POINT,100,100,RANDOM,28,tournament_20,0.75
179,18000,57.20129132270813,52725,52870.99,ONE_POINT,100,100,RANDOM,28,tournament_20,0.75
180,18100,57.5111882686615,52566,52712.54,ONE_POINT,100,100,RANDOM,28,tournament_20,0.75
181,18200,57.80169129371643,52566,52589.02,ONE_POINT,100,100,RANDOM,28,tournament_20,0.75
182,18300,58.09070587158203,52360,52521.14,ONE_POINT,100,100,RANDOM,28,tournament_20,0.75
183,18400,58.41687631607056,52360,52381.61,ONE_POINT,100,100,RANDOM,28,tournament_20,0.75
184,18500,58.76906776428223,52166,52314.25,ONE_POINT,100,100,RANDOM,28,tournament_20,0.75
185,18600,59.07346510887146,52136,52177.62,ONE_POINT,100,100,RANDOM,28,tournament_20,0.75
186,18700,59.37693691253662,51963,52093.04,ONE_POINT,100,100,RANDOM,28,tournament_20,0.75
187,18800,59.703495502471924,51817,51955.47,ONE_POINT,100,100,RANDOM,28,tournament_20,0.75
188,18900,60.04227948188782,51817,51835.91,ONE_POINT,100,100,RANDOM,28,tournament_20,0.75
189,19000,60.344216108322144,51710,51788.16,ONE_POINT,100,100,RANDOM,28,tournament_20,0.75
190,19100,60.68093967437744,51511,51677.25,ONE_POINT,100,100,RANDOM,28,tournament_20,0.75
191,19200,61.002474546432495,51418,51506.79,ONE_POINT,100,100,RANDOM,28,tournament_20,0.75
192,19300,61.28368902206421,51279,51366.71,ONE_POINT,100,100,RANDOM,28,tournament_20,0.75
193,19400,61.59928369522095,51066,51227.73,ONE_POINT,100,100,RANDOM,28,tournament_20,0.75
194,19500,61.8946099281311,50945,51024.56,ONE_POINT,100,100,RANDOM,28,tournament_20,0.75
195,19600,62.20165395736694,50673,50905.86,ONE_POINT,100,100,RANDOM,28,tournament_20,0.75
196,19700,62.49080038070679,50600,50679.4,ONE_POINT,100,100,RANDOM,28,tournament_20,0.75
197,19800,62.832138776779175,50443,50577.16,ONE_POINT,100,100,RANDOM,28,tournament_20,0.75
198,19900,63.132296323776245,50358,50438.47,ONE_POINT,100,100,RANDOM,28,tournament_20,0.75
199,20000,63.460503339767456,50244,50344.41,ONE_POINT,100,100,RANDOM,28,tournament_20,0.75
200,20100,63.75602388381958,50227,50244.94,ONE_POINT,100,100,RANDOM,28,tournament_20,0.75
201,20200,64.1073784828186,50009,50158.2,ONE_POINT,100,100,RANDOM,28,tournament_20,0.75
202,20300,64.40949177742004,49960,50008.35,ONE_POINT,100,100,RANDOM,28,tournament_20,0.75
203,20400,64.77982425689697,49802,49923.13,ONE_POINT,100,100,RANDOM,28,tournament_20,0.75
204,20500,65.10256099700928,49663,49777.4,ONE_POINT,100,100,RANDOM,28,tournament_20,0.75
205,20600,65.43825840950012,49509,49655.43,ONE_POINT,100,100,RANDOM,28,tournament_20,0.75
206,20700,65.80575513839722,49509,49523.72,ONE_POINT,100,100,RANDOM,28,tournament_20,0.75
207,20800,66.11361789703369,49406,49488.5,ONE_POINT,100,100,RANDOM,28,tournament_20,0.75
208,20900,66.39947056770325,49306,49388.09,ONE_POINT,100,100,RANDOM,28,tournament_20,0.75
209,21000,66.71142721176147,49121,49274.23,ONE_POINT,100,100,RANDOM,28,tournament_20,0.75
210,21100,67.0155029296875,49042,49132.38,ONE_POINT,100,100,RANDOM,28,tournament_20,0.75
211,21200,67.30944848060608,49018,49053.01,ONE_POINT,100,100,RANDOM,28,tournament_20,0.75
212,21300,67.61954951286316,48878,48998.46,ONE_POINT,100,100,RANDOM,28,tournament_20,0.75
213,21400,67.91741967201233,48775,48882.02,ONE_POINT,100,100,RANDOM,28,tournament_20,0.75
214,21500,68.25113081932068,48710,48777.33,ONE_POINT,100,100,RANDOM,28,tournament_20,0.75
215,21600,68.59753441810608,48549,48676.57,ONE_POINT,100,100,RANDOM,28,tournament_20,0.75
216,21700,68.88150215148926,48464,48549.43,ONE_POINT,100,100,RANDOM,28,tournament_20,0.75
217,21800,69.21560740470886,48291,48453.52,ONE_POINT,100,100,RANDOM,28,tournament_20,0.75
218,21900,69.50809025764465,48189,48293.02,ONE_POINT,100,100,RANDOM,28,tournament_20,0.75
219,22000,69.78884768486023,48018,48160.58,ONE_POINT,100,100,RANDOM,28,tournament_20,0.75
220,22100,70.09569549560547,47930,47981.54,ONE_POINT,100,100,RANDOM,28,tournament_20,0.75
221,22200,70.3994505405426,47867,47925.22,ONE_POINT,100,100,RANDOM,28,tournament_20,0.75
222,22300,70.67962098121643,47801,47865.45,ONE_POINT,100,100,RANDOM,28,tournament_20,0.75
223,22400,71.01219058036804,47726,47789.2,ONE_POINT,100,100,RANDOM,28,tournament_20,0.75
224,22500,71.3316547870636,47669,47716.08,ONE_POINT,100,100,RANDOM,28,tournament_20,0.75
225,22600,71.61214828491211,47633,47660.73,ONE_POINT,100,100,RANDOM,28,tournament_20,0.75
226,22700,71.89405107498169,47551,47602.05,ONE_POINT,100,100,RANDOM,28,tournament_20,0.75
227,22800,72.20978879928589,47455,47527.88,ONE_POINT,100,100,RANDOM,28,tournament_20,0.75
228,22900,72.5185878276825,47444,47454.36,ONE_POINT,100,100,RANDOM,28,tournament_20,0.75
229,23000,72.81153130531311,47330,47393.17,ONE_POINT,100,100,RANDOM,28,tournament_20,0.75
230,23100,73.14694714546204,47252,47315.09,ONE_POINT,100,100,RANDOM,28,tournament_20,0.75
231,23200,73.4517138004303,47110,47233.22,ONE_POINT,100,100,RANDOM,28,tournament_20,0.75
232,23300,73.784991979599,46978,47099.31,ONE_POINT,100,100,RANDOM,28,tournament_20,0.75
233,23400,74.12878489494324,46844,46979.16,ONE_POINT,100,100,RANDOM,28,tournament_20,0.75
234,23500,74.45359230041504,46577,46834.34,ONE_POINT,100,100,RANDOM,28,tournament_20,0.75
235,23600,74.77829480171204,46574,46607.08,ONE_POINT,100,100,RANDOM,28,tournament_20,0.75
236,23700,75.10234189033508,46476,46559.9,ONE_POINT,100,100,RANDOM,28,tournament_20,0.75
237,23800,75.44331645965576,46412,46466.17,ONE_POINT,100,100,RANDOM,28,tournament_20,0.75
238,23900,75.74357652664185,46288,46366.92,ONE_POINT,100,100,RANDOM,28,tournament_20,0.75
239,24000,76.0684769153595,46187,46281.61,ONE_POINT,100,100,RANDOM,28,tournament_20,0.75
240,24100,76.3921639919281,46187,46205.67,ONE_POINT,100,100,RANDOM,28,tournament_20,0.75
241,24200,76.7276623249054,46126,46174.74,ONE_POINT,100,100,RANDOM,28,tournament_20,0.75
242,24300,77.00949764251709,46092,46128.11,ONE_POINT,100,100,RANDOM,28,tournament_20,0.75
243,24400,77.30466270446777,46042,46083.54,ONE_POINT,100,100,RANDOM,28,tournament_20,0.75
244,24500,77.60854196548462,45997,46027.51,ONE_POINT,100,100,RANDOM,28,tournament_20,0.75
245,24600,77.90222764015198,45906,45964.52,ONE_POINT,100,100,RANDOM,28,tournament_20,0.75
246,24700,78.22670817375183,45822,45892.24,ONE_POINT,100,100,RANDOM,28,tournament_20,0.75
247,24800,78.52270793914795,45806,45824.57,ONE_POINT,100,100,RANDOM,28,tournament_20,0.75
248,24900,78.81065058708191,45725,45775.82,ONE_POINT,100,100,RANDOM,28,tournament_20,0.75
249,25000,79.11906576156616,45650,45713.5,ONE_POINT,100,100,RANDOM,28,tournament_20,0.75
250,25100,79.41120171546936,45393,45615.88,ONE_POINT,100,100,RANDOM,28,tournament_20,0.75
251,25200,79.71049952507019,45338,45423.34,ONE_POINT,100,100,RANDOM,28,tournament_20,0.75
252,25300,79.99968028068542,45264,45326.43,ONE_POINT,100,100,RANDOM,28,tournament_20,0.75
253,25400,80.38115215301514,45236,45262.97,ONE_POINT,100,100,RANDOM,28,tournament_20,0.75
254,25500,80.72106957435608,45161,45218.04,ONE_POINT,100,100,RANDOM,28,tournament_20,0.75
255,25600,81.06559896469116,45066,45140.01,ONE_POINT,100,100,RANDOM,28,tournament_20,0.75
256,25700,81.37214159965515,45003,45053.17,ONE_POINT,100,100,RANDOM,28,tournament_20,0.75
257,25800,81.6965901851654,44901,44968.86,ONE_POINT,100,100,RANDOM,28,tournament_20,0.75
258,25900,82.00549244880676,44788,44870.54,ONE_POINT,100,100,RANDOM,28,tournament_20,0.75
259,26000,82.31815338134766,44692,44770.19,ONE_POINT,100,100,RANDOM,28,tournament_20,0.75
260,26100,82.61281895637512,44387,44633.86,ONE_POINT,100,100,RANDOM,28,tournament_20,0.75
261,26200,82.92453169822693,44350,44412.11,ONE_POINT,100,100,RANDOM,28,tournament_20,0.75
262,26300,83.24325728416443,44248,44328.62,ONE_POINT,100,100,RANDOM,28,tournament_20,0.75
263,26400,83.58914828300476,44168,44233.93,ONE_POINT,100,100,RANDOM,28,tournament_20,0.75
264,26500,83.87896370887756,44137,44173.54,ONE_POINT,100,100,RANDOM,28,tournament_20,0.75
265,26600,84.19363808631897,44035,44087.77,ONE_POINT,100,100,RANDOM,28,tournament_20,0.75
266,26700,84.47960233688354,43901,44013.44,ONE_POINT,100,100,RANDOM,28,tournament_20,0.75
267,26800,84.80232262611389,43875,43911.49,ONE_POINT,100,100,RANDOM,28,tournament_20,0.75
268,26900,85.11333918571472,43701,43803.57,ONE_POINT,100,100,RANDOM,28,tournament_20,0.75
269,27000,85.4173276424408,43531,43669.86,ONE_POINT,100,100,RANDOM,28,tournament_20,0.75
270,27100,85.73245096206665,43313,43497.89,ONE_POINT,100,100,RANDOM,28,tournament_20,0.75
271,27200,86.07198452949524,43223,43314.6,ONE_POINT,100,100,RANDOM,28,tournament_20,0.75
272,27300,86.39748692512512,43201,43226.08,ONE_POINT,100,100,RANDOM,28,tournament_20,0.75
273,27400,86.6809151172638,43122,43179.41,ONE_POINT,100,100,RANDOM,28,tournament_20,0.75
274,27500,86.99345111846924,42785,43075.18,ONE_POINT,100,100,RANDOM,28,tournament_20,0.75
275,27600,87.31361603736877,42733,42821.69,ONE_POINT,100,100,RANDOM,28,tournament_20,0.75
276,27700,87.62107753753662,42733,42745.89,ONE_POINT,100,100,RANDOM,28,tournament_20,0.75
277,27800,87.91873335838318,42555,42707.2,ONE_POINT,100,100,RANDOM,28,tournament_20,0.75
278,27900,88.24121594429016,42552,42587.66,ONE_POINT,100,100,RANDOM,28,tournament_20,0.75
279,28000,88.54739284515381,42237,42494.53,ONE_POINT,100,100,RANDOM,28,tournament_20,0.75
280,28100,88.86211967468262,42126,42247.49,ONE_POINT,100,100,RANDOM,28,tournament_20,0.75
281,28200,89.18888473510742,42073,42137.04,ONE_POINT,100,100,RANDOM,28,tournament_20,0.75
282,28300,89.48039174079895,41977,42059.63,ONE_POINT,100,100,RANDOM,28,tournament_20,0.75
283,28400,89.76842379570007,41919,41969.25,ONE_POINT,100,100,RANDOM,28,tournament_20,0.75
284,28500,90.117516040802,41810,41900.39,ONE_POINT,100,100,RANDOM,28,tournament_20,0.75
285,28600,90.40696382522583,41748,41804.7,ONE_POINT,100,100,RANDOM,28,tournament_20,0.75
286,28700,90.75395679473877,41669,41717.93,ONE_POINT,100,100,RANDOM,28,tournament_20,0.75
287,28800,91.09684920310974,41441,41610.7,ONE_POINT,100,100,RANDOM,28,tournament_20,0.75
288,28900,91.37677145004272,41441,41458.66,ONE_POINT,100,100,RANDOM,28,tournament_20,0.75
289,29000,91.71406245231628,41340,41411.59,ONE_POINT,100,100,RANDOM,28,tournament_20,0.75
290,29100,91.99811553955078,41239,41333.67,ONE_POINT,100,100,RANDOM,28,tournament_20,0.75
291,29200,92.28372836112976,41239,41256.78,ONE_POINT,100,100,RANDOM,28,tournament_20,0.75
292,29300,92.61174988746643,41075,41186.33,ONE_POINT,100,100,RANDOM,28,tournament_20,0.75
293,29400,92.95031762123108,40980,41058.84,ONE_POINT,100,100,RANDOM,28,tournament_20,0.75
294,29500,93.27442765235901,40887,40965.36,ONE_POINT,100,100,RANDOM,28,tournament_20,0.75
295,29600,93.6235237121582,40842,40882.91,ONE_POINT,100,100,RANDOM,28,tournament_20,0.75
296,29700,93.93443298339844,40742,40819.49,ONE_POINT,100,100,RANDOM,28,tournament_20,0.75
297,29800,94.25319957733154,40667,40743.16,ONE_POINT,100,100,RANDOM,28,tournament_20,0.75
298,29900,94.57941102981567,40567,40660.25,ONE_POINT,100,100,RANDOM,28,tournament_20,0.75
299,30000,94.89479851722717,40472,40563.28,ONE_POINT,100,100,RANDOM,28,tournament_20,0.75
300,30100,95.23278021812439,40345,40457.59,ONE_POINT,100,100,RANDOM,28,tournament_20,0.75
301,30200,95.56021022796631,40305,40342.8,ONE_POINT,100,100,RANDOM,28,tournament_20,0.75
302,30300,95.91467523574829,40303,40310.74,ONE_POINT,100,100,RANDOM,28,tournament_20,0.75
303,30400,96.23675560951233,40167,40274.25,ONE_POINT,100,100,RANDOM,28,tournament_20,0.75
304,30500,96.58647298812866,40150,40175.92,ONE_POINT,100,100,RANDOM,28,tournament_20,0.75
305,30600,96.93045735359192,40093,40142.11,ONE_POINT,100,100,RANDOM,28,tournament_20,0.75
306,30700,97.29682040214539,40069,40096.99,ONE_POINT,100,100,RANDOM,28,tournament_20,0.75
307,30800,97.63208174705505,39997,40060.66,ONE_POINT,100,100,RANDOM,28,tournament_20,0.75
308,30900,97.93243074417114,39924,40000.1,ONE_POINT,100,100,RANDOM,28,tournament_20,0.75
309,31000,98.22872233390808,39895,39929.67,ONE_POINT,100,100,RANDOM,28,tournament_20,0.75
310,31100,98.54341864585876,39750,39843.98,ONE_POINT,100,100,RANDOM,28,tournament_20,0.75
311,31200,98.87503409385681,39683,39749.58,ONE_POINT,100,100,RANDOM,28,tournament_20,0.75
312,31300,99.21020603179932,39578,39638.68,ONE_POINT,100,100,RANDOM,28,tournament_20,0.75
313,31400,99.49660611152649,39536,39577.28,ONE_POINT,100,100,RANDOM,28,tournament_20,0.75
314,31500,99.78306698799133,39509,39531.24,ONE_POINT,100,100,RANDOM,28,tournament_20,0.75
315,31600,100.08255290985107,39424,39495.6,ONE_POINT,100,100,RANDOM,28,tournament_20,0.75
316,31700,100.43264651298523,39399,39429.39,ONE_POINT,100,100,RANDOM,28,tournament_20,0.75
317,31800,100.75766444206238,39354,39388.8,ONE_POINT,100,100,RANDOM,28,tournament_20,0.75
318,31900,101.11776208877563,39287,39336.41,ONE_POINT,100,100,RANDOM,28,tournament_20,0.75
319,32000,101.42358660697937,39235,39275.55,ONE_POINT,100,100,RANDOM,28,tournament_20,0.75
320,32100,101.72255182266235,39054,39166.01,ONE_POINT,100,100,RANDOM,28,tournament_20,0.75
321,32200,102.06092572212219,39025,39059.58,ONE_POINT,100,100,RANDOM,28,tournament_20,0.75
322,32300,102.38303279876709,38929,39002.93,ONE_POINT,100,100,RANDOM,28,tournament_20,0.75
323,32400,102.70572781562805,38929,38936.93,ONE_POINT,100,100,RANDOM,28,tournament_20,0.75
324,32500,103.00729274749756,38836,38905.37,ONE_POINT,100,100,RANDOM,28,tournament_20,0.75
325,32600,103.34832525253296,38784,38835.79,ONE_POINT,100,100,RANDOM,28,tournament_20,0.75
326,32700,103.68047833442688,38760,38780.94,ONE_POINT,100,100,RANDOM,28,tournament_20,0.75
327,32800,103.99415731430054,38691,38725.72,ONE_POINT,100,100,RANDOM,28,tournament_20,0.75
328,32900,104.29783082008362,38577,38663.64,ONE_POINT,100,100,RANDOM,28,tournament_20,0.75
329,33000,104.63182544708252,38517,38568.79,ONE_POINT,100,100,RANDOM,28,tournament_20,0.75
330,33100,104.95302391052246,38477,38517.59,ONE_POINT,100,100,RANDOM,28,tournament_20,0.75
331,33200,105.24588346481323,38433,38476.12,ONE_POINT,100,100,RANDOM,28,tournament_20,0.75
332,33300,105.58943629264832,38400,38432.45,ONE_POINT,100,100,RANDOM,28,tournament_20,0.75
333,33400,105.8886468410492,38388,38400.75,ONE_POINT,100,100,RANDOM,28,tournament_20,0.75
334,33500,106.19571876525879,38296,38367.82,ONE_POINT,100,100,RANDOM,28,tournament_20,0.75
335,33600,106.51155018806458,38296,38315.56,ONE_POINT,100,100,RANDOM,28,tournament_20,0.75
336,33700,106.83672761917114,38284,38292.09,ONE_POINT,100,100,RANDOM,28,tournament_20,0.75
337,33800,107.12660813331604,38219,38271.34,ONE_POINT,100,100,RANDOM,28,tournament_20,0.75
338,33900,107.42875361442566,38207,38225.48,ONE_POINT,100,100,RANDOM,28,tournament_20,0.75
339,34000,107.72134137153625,38152,38194.15,ONE_POINT,100,100,RANDOM,28,tournament_20,0.75
340,34100,108.01338839530945,38090,38148.93,ONE_POINT,100,100,RANDOM,28,tournament_20,0.75
341,34200,108.3058557510376,38042,38090.67,ONE_POINT,100,100,RANDOM,28,tournament_20,0.75
342,34300,108.61028957366943,38016,38043.65,ONE_POINT,100,100,RANDOM,28,tournament_20,0.75
343,34400,108.94097685813904,37987,38011.75,ONE_POINT,100,100,RANDOM,28,tournament_20,0.75
344,34500,109.22857713699341,37951,37983.01,ONE_POINT,100,100,RANDOM,28,tournament_20,0.75
345,34600,109.51643371582031,37922,37947.97,ONE_POINT,100,100,RANDOM,28,tournament_20,0.75
346,34700,109.83727550506592,37907,37919.46,ONE_POINT,100,100,RANDOM,28,tournament_20,0.75
347,34800,110.14847302436829,37841,37899.62,ONE_POINT,100,100,RANDOM,28,tournament_20,0.75
348,34900,110.4924545288086,37826,37852.35,ONE_POINT,100,100,RANDOM,28,tournament_20,0.75
349,35000,110.77454900741577,37776,37824.36,ONE_POINT,100,100,RANDOM,28,tournament_20,0.75
350,35100,111.1036787033081,37776,37790.55,ONE_POINT,100,100,RANDOM,28,tournament_20,0.75
351,35200,111.41424822807312,37729,37770.08,ONE_POINT,100,100,RANDOM,28,tournament_20,0.75
352,35300,111.71351099014282,37685,37727.81,ONE_POINT,100,100,RANDOM,28,tournament_20,0.75
353,35400,112.07131671905518,37638,37685.28,ONE_POINT,100,100,RANDOM,28,tournament_20,0.75
354,35500,112.4435019493103,37594,37637.3,ONE_POINT,100,100,RANDOM,28,tournament_20,0.75
355,35600,112.75326132774353,37560,37590.15,ONE_POINT,100,100,RANDOM,28,tournament_20,0.75
356,35700,113.09261345863342,37495,37539.23,ONE_POINT,100,100,RANDOM,28,tournament_20,0.75
357,35800,113.42485809326172,37382,37450.06,ONE_POINT,100,100,RANDOM,28,tournament_20,0.75
358,35900,113.76410174369812,37319,37374.85,ONE_POINT,100,100,RANDOM,28,tournament_20,0.75
359,36000,114.07277178764343,37314,37327.66,ONE_POINT,100,100,RANDOM,28,tournament_20,0.75
360,36100,114.39508748054504,37285,37311.99,ONE_POINT,100,100,RANDOM,28,tournament_20,0.75
361,36200,114.69655060768127,37232,37280.19,ONE_POINT,100,100,RANDOM,28,tournament_20,0.75
362,36300,114.99061632156372,37194,37222.4,ONE_POINT,100,100,RANDOM,28,tournament_20,0.75
363,36400,115.29985976219177,37159,37184.02,ONE_POINT,100,100,RANDOM,28,tournament_20,0.75
364,36500,115.62536811828613,37141,37157.41,ONE_POINT,100,100,RANDOM,28,tournament_20,0.75
365,36600,115.93740916252136,37108,37130.78,ONE_POINT,100,100,RANDOM,28,tournament_20,0.75
366,36700,116.2317898273468,37087,37101.2,ONE_POINT,100,100,RANDOM,28,tournament_20,0.75
367,36800,116.55361485481262,37052,37077.78,ONE_POINT,100,100,RANDOM,28,tournament_20,0.75
368,36900,116.8807921409607,36912,37035.03,ONE_POINT,100,100,RANDOM,28,tournament_20,0.75
369,37000,117.17539668083191,36869,36913.78,ONE_POINT,100,100,RANDOM,28,tournament_20,0.75
370,37100,117.48636603355408,36863,36868.75,ONE_POINT,100,100,RANDOM,28,tournament_20,0.75
371,37200,117.79870820045471,36843,36862.0,ONE_POINT,100,100,RANDOM,28,tournament_20,0.75
372,37300,118.08379626274109,36829,36842.67,ONE_POINT,100,100,RANDOM,28,tournament_20,0.75
373,37400,118.39957404136658,36805,36827.3,ONE_POINT,100,100,RANDOM,28,tournament_20,0.75
374,37500,118.73440790176392,36782,36806.19,ONE_POINT,100,100,RANDOM,28,tournament_20,0.75
375,37600,119.01361298561096,36759,36782.0,ONE_POINT,100,100,RANDOM,28,tournament_20,0.75
376,37700,119.32432842254639,36740,36760.69,ONE_POINT,100,100,RANDOM,28,tournament_20,0.75
377,37800,119.63923978805542,36713,36733.43,ONE_POINT,100,100,RANDOM,28,tournament_20,0.75
378,37900,119.95414757728577,36713,36715.49,ONE_POINT,100,100,RANDOM,28,tournament_20,0.75
379,38000,120.26485466957092,36656,36700.17,ONE_POINT,100,100,RANDOM,28,tournament_20,0.75
380,38100,120.57861280441284,36601,36646.24,ONE_POINT,100,100,RANDOM,28,tournament_20,0.75
381,38200,120.9298677444458,36508,36580.76,ONE_POINT,100,100,RANDOM,28,tournament_20,0.75
382,38300,121.23380732536316,36499,36508.66,ONE_POINT,100,100,RANDOM,28,tournament_20,0.75
383,38400,121.5161943435669,36470,36493.03,ONE_POINT,100,100,RANDOM,28,tournament_20,0.75
384,38500,121.8237988948822,36420,36456.43,ONE_POINT,100,100,RANDOM,28,tournament_20,0.75
385,38600,122.13498115539551,36400,36415.77,ONE_POINT,100,100,RANDOM,28,tournament_20,0.75
386,38700,122.43686437606812,36358,36392.81,ONE_POINT,100,100,RANDOM,28,tournament_20,0.75
387,38800,122.71897268295288,36344,36356.16,ONE_POINT,100,100,RANDOM,28,tournament_20,0.75
388,38900,123.03209161758423,36250,36308.3,ONE_POINT,100,100,RANDOM,28,tournament_20,0.75
389,39000,123.31763625144958,36250,36256.0,ONE_POINT,100,100,RANDOM,28,tournament_20,0.75
390,39100,123.59644365310669,36224,36242.52,ONE_POINT,100,100,RANDOM,28,tournament_20,0.75
391,39200,123.87719774246216,36220,36225.71,ONE_POINT,100,100,RANDOM,28,tournament_20,0.75
392,39300,124.17187809944153,36199,36212.81,ONE_POINT,100,100,RANDOM,28,tournament_20,0.75
393,39400,124.48685646057129,36185,36196.95,ONE_POINT,100,100,RANDOM,28,tournament_20,0.75
394,39500,124.78373336791992,36155,36180.07,ONE_POINT,100,100,RANDOM,28,tournament_20,0.75
395,39600,125.06905221939087,36130,36152.07,ONE_POINT,100,100,RANDOM,28,tournament_20,0.75
396,39700,125.35445261001587,36102,36127.13,ONE_POINT,100,100,RANDOM,28,tournament_20,0.75
397,39800,125.64922547340393,36041,36093.93,ONE_POINT,100,100,RANDOM,28,tournament_20,0.75
398,39900,125.94460606575012,36022,36044.0,ONE_POINT,100,100,RANDOM,28,tournament_20,0.75
399,40000,126.26391172409058,35991,36012.94,ONE_POINT,100,100,RANDOM,28,tournament_20,0.75
400,40100,126.55458950996399,35972,35989.15,ONE_POINT,100,100,RANDOM,28,tournament_20,0.75
401,40200,126.90034198760986,35946,35971.02,ONE_POINT,100,100,RANDOM,28,tournament_20,0.75
402,40300,127.21115565299988,35925,35946.58,ONE_POINT,100,100,RANDOM,28,tournament_20,0.75
403,40400,127.58007645606995,35889,35918.65,ONE_POINT,100,100,RANDOM,28,tournament_20,0.75
404,40500,127.9103102684021,35889,35893.1,ONE_POINT,100,100,RANDOM,28,tournament_20,0.75
405,40600,128.27947568893433,35867,35884.43,ONE_POINT,100,100,RANDOM,28,tournament_20,0.75
406,40700,128.6068618297577,35825,35860.41,ONE_POINT,100,100,RANDOM,28,tournament_20,0.75
407,40800,128.89539122581482,35804,35824.96,ONE_POINT,100,100,RANDOM,28,tournament_20,0.75
408,40900,129.19802331924438,35793,35803.58,ONE_POINT,100,100,RANDOM,28,tournament_20,0.75
409,41000,129.519522190094,35770,35788.22,ONE_POINT,100,100,RANDOM,28,tournament_20,0.75
410,41100,129.82654476165771,35750,35767.83,ONE_POINT,100,100,RANDOM,28,tournament_20,0.75
411,41200,130.147611618042,35738,35748.45,ONE_POINT,100,100,RANDOM,28,tournament_20,0.75
412,41300,130.49316024780273,35692,35727.03,ONE_POINT,100,100,RANDOM,28,tournament_20,0.75
413,41400,130.83832120895386,35683,35698.36,ONE_POINT,100,100,RANDOM,28,tournament_20,0.75
414,41500,131.1667947769165,35652,35679.04,ONE_POINT,100,100,RANDOM,28,tournament_20,0.75
415,41600,131.50379014015198,35626,35651.43,ONE_POINT,100,100,RANDOM,28,tournament_20,0.75
416,41700,131.78303003311157,35626,35631.76,ONE_POINT,100,100,RANDOM,28,tournament_20,0.75
417,41800,132.06908345222473,35583,35616.13,ONE_POINT,100,100,RANDOM,28,tournament_20,0.75
418,41900,132.38664197921753,35583,35589.45,ONE_POINT,100,100,RANDOM,28,tournament_20,0.75
419,42000,132.6939673423767,35553,35580.0,ONE_POINT,100,100,RANDOM,28,tournament_20,0.75
420,42100,132.98988008499146,35546,35558.22,ONE_POINT,100,100,RANDOM,28,tournament_20,0.75
421,42200,133.32140254974365,35516,35543.96,ONE_POINT,100,100,RANDOM,28,tournament_20,0.75
422,42300,133.6046326160431,35516,35518.06,ONE_POINT,100,100,RANDOM,28,tournament_20,0.75
423,42400,133.88947176933289,35491,35511.26,ONE_POINT,100,100,RANDOM,28,tournament_20,0.75
424,42500,134.20725631713867,35468,35490.73,ONE_POINT,100,100,RANDOM,28,tournament_20,0.75
425,42600,134.51996994018555,35468,35471.19,ONE_POINT,100,100,RANDOM,28,tournament_20,0.75
426,42700,134.81229448318481,35434,35464.6,ONE_POINT,100,100,RANDOM,28,tournament_20,0.75
427,42800,135.1297161579132,35432,35440.24,ONE_POINT,100,100,RANDOM,28,tournament_20,0.75
428,42900,135.41691088676453,35402,35428.33,ONE_POINT,100,100,RANDOM,28,tournament_20,0.75
429,43000,135.70093655586243,35362,35402.88,ONE_POINT,100,100,RANDOM,28,tournament_20,0.75
430,43100,136.01007103919983,35358,35369.55,ONE_POINT,100,100,RANDOM,28,tournament_20,0.75
431,43200,136.3265323638916,35324,35352.66,ONE_POINT,100,100,RANDOM,28,tournament_20,0.75
432,43300,136.6464123725891,35311,35326.88,ONE_POINT,100,100,RANDOM,28,tournament_20,0.75
433,43400,136.94303798675537,35304,35310.93,ONE_POINT,100,100,RANDOM,28,tournament_20,0.75
434,43500,137.23211240768433,35248,35292.68,ONE_POINT,100,100,RANDOM,28,tournament_20,0.75
435,43600,137.51410102844238,35191,35242.92,ONE_POINT,100,100,RANDOM,28,tournament_20,0.75
436,43700,137.8345947265625,35191,35201.62,ONE_POINT,100,100,RANDOM,28,tournament_20,0.75
437,43800,138.1220042705536,35185,35189.16,ONE_POINT,100,100,RANDOM,28,tournament_20,0.75
438,43900,138.4337420463562,35176,35184.44,ONE_POINT,100,100,RANDOM,28,tournament_20,0.75
439,44000,138.72622728347778,35165,35173.37,ONE_POINT,100,100,RANDOM,28,tournament_20,0.75
440,44100,139.0962691307068,35147,35163.84,ONE_POINT,100,100,RANDOM,28,tournament_20,0.75
441,44200,139.40874671936035,35045,35137.81,ONE_POINT,100,100,RANDOM,28,tournament_20,0.75
442,44300,139.72237420082092,35045,35062.26,ONE_POINT,100,100,RANDOM,28,tournament_20,0.75
443,44400,140.05259490013123,34999,35031.95,ONE_POINT,100,100,RANDOM,28,tournament_20,0.75
444,44500,140.33918952941895,34999,35001.76,ONE_POINT,100,100,RANDOM,28,tournament_20,0.75
445,44600,140.645112991333,34939,34991.29,ONE_POINT,100,100,RANDOM,28,tournament_20,0.75
446,44700,140.9351840019226,34924,34947.41,ONE_POINT,100,100,RANDOM,28,tournament_20,0.75
447,44800,141.27346873283386,34917,34922.6,ONE_POINT,100,100,RANDOM,28,tournament_20,0.75
448,44900,141.60298657417297,34916,34917.0,ONE_POINT,100,100,RANDOM,28,tournament_20,0.75
449,45000,141.9594898223877,34886,34912.12,ONE_POINT,100,100,RANDOM,28,tournament_20,0.75
450,45100,142.25493907928467,34884,34890.82,ONE_POINT,100,100,RANDOM,28,tournament_20,0.75
451,45200,142.5562460422516,34814,34872.26,ONE_POINT,100,100,RANDOM,28,tournament_20,0.75
452,45300,142.88116145133972,34814,34826.33,ONE_POINT,100,100,RANDOM,28,tournament_20,0.75
453,45400,143.2319095134735,34784,34803.22,ONE_POINT,100,100,RANDOM,28,tournament_20,0.75
454,45500,143.5596046447754,34772,34783.02,ONE_POINT,100,100,RANDOM,28,tournament_20,0.75
455,45600,143.91084265708923,34758,34772.42,ONE_POINT,100,100,RANDOM,28,tournament_20,0.75
456,45700,144.26942920684814,34758,34759.54,ONE_POINT,100,100,RANDOM,28,tournament_20,0.75
457,45800,144.62947034835815,34748,34756.2,ONE_POINT,100,100,RANDOM,28,tournament_20,0.75
458,45900,144.93578004837036,34717,34742.24,ONE_POINT,100,100,RANDOM,28,tournament_20,0.75
459,46000,145.28621745109558,34707,34717.88,ONE_POINT,100,100,RANDOM,28,tournament_20,0.75
460,46100,145.5877137184143,34662,34696.9,ONE_POINT,100,100,RANDOM,28,tournament_20,0.75
461,46200,145.9002583026886,34646,34662.63,ONE_POINT,100,100,RANDOM,28,tournament_20,0.75
462,46300,146.19910621643066,34585,34629.19,ONE_POINT,100,100,RANDOM,28,tournament_20,0.75
463,46400,146.53326559066772,34569,34583.04,ONE_POINT,100,100,RANDOM,28,tournament_20,0.75
464,46500,146.82370114326477,34542,34564.32,ONE_POINT,100,100,RANDOM,28,tournament_20,0.75
465,46600,147.1485447883606,34527,34535.28,ONE_POINT,100,100,RANDOM,28,tournament_20,0.75
466,46700,147.43796706199646,34498,34511.16,ONE_POINT,100,100,RANDOM,28,tournament_20,0.75
467,46800,147.74528169631958,34471,34492.99,ONE_POINT,100,100,RANDOM,28,tournament_20,0.75
468,46900,148.07724738121033,34471,34471.68,ONE_POINT,100,100,RANDOM,28,tournament_20,0.75
469,47000,148.4109547138214,34444,34467.4,ONE_POINT,100,100,RANDOM,28,tournament_20,0.75
470,47100,148.7014925479889,34433,34447.21,ONE_POINT,100,100,RANDOM,28,tournament_20,0.75
471,47200,149.00919198989868,34433,34434.99,ONE_POINT,100,100,RANDOM,28,tournament_20,0.75
472,47300,149.31108236312866,34367,34420.35,ONE_POINT,100,100,RANDOM,28,tournament_20,0.75
473,47400,149.6036593914032,34367,34373.56,ONE_POINT,100,100,RANDOM,28,tournament_20,0.75
474,47500,149.92552065849304,34367,34367.0,ONE_POINT,100,100,RANDOM,28,tournament_20,0.75
475,47600,150.2645697593689,34338,34362.86,ONE_POINT,100,100,RANDOM,28,tournament_20,0.75
476,47700,150.59544348716736,34313,34337.23,ONE_POINT,100,100,RANDOM,28,tournament_20,0.75
477,47800,150.88414454460144,34313,34317.56,ONE_POINT,100,100,RANDOM,28,tournament_20,0.75
478,47900,151.21090269088745,34287,34307.9,ONE_POINT,100,100,RANDOM,28,tournament_20,0.75
479,48000,151.4928436279297,34280,34288.54,ONE_POINT,100,100,RANDOM,28,tournament_20,0.75
480,48100,151.7972447872162,34254,34270.2,ONE_POINT,100,100,RANDOM,28,tournament_20,0.75
481,48200,152.12639260292053,34251,34253.76,ONE_POINT,100,100,RANDOM,28,tournament_20,0.75
482,48300,152.45766711235046,34229,34244.53,ONE_POINT,100,100,RANDOM,28,tournament_20,0.75
483,48400,152.77034401893616,34229,34229.7,ONE_POINT,100,100,RANDOM,28,tournament_20,0.75
484,48500,153.0955786705017,34208,34225.32,ONE_POINT,100,100,RANDOM,28,tournament_20,0.75
485,48600,153.3991403579712,34208,34210.41,ONE_POINT,100,100,RANDOM,28,tournament_20,0.75
486,48700,153.70129132270813,34208,34208.0,ONE_POINT,100,100,RANDOM,28,tournament_20,0.75
487,48800,154.00616717338562,34165,34203.62,ONE_POINT,100,100,RANDOM,28,tournament_20,0.75
488,48900,154.32938194274902,34165,34175.17,ONE_POINT,100,100,RANDOM,28,tournament_20,0.75
489,49000,154.61308240890503,34164,34164.73,ONE_POINT,100,100,RANDOM,28,tournament_20,0.75
490,49100,154.90846610069275,34109,34151.63,ONE_POINT,100,100,RANDOM,28,tournament_20,0.75
491,49200,155.19184136390686,34098,34114.07,ONE_POINT,100,100,RANDOM,28,tournament_20,0.75
492,49300,155.52197241783142,34073,34096.89,ONE_POINT,100,100,RANDOM,28,tournament_20,0.75
493,49400,155.857342004776,34048,34070.74,ONE_POINT,100,100,RANDOM,28,tournament_20,0.75
494,49500,156.20233964920044,34012,34043.75,ONE_POINT,100,100,RANDOM,28,tournament_20,0.75
495,49600,156.52584886550903,33997,34013.32,ONE_POINT,100,100,RANDOM,28,tournament_20,0.75
496,49700,156.81915974617004,33961,33994.72,ONE_POINT,100,100,RANDOM,28,tournament_20,0.75
497,49800,157.14353919029236,33959,33966.66,ONE_POINT,100,100,RANDOM,28,tournament_20,0.75
498,49900,157.45103693008423,33946,33955.74,ONE_POINT,100,100,RANDOM,28,tournament_20,0.75
499,50000,157.78970623016357,33939,33945.93,ONE_POINT,100,100,RANDOM,28,tournament_20,0.75
500,50100,158.11252307891846,33924,33936.54,ONE_POINT,100,100,RANDOM,28,tournament_20,0.75
