num-generations,num-evaluations,time-elapsed,best-fitness,avg-fitness,elite-frac,alpha,crossover-method,population-size,num-points,initialization,seed
1,200,0.1784064769744873,134707,144648.29,0.8,3.0,ONE_POINT,100,100,RANDOM,0
2,300,0.4966752529144287,128489,141301.66,0.8,3.0,ONE_POINT,100,100,RANDOM,0
3,400,0.8027105331420898,128489,138438.36,0.8,3.0,ONE_POINT,100,100,RANDOM,0
4,500,1.1401937007904053,128489,136112.6,0.8,3.0,ONE_POINT,100,100,RANDOM,0
5,600,1.4432001113891602,124337,133907.49,0.8,3.0,ONE_POINT,100,100,RANDOM,0
6,700,1.7158253192901611,124337,131222.04,0.8,3.0,ONE_POINT,100,100,RANDOM,0
7,800,2.0162501335144043,122041,129339.51,0.8,3.0,ONE_POINT,100,100,RANDOM,0
8,900,2.2851662635803223,122041,127649.0,0.8,3.0,ONE_POINT,100,100,RANDOM,0
9,1000,2.5620667934417725,120079,126039.06,0.8,3.0,ONE_POINT,100,100,RANDOM,0
10,1100,2.854025363922119,118209,124128.34,0.8,3.0,ONE_POINT,100,100,RANDOM,0
11,1200,3.1315839290618896,116087,122583.37,0.8,3.0,ONE_POINT,100,100,RANDOM,0
12,1300,3.407219171524048,116087,121647.46,0.8,3.0,ONE_POINT,100,100,RANDOM,0
13,1400,3.681283712387085,116087,120416.59,0.8,3.0,ONE_POINT,100,100,RANDOM,0
14,1500,3.958129405975342,115084,119405.32,0.8,3.0,ONE_POINT,100,100,RANDOM,0
15,1600,4.226865530014038,114520,118266.05,0.8,3.0,ONE_POINT,100,100,RANDOM,0
16,1700,4.506493330001831,112729,117546.01,0.8,3.0,ONE_POINT,100,100,RANDOM,0
17,1800,4.78129243850708,112333,116583.05,0.8,3.0,ONE_POINT,100,100,RANDOM,0
18,1900,5.099992990493774,112333,115886.93,0.8,3.0,ONE_POINT,100,100,RANDOM,0
19,2000,5.388246536254883,112333,115138.12,0.8,3.0,ONE_POINT,100,100,RANDOM,0
20,2100,5.697998285293579,112037,114371.25,0.8,3.0,ONE_POINT,100,100,RANDOM,0
21,2200,5.981388807296753,110286,113494.1,0.8,3.0,ONE_POINT,100,100,RANDOM,0
22,2300,6.29027533531189,109991,112505.04,0.8,3.0,ONE_POINT,100,100,RANDOM,0
23,2400,6.570193290710449,109559,111818.47,0.8,3.0,ONE_POINT,100,100,RANDOM,0
24,2500,6.862470865249634,109559,111258.55,0.8,3.0,ONE_POINT,100,100,RANDOM,0
25,2600,7.153183460235596,107995,110614.34,0.8,3.0,ONE_POINT,100,100,RANDOM,0
26,2700,7.451009035110474,107981,110220.62,0.8,3.0,ONE_POINT,100,100,RANDOM,0
27,2800,7.728091478347778,106862,109660.13,0.8,3.0,ONE_POINT,100,100,RANDOM,0
28,2900,8.021685600280762,105257,109128.15,0.8,3.0,ONE_POINT,100,100,RANDOM,0
29,3000,8.301366806030273,105257,108232.33,0.8,3.0,ONE_POINT,100,100,RANDOM,0
30,3100,8.57857871055603,104853,107645.49,0.8,3.0,ONE_POINT,100,100,RANDOM,0
31,3200,8.859174966812134,104853,107202.48,0.8,3.0,ONE_POINT,100,100,RANDOM,0
32,3300,9.150784015655518,104618,106730.86,0.8,3.0,ONE_POINT,100,100,RANDOM,0
33,3400,9.45777416229248,104518,106219.48,0.8,3.0,ONE_POINT,100,100,RANDOM,0
34,3500,9.735507726669312,103262,105472.61,0.8,3.0,ONE_POINT,100,100,RANDOM,0
35,3600,10.00255799293518,102512,105032.26,0.8,3.0,ONE_POINT,100,100,RANDOM,0
36,3700,10.278391122817993,102512,104628.11,0.8,3.0,ONE_POINT,100,100,RANDOM,0
37,3800,10.557803392410278,101367,104280.0,0.8,3.0,ONE_POINT,100,100,RANDOM,0
38,3900,10.825603008270264,101367,103842.44,0.8,3.0,ONE_POINT,100,100,RANDOM,0
39,4000,11.098343133926392,101367,103439.06,0.8,3.0,ONE_POINT,100,100,RANDOM,0
40,4100,11.384300947189331,100292,102868.31,0.8,3.0,ONE_POINT,100,100,RANDOM,0
41,4200,11.682472705841064,99629,102430.61,0.8,3.0,ONE_POINT,100,100,RANDOM,0
42,4300,11.960554361343384,99626,102109.2,0.8,3.0,ONE_POINT,100,100,RANDOM,0
43,4400,12.225865364074707,99626,101802.29,0.8,3.0,ONE_POINT,100,100,RANDOM,0
44,4500,12.504981517791748,99626,101499.99,0.8,3.0,ONE_POINT,100,100,RANDOM,0
45,4600,12.775490760803223,99558,101068.23,0.8,3.0,ONE_POINT,100,100,RANDOM,0
46,4700,13.062082290649414,99386,100561.71,0.8,3.0,ONE_POINT,100,100,RANDOM,0
47,4800,13.334364891052246,99242,100219.04,0.8,3.0,ONE_POINT,100,100,RANDOM,0
48,4900,13.616048574447632,99239,100019.71,0.8,3.0,ONE_POINT,100,100,RANDOM,0
49,5000,13.910620212554932,98907,99691.49,0.8,3.0,ONE_POINT,100,100,RANDOM,0
50,5100,14.208917617797852,98506,99452.0,0.8,3.0,ONE_POINT,100,100,RANDOM,0
51,5200,14.516654253005981,98330,99261.03,0.8,3.0,ONE_POINT,100,100,RANDOM,0
52,5300,14.789792537689209,98330,99070.54,0.8,3.0,ONE_POINT,100,100,RANDOM,0
53,5400,15.125064611434937,97288,98756.96,0.8,3.0,ONE_POINT,100,100,RANDOM,0
54,5500,15.434338808059692,97288,98521.78,0.8,3.0,ONE_POINT,100,100,RANDOM,0
55,5600,15.782814502716064,97288,98309.85,0.8,3.0,ONE_POINT,100,100,RANDOM,0
56,5700,16.05718469619751,97017,98035.57,0.8,3.0,ONE_POINT,100,100,RANDOM,0
57,5800,16.32494878768921,96276,97659.92,0.8,3.0,ONE_POINT,100,100,RANDOM,0
58,5900,16.631670236587524,95927,97375.53,0.8,3.0,ONE_POINT,100,100,RANDOM,0
59,6000,16.940862894058228,95927,97173.09,0.8,3.0,ONE_POINT,100,100,RANDOM,0
60,6100,17.20862889289856,95631,96954.63,0.8,3.0,ONE_POINT,100,100,RANDOM,0
61,6200,17.470906019210815,95631,96586.31,0.8,3.0,ONE_POINT,100,100,RANDOM,0
62,6300,17.774559020996094,95539,96329.09,0.8,3.0,ONE_POINT,100,100,RANDOM,0
63,6400,18.069968461990356,95539,96165.75,0.8,3.0,ONE_POINT,100,100,RANDOM,0
64,6500,18.347106456756592,95384,96011.3,0.8,3.0,ONE_POINT,100,100,RANDOM,0
65,6600,18.627686023712158,95140,95773.61,0.8,3.0,ONE_POINT,100,100,RANDOM,0
66,6700,18.902424573898315,94715,95599.39,0.8,3.0,ONE_POINT,100,100,RANDOM,0
67,6800,19.183269262313843,94715,95465.71,0.8,3.0,ONE_POINT,100,100,RANDOM,0
68,6900,19.47079300880432,94287,95306.9,0.8,3.0,ONE_POINT,100,100,RANDOM,0
69,7000,19.752106428146362,93860,95131.3,0.8,3.0,ONE_POINT,100,100,RANDOM,0
70,7100,20.071476697921753,93539,94926.75,0.8,3.0,ONE_POINT,100,100,RANDOM,0
71,7200,20.39130735397339,93295,94685.41,0.8,3.0,ONE_POINT,100,100,RANDOM,0
72,7300,20.67858099937439,92856,94332.99,0.8,3.0,ONE_POINT,100,100,RANDOM,0
73,7400,20.970356225967407,92623,93986.28,0.8,3.0,ONE_POINT,100,100,RANDOM,0
74,7500,21.245471239089966,92497,93696.62,0.8,3.0,ONE_POINT,100,100,RANDOM,0
75,7600,21.5128333568573,92349,93391.94,0.8,3.0,ONE_POINT,100,100,RANDOM,0
76,7700,21.800949335098267,92349,93222.39,0.8,3.0,ONE_POINT,100,100,RANDOM,0
77,7800,22.094605922698975,92183,92968.51,0.8,3.0,ONE_POINT,100,100,RANDOM,0
78,7900,22.3874294757843,91474,92742.1,0.8,3.0,ONE_POINT,100,100,RANDOM,0
79,8000,22.6710684299469,91474,92480.11,0.8,3.0,ONE_POINT,100,100,RANDOM,0
80,8100,22.959118843078613,91275,92233.74,0.8,3.0,ONE_POINT,100,100,RANDOM,0
81,8200,23.245931386947632,91275,92013.95,0.8,3.0,ONE_POINT,100,100,RANDOM,0
82,8300,23.534560680389404,91133,91801.14,0.8,3.0,ONE_POINT,100,100,RANDOM,0
83,8400,23.81847381591797,90632,91617.32,0.8,3.0,ONE_POINT,100,100,RANDOM,0
84,8500,24.092857599258423,90471,91417.64,0.8,3.0,ONE_POINT,100,100,RANDOM,0
85,8600,24.378688097000122,90471,91217.47,0.8,3.0,ONE_POINT,100,100,RANDOM,0
86,8700,24.6822829246521,90374,90973.41,0.8,3.0,ONE_POINT,100,100,RANDOM,0
87,8800,24.99311923980713,89931,90760.76,0.8,3.0,ONE_POINT,100,100,RANDOM,0
88,8900,25.34011721611023,89913,90589.13,0.8,3.0,ONE_POINT,100,100,RANDOM,0
89,9000,25.63449263572693,89888,90432.17,0.8,3.0,ONE_POINT,100,100,RANDOM,0
90,9100,25.983213901519775,89540,90282.83,0.8,3.0,ONE_POINT,100,100,RANDOM,0
91,9200,26.433984518051147,89540,90125.31,0.8,3.0,ONE_POINT,100,100,RANDOM,0
92,9300,26.82488751411438,89266,89935.77,0.8,3.0,ONE_POINT,100,100,RANDOM,0
93,9400,27.203604221343994,89067,89749.71,0.8,3.0,ONE_POINT,100,100,RANDOM,0
94,9500,27.567708492279053,88665,89588.44,0.8,3.0,ONE_POINT,100,100,RANDOM,0
95,9600,27.86543869972229,88665,89390.31,0.8,3.0,ONE_POINT,100,100,RANDOM,0
96,9700,28.14084506034851,88431,89188.04,0.8,3.0,ONE_POINT,100,100,RANDOM,0
97,9800,28.417823791503906,88366,89038.3,0.8,3.0,ONE_POINT,100,100,RANDOM,0
98,9900,28.768543481826782,88130,88855.57,0.8,3.0,ONE_POINT,100,100,RANDOM,0
99,10000,29.228030920028687,88130,88688.48,0.8,3.0,ONE_POINT,100,100,RANDOM,0
100,10100,29.554046869277954,87704,88515.64,0.8,3.0,ONE_POINT,100,100,RANDOM,0
101,10200,29.876754999160767,87672,88362.49,0.8,3.0,ONE_POINT,100,100,RANDOM,0
102,10300,30.166840314865112,87440,88229.65,0.8,3.0,ONE_POINT,100,100,RANDOM,0
103,10400,30.494253158569336,87405,88055.99,0.8,3.0,ONE_POINT,100,100,RANDOM,0
104,10500,30.813570499420166,87307,87860.59,0.8,3.0,ONE_POINT,100,100,RANDOM,0
105,10600,31.165852546691895,87171,87691.55,0.8,3.0,ONE_POINT,100,100,RANDOM,0
106,10700,31.5012788772583,86940,87519.54,0.8,3.0,ONE_POINT,100,100,RANDOM,0
107,10800,31.80672001838684,86334,87353.8,0.8,3.0,ONE_POINT,100,100,RANDOM,0
108,10900,32.08794903755188,86334,87198.75,0.8,3.0,ONE_POINT,100,100,RANDOM,0
109,11000,32.355650424957275,86065,87049.8,0.8,3.0,ONE_POINT,100,100,RANDOM,0
110,11100,32.6286780834198,85702,86868.13,0.8,3.0,ONE_POINT,100,100,RANDOM,0
111,11200,32.904117584228516,85702,86689.63,0.8,3.0,ONE_POINT,100,100,RANDOM,0
112,11300,33.17053937911987,85642,86521.41,0.8,3.0,ONE_POINT,100,100,RANDOM,0
113,11400,33.459176778793335,85429,86300.35,0.8,3.0,ONE_POINT,100,100,RANDOM,0
114,11500,33.73041892051697,84408,86076.59,0.8,3.0,ONE_POINT,100,100,RANDOM,0
115,11600,34.00323724746704,84408,85819.4,0.8,3.0,ONE_POINT,100,100,RANDOM,0
116,11700,34.27261686325073,84408,85623.22,0.8,3.0,ONE_POINT,100,100,RANDOM,0
117,11800,34.545499324798584,84408,85396.37,0.8,3.0,ONE_POINT,100,100,RANDOM,0
118,11900,34.81848168373108,84408,85226.46,0.8,3.0,ONE_POINT,100,100,RANDOM,0
119,12000,35.08826684951782,84119,85037.23,0.8,3.0,ONE_POINT,100,100,RANDOM,0
120,12100,35.3647198677063,84064,84879.91,0.8,3.0,ONE_POINT,100,100,RANDOM,0
121,12200,35.69331741333008,83844,84648.07,0.8,3.0,ONE_POINT,100,100,RANDOM,0
122,12300,36.032938718795776,83844,84478.91,0.8,3.0,ONE_POINT,100,100,RANDOM,0
123,12400,36.33706760406494,83608,84289.68,0.8,3.0,ONE_POINT,100,100,RANDOM,0
124,12500,36.67775559425354,83508,84134.57,0.8,3.0,ONE_POINT,100,100,RANDOM,0
125,12600,37.0228009223938,83508,83977.31,0.8,3.0,ONE_POINT,100,100,RANDOM,0
126,12700,37.347947120666504,83031,83815.23,0.8,3.0,ONE_POINT,100,100,RANDOM,0
127,12800,37.63300061225891,83004,83678.16,0.8,3.0,ONE_POINT,100,100,RANDOM,0
128,12900,37.93823575973511,82987,83510.6,0.8,3.0,ONE_POINT,100,100,RANDOM,0
129,13000,38.2942852973938,82987,83370.78,0.8,3.0,ONE_POINT,100,100,RANDOM,0
130,13100,38.67948365211487,82880,83206.75,0.8,3.0,ONE_POINT,100,100,RANDOM,0
131,13200,39.002360820770264,82576,83091.55,0.8,3.0,ONE_POINT,100,100,RANDOM,0
132,13300,39.30365991592407,82080,82949.27,0.8,3.0,ONE_POINT,100,100,RANDOM,0
133,13400,39.59855127334595,82080,82813.38,0.8,3.0,ONE_POINT,100,100,RANDOM,0
134,13500,39.99509000778198,82080,82663.1,0.8,3.0,ONE_POINT,100,100,RANDOM,0
135,13600,40.36495280265808,81933,82487.18,0.8,3.0,ONE_POINT,100,100,RANDOM,0
136,13700,40.68155074119568,81753,82329.49,0.8,3.0,ONE_POINT,100,100,RANDOM,0
137,13800,41.0019907951355,81227,82122.49,0.8,3.0,ONE_POINT,100,100,RANDOM,0
138,13900,41.31129240989685,81227,81945.7,0.8,3.0,ONE_POINT,100,100,RANDOM,0
139,14000,41.60100817680359,81026,81752.18,0.8,3.0,ONE_POINT,100,100,RANDOM,0
140,14100,41.91256618499756,81026,81619.85,0.8,3.0,ONE_POINT,100,100,RANDOM,0
141,14200,42.21250009536743,80990,81478.13,0.8,3.0,ONE_POINT,100,100,RANDOM,0
142,14300,42.54613256454468,80583,81347.34,0.8,3.0,ONE_POINT,100,100,RANDOM,0
143,14400,42.82874321937561,80288,81182.56,0.8,3.0,ONE_POINT,100,100,RANDOM,0
144,14500,43.127196073532104,80113,81057.65,0.8,3.0,ONE_POINT,100,100,RANDOM,0
145,14600,43.42755365371704,80113,80928.35,0.8,3.0,ONE_POINT,100,100,RANDOM,0
146,14700,43.75240182876587,80113,80805.96,0.8,3.0,ONE_POINT,100,100,RANDOM,0
147,14800,44.10119414329529,80113,80669.43,0.8,3.0,ONE_POINT,100,100,RANDOM,0
148,14900,44.47463250160217,80036,80510.89,0.8,3.0,ONE_POINT,100,100,RANDOM,0
149,15000,44.815683126449585,79399,80366.09,0.8,3.0,ONE_POINT,100,100,RANDOM,0
150,15100,45.089346408843994,79399,80235.6,0.8,3.0,ONE_POINT,100,100,RANDOM,0
151,15200,45.374834060668945,79312,80089.05,0.8,3.0,ONE_POINT,100,100,RANDOM,0
152,15300,45.66834092140198,79307,79938.0,0.8,3.0,ONE_POINT,100,100,RANDOM,0
153,15400,45.97505331039429,79307,79768.74,0.8,3.0,ONE_POINT,100,100,RANDOM,0
154,15500,46.28721213340759,78695,79618.38,0.8,3.0,ONE_POINT,100,100,RANDOM,0
155,15600,46.68134903907776,78551,79446.48,0.8,3.0,ONE_POINT,100,100,RANDOM,0
156,15700,47.053130865097046,78551,79244.64,0.8,3.0,ONE_POINT,100,100,RANDOM,0
157,15800,47.4160315990448,78519,79097.61,0.8,3.0,ONE_POINT,100,100,RANDOM,0
158,15900,47.75163912773132,78359,78929.7,0.8,3.0,ONE_POINT,100,100,RANDOM,0
159,16000,48.03616452217102,77980,78749.3,0.8,3.0,ONE_POINT,100,100,RANDOM,0
160,16100,48.32894945144653,77957,78551.24,0.8,3.0,ONE_POINT,100,100,RANDOM,0
161,16200,48.617958784103394,77957,78426.63,0.8,3.0,ONE_POINT,100,100,RANDOM,0
162,16300,48.93960452079773,77640,78280.09,0.8,3.0,ONE_POINT,100,100,RANDOM,0
163,16400,49.32623839378357,77593,78105.99,0.8,3.0,ONE_POINT,100,100,RANDOM,0
164,16500,49.621018409729004,77536,77977.1,0.8,3.0,ONE_POINT,100,100,RANDOM,0
165,16600,49.99570083618164,77496,77856.41,0.8,3.0,ONE_POINT,100,100,RANDOM,0
166,16700,50.35034680366516,77477,77746.05,0.8,3.0,ONE_POINT,100,100,RANDOM,0
167,16800,50.725666761398315,77152,77632.65,0.8,3.0,ONE_POINT,100,100,RANDOM,0
168,16900,51.081214904785156,77036,77541.31,0.8,3.0,ONE_POINT,100,100,RANDOM,0
169,17000,51.36243653297424,76930,77438.31,0.8,3.0,ONE_POINT,100,100,RANDOM,0
170,17100,51.668736696243286,76773,77314.77,0.8,3.0,ONE_POINT,100,100,RANDOM,0
171,17200,51.99856495857239,76690,77206.82,0.8,3.0,ONE_POINT,100,100,RANDOM,0
172,17300,52.299771308898926,76402,77085.26,0.8,3.0,ONE_POINT,100,100,RANDOM,0
173,17400,52.59852147102356,76402,76987.22,0.8,3.0,ONE_POINT,100,100,RANDOM,0
174,17500,52.892051219940186,76000,76824.4,0.8,3.0,ONE_POINT,100,100,RANDOM,0
175,17600,53.21575951576233,76000,76684.52,0.8,3.0,ONE_POINT,100,100,RANDOM,0
176,17700,53.51734638214111,76000,76581.79,0.8,3.0,ONE_POINT,100,100,RANDOM,0
177,17800,53.862069606781006,75897,76455.94,0.8,3.0,ONE_POINT,100,100,RANDOM,0
178,17900,54.14880037307739,75877,76329.6,0.8,3.0,ONE_POINT,100,100,RANDOM,0
179,18000,54.445077419281006,75770,76212.49,0.8,3.0,ONE_POINT,100,100,RANDOM,0
180,18100,54.71429967880249,75668,76086.07,0.8,3.0,ONE_POINT,100,100,RANDOM,0
181,18200,55.02628493309021,75638,75984.85,0.8,3.0,ONE_POINT,100,100,RANDOM,0
182,18300,55.31322121620178,75193,75885.01,0.8,3.0,ONE_POINT,100,100,RANDOM,0
183,18400,55.58477973937988,75193,75786.12,0.8,3.0,ONE_POINT,100,100,RANDOM,0
184,18500,55.86674475669861,75193,75691.56,0.8,3.0,ONE_POINT,100,100,RANDOM,0
185,18600,56.18171286582947,75072,75602.9,0.8,3.0,ONE_POINT,100,100,RANDOM,0
186,18700,56.46873593330383,75005,75518.61,0.8,3.0,ONE_POINT,100,100,RANDOM,0
187,18800,56.755449533462524,74602,75413.56,0.8,3.0,ONE_POINT,100,100,RANDOM,0
188,18900,57.02349138259888,74602,75300.49,0.8,3.0,ONE_POINT,100,100,RANDOM,0
189,19000,57.32591509819031,74602,75195.23,0.8,3.0,ONE_POINT,100,100,RANDOM,0
190,19100,57.638447284698486,74365,75045.21,0.8,3.0,ONE_POINT,100,100,RANDOM,0
191,19200,58.00935673713684,74365,74950.62,0.8,3.0,ONE_POINT,100,100,RANDOM,0
192,19300,58.30728244781494,74365,74850.67,0.8,3.0,ONE_POINT,100,100,RANDOM,0
193,19400,58.622443437576294,74327,74753.41,0.8,3.0,ONE_POINT,100,100,RANDOM,0
194,19500,58.91705584526062,74200,74640.25,0.8,3.0,ONE_POINT,100,100,RANDOM,0
195,19600,59.207603454589844,74097,74511.5,0.8,3.0,ONE_POINT,100,100,RANDOM,0
196,19700,59.49346613883972,74068,74435.83,0.8,3.0,ONE_POINT,100,100,RANDOM,0
197,19800,59.824119567871094,73749,74331.73,0.8,3.0,ONE_POINT,100,100,RANDOM,0
198,19900,60.106308460235596,73749,74230.09,0.8,3.0,ONE_POINT,100,100,RANDOM,0
199,20000,60.41565418243408,73697,74121.61,0.8,3.0,ONE_POINT,100,100,RANDOM,0
200,20100,60.726426124572754,73589,74029.53,0.8,3.0,ONE_POINT,100,100,RANDOM,0
201,20200,61.0114426612854,73562,73937.44,0.8,3.0,ONE_POINT,100,100,RANDOM,0
202,20300,61.353036880493164,73421,73832.27,0.8,3.0,ONE_POINT,100,100,RANDOM,0
203,20400,61.68821477890015,73421,73754.81,0.8,3.0,ONE_POINT,100,100,RANDOM,0
204,20500,62.02606272697449,73297,73665.69,0.8,3.0,ONE_POINT,100,100,RANDOM,0
205,20600,62.39862418174744,73203,73576.46,0.8,3.0,ONE_POINT,100,100,RANDOM,0
206,20700,62.75348496437073,73177,73473.41,0.8,3.0,ONE_POINT,100,100,RANDOM,0
207,20800,63.10928964614868,72978,73373.98,0.8,3.0,ONE_POINT,100,100,RANDOM,0
208,20900,63.41187405586243,72744,73287.48,0.8,3.0,ONE_POINT,100,100,RANDOM,0
209,21000,63.743654012680054,72636,73183.85,0.8,3.0,ONE_POINT,100,100,RANDOM,0
210,21100,64.05906867980957,72578,73092.04,0.8,3.0,ONE_POINT,100,100,RANDOM,0
211,21200,64.34658360481262,72242,72948.76,0.8,3.0,ONE_POINT,100,100,RANDOM,0
212,21300,64.70338892936707,72242,72816.25,0.8,3.0,ONE_POINT,100,100,RANDOM,0
213,21400,65.10058856010437,72201,72680.28,0.8,3.0,ONE_POINT,100,100,RANDOM,0
214,21500,65.48208427429199,71908,72533.41,0.8,3.0,ONE_POINT,100,100,RANDOM,0
215,21600,65.77408146858215,71730,72418.31,0.8,3.0,ONE_POINT,100,100,RANDOM,0
216,21700,66.08770537376404,71632,72291.94,0.8,3.0,ONE_POINT,100,100,RANDOM,0
217,21800,66.43032002449036,71632,72174.8,0.8,3.0,ONE_POINT,100,100,RANDOM,0
218,21900,66.75850129127502,71453,72026.07,0.8,3.0,ONE_POINT,100,100,RANDOM,0
219,22000,67.08014988899231,71453,71889.19,0.8,3.0,ONE_POINT,100,100,RANDOM,0
220,22100,67.38967394828796,71339,71763.02,0.8,3.0,ONE_POINT,100,100,RANDOM,0
221,22200,67.71010112762451,71009,71625.52,0.8,3.0,ONE_POINT,100,100,RANDOM,0
222,22300,67.99991059303284,70928,71514.71,0.8,3.0,ONE_POINT,100,100,RANDOM,0
223,22400,68.30546164512634,70928,71415.82,0.8,3.0,ONE_POINT,100,100,RANDOM,0
224,22500,68.588702917099,70717,71327.43,0.8,3.0,ONE_POINT,100,100,RANDOM,0
225,22600,68.89081072807312,70575,71227.46,0.8,3.0,ONE_POINT,100,100,RANDOM,0
226,22700,69.23352432250977,70457,71088.43,0.8,3.0,ONE_POINT,100,100,RANDOM,0
227,22800,69.58396983146667,70457,70958.51,0.8,3.0,ONE_POINT,100,100,RANDOM,0
228,22900,69.95233726501465,70457,70825.91,0.8,3.0,ONE_POINT,100,100,RANDOM,0
229,23000,70.24741077423096,70268,70704.24,0.8,3.0,ONE_POINT,100,100,RANDOM,0
230,23100,70.55028414726257,70089,70594.52,0.8,3.0,ONE_POINT,100,100,RANDOM,0
231,23200,70.88627815246582,70089,70495.54,0.8,3.0,ONE_POINT,100,100,RANDOM,0
232,23300,71.1735532283783,69576,70367.56,0.8,3.0,ONE_POINT,100,100,RANDOM,0
233,23400,71.48367118835449,69576,70236.75,0.8,3.0,ONE_POINT,100,100,RANDOM,0
234,23500,71.78133296966553,69467,70133.49,0.8,3.0,ONE_POINT,100,100,RANDOM,0
235,23600,72.06371688842773,69467,70046.73,0.8,3.0,ONE_POINT,100,100,RANDOM,0
236,23700,72.36291837692261,69259,69931.57,0.8,3.0,ONE_POINT,100,100,RANDOM,0
237,23800,72.66099286079407,69217,69788.27,0.8,3.0,ONE_POINT,100,100,RANDOM,0
238,23900,72.96929597854614,68541,69625.26,0.8,3.0,ONE_POINT,100,100,RANDOM,0
239,24000,73.24988102912903,68424,69416.76,0.8,3.0,ONE_POINT,100,100,RANDOM,0
240,24100,73.55928826332092,68424,69262.48,0.8,3.0,ONE_POINT,100,100,RANDOM,0
241,24200,73.86978149414062,68424,69120.94,0.8,3.0,ONE_POINT,100,100,RANDOM,0
242,24300,74.15864729881287,68424,69010.0,0.8,3.0,ONE_POINT,100,100,RANDOM,0
243,24400,74.42203187942505,68196,68888.61,0.8,3.0,ONE_POINT,100,100,RANDOM,0
244,24500,74.7218906879425,68196,68761.44,0.8,3.0,ONE_POINT,100,100,RANDOM,0
245,24600,75.02797961235046,68196,68651.54,0.8,3.0,ONE_POINT,100,100,RANDOM,0
246,24700,75.29508304595947,68196,68538.38,0.8,3.0,ONE_POINT,100,100,RANDOM,0
247,24800,75.61665892601013,68196,68456.04,0.8,3.0,ONE_POINT,100,100,RANDOM,0
248,24900,75.89842939376831,68086,68369.84,0.8,3.0,ONE_POINT,100,100,RANDOM,0
249,25000,76.18118190765381,67988,68316.9,0.8,3.0,ONE_POINT,100,100,RANDOM,0
250,25100,76.48738479614258,67767,68252.23,0.8,3.0,ONE_POINT,100,100,RANDOM,0
251,25200,76.81660342216492,67589,68179.52,0.8,3.0,ONE_POINT,100,100,RANDOM,0
252,25300,77.15302109718323,67391,68107.86,0.8,3.0,ONE_POINT,100,100,RANDOM,0
253,25400,77.49247312545776,67391,68003.79,0.8,3.0,ONE_POINT,100,100,RANDOM,0
254,25500,77.8146710395813,67213,67897.5,0.8,3.0,ONE_POINT,100,100,RANDOM,0
255,25600,78.17074418067932,67168,67751.98,0.8,3.0,ONE_POINT,100,100,RANDOM,0
256,25700,78.5608286857605,67168,67632.88,0.8,3.0,ONE_POINT,100,100,RANDOM,0
257,25800,78.91763472557068,66873,67498.81,0.8,3.0,ONE_POINT,100,100,RANDOM,0
258,25900,79.33114767074585,66873,67384.25,0.8,3.0,ONE_POINT,100,100,RANDOM,0
259,26000,79.71502113342285,66776,67244.31,0.8,3.0,ONE_POINT,100,100,RANDOM,0
260,26100,80.06468296051025,66776,67114.9,0.8,3.0,ONE_POINT,100,100,RANDOM,0
261,26200,80.33441734313965,66550,67031.36,0.8,3.0,ONE_POINT,100,100,RANDOM,0
262,26300,80.64676928520203,66550,66896.36,0.8,3.0,ONE_POINT,100,100,RANDOM,0
263,26400,80.91757869720459,66308,66806.49,0.8,3.0,ONE_POINT,100,100,RANDOM,0
264,26500,81.23309969902039,66293,66723.32,0.8,3.0,ONE_POINT,100,100,RANDOM,0
265,26600,81.59399318695068,66037,66609.84,0.8,3.0,ONE_POINT,100,100,RANDOM,0
266,26700,81.96460056304932,66003,66497.12,0.8,3.0,ONE_POINT,100,100,RANDOM,0
267,26800,82.33455896377563,66003,66395.48,0.8,3.0,ONE_POINT,100,100,RANDOM,0
268,26900,82.68271350860596,65850,66250.23,0.8,3.0,ONE_POINT,100,100,RANDOM,0
269,27000,83.01210808753967,65850,66163.48,0.8,3.0,ONE_POINT,100,100,RANDOM,0
270,27100,83.32182717323303,65661,66051.12,0.8,3.0,ONE_POINT,100,100,RANDOM,0
271,27200,83.6197407245636,65541,65961.18,0.8,3.0,ONE_POINT,100,100,RANDOM,0
272,27300,83.91993856430054,65151,65889.86,0.8,3.0,ONE_POINT,100,100,RANDOM,0
273,27400,84.19711661338806,65151,65814.66,0.8,3.0,ONE_POINT,100,100,RANDOM,0
274,27500,84.49305558204651,65151,65723.72,0.8,3.0,ONE_POINT,100,100,RANDOM,0
275,27600,84.82107257843018,65134,65644.31,0.8,3.0,ONE_POINT,100,100,RANDOM,0
276,27700,85.12268543243408,65134,65550.63,0.8,3.0,ONE_POINT,100,100,RANDOM,0
277,27800,85.39245939254761,65131,65465.89,0.8,3.0,ONE_POINT,100,100,RANDOM,0
278,27900,85.74646401405334,65022,65389.92,0.8,3.0,ONE_POINT,100,100,RANDOM,0
279,28000,86.1458899974823,65022,65312.4,0.8,3.0,ONE_POINT,100,100,RANDOM,0
280,28100,86.49807119369507,64998,65236.86,0.8,3.0,ONE_POINT,100,100,RANDOM,0
281,28200,86.82476902008057,64918,65186.21,0.8,3.0,ONE_POINT,100,100,RANDOM,0
282,28300,87.10878801345825,64918,65121.52,0.8,3.0,ONE_POINT,100,100,RANDOM,0
283,28400,87.40069389343262,64808,65074.63,0.8,3.0,ONE_POINT,100,100,RANDOM,0
284,28500,87.72109794616699,64808,65034.84,0.8,3.0,ONE_POINT,100,100,RANDOM,0
285,28600,88.0385262966156,64702,64975.16,0.8,3.0,ONE_POINT,100,100,RANDOM,0
286,28700,88.46372318267822,64627,64915.23,0.8,3.0,ONE_POINT,100,100,RANDOM,0
287,28800,88.82433342933655,64601,64861.11,0.8,3.0,ONE_POINT,100,100,RANDOM,0
288,28900,89.16192126274109,64594,64805.92,0.8,3.0,ONE_POINT,100,100,RANDOM,0
289,29000,89.45230078697205,64544,64749.11,0.8,3.0,ONE_POINT,100,100,RANDOM,0
290,29100,89.77831482887268,64360,64680.39,0.8,3.0,ONE_POINT,100,100,RANDOM,0
291,29200,90.08588171005249,64360,64619.88,0.8,3.0,ONE_POINT,100,100,RANDOM,0
292,29300,90.39491033554077,64352,64555.26,0.8,3.0,ONE_POINT,100,100,RANDOM,0
293,29400,90.6948013305664,64287,64489.72,0.8,3.0,ONE_POINT,100,100,RANDOM,0
294,29500,91.02677249908447,64097,64416.62,0.8,3.0,ONE_POINT,100,100,RANDOM,0
295,29600,91.30705070495605,63861,64336.43,0.8,3.0,ONE_POINT,100,100,RANDOM,0
296,29700,91.63188886642456,63843,64264.47,0.8,3.0,ONE_POINT,100,100,RANDOM,0
297,29800,91.93608927726746,63780,64181.42,0.8,3.0,ONE_POINT,100,100,RANDOM,0
298,29900,92.21105742454529,63780,64121.87,0.8,3.0,ONE_POINT,100,100,RANDOM,0
299,30000,92.50126314163208,63778,64072.62,0.8,3.0,ONE_POINT,100,100,RANDOM,0
300,30100,92.78245377540588,63516,63993.44,0.8,3.0,ONE_POINT,100,100,RANDOM,0
301,30200,93.13204836845398,63389,63911.2,0.8,3.0,ONE_POINT,100,100,RANDOM,0
302,30300,93.49946761131287,63389,63811.28,0.8,3.0,ONE_POINT,100,100,RANDOM,0
303,30400,93.85659575462341,63389,63703.87,0.8,3.0,ONE_POINT,100,100,RANDOM,0
304,30500,94.1902163028717,63220,63599.56,0.8,3.0,ONE_POINT,100,100,RANDOM,0
305,30600,94.52836275100708,63163,63504.65,0.8,3.0,ONE_POINT,100,100,RANDOM,0
306,30700,94.85005068778992,63095,63394.74,0.8,3.0,ONE_POINT,100,100,RANDOM,0
307,30800,95.16643357276917,63033,63327.6,0.8,3.0,ONE_POINT,100,100,RANDOM,0
308,30900,95.44298934936523,62974,63256.14,0.8,3.0,ONE_POINT,100,100,RANDOM,0
309,31000,95.76984286308289,62870,63181.68,0.8,3.0,ONE_POINT,100,100,RANDOM,0
310,31100,96.05729007720947,62846,63115.17,0.8,3.0,ONE_POINT,100,100,RANDOM,0
311,31200,96.37245869636536,62793,63059.54,0.8,3.0,ONE_POINT,100,100,RANDOM,0
312,31300,96.67347598075867,62740,62995.77,0.8,3.0,ONE_POINT,100,100,RANDOM,0
313,31400,97.00926852226257,62623,62924.59,0.8,3.0,ONE_POINT,100,100,RANDOM,0
314,31500,97.32366228103638,62623,62855.87,0.8,3.0,ONE_POINT,100,100,RANDOM,0
315,31600,97.70592212677002,62533,62796.86,0.8,3.0,ONE_POINT,100,100,RANDOM,0
316,31700,98.06833505630493,62497,62740.36,0.8,3.0,ONE_POINT,100,100,RANDOM,0
317,31800,98.43410682678223,62266,62674.16,0.8,3.0,ONE_POINT,100,100,RANDOM,0
318,31900,98.78617835044861,62266,62616.01,0.8,3.0,ONE_POINT,100,100,RANDOM,0
319,32000,99.110684633255,62142,62545.5,0.8,3.0,ONE_POINT,100,100,RANDOM,0
320,32100,99.43219327926636,62017,62451.59,0.8,3.0,ONE_POINT,100,100,RANDOM,0
321,32200,99.8233494758606,61934,62357.22,0.8,3.0,ONE_POINT,100,100,RANDOM,0
322,32300,100.19821262359619,61913,62265.65,0.8,3.0,ONE_POINT,100,100,RANDOM,0
323,32400,100.59101986885071,61833,62169.89,0.8,3.0,ONE_POINT,100,100,RANDOM,0
324,32500,100.99968814849854,61675,62087.98,0.8,3.0,ONE_POINT,100,100,RANDOM,0
325,32600,101.36257481575012,61533,61988.45,0.8,3.0,ONE_POINT,100,100,RANDOM,0
326,32700,101.71441221237183,61383,61894.22,0.8,3.0,ONE_POINT,100,100,RANDOM,0
327,32800,101.98467993736267,61152,61752.08,0.8,3.0,ONE_POINT,100,100,RANDOM,0
328,32900,102.2654857635498,61071,61631.2,0.8,3.0,ONE_POINT,100,100,RANDOM,0
329,33000,102.55893731117249,61071,61514.33,0.8,3.0,ONE_POINT,100,100,RANDOM,0
330,33100,102.84944415092468,61020,61419.27,0.8,3.0,ONE_POINT,100,100,RANDOM,0
331,33200,103.13820195198059,60986,61321.19,0.8,3.0,ONE_POINT,100,100,RANDOM,0
332,33300,103.47023963928223,60884,61218.43,0.8,3.0,ONE_POINT,100,100,RANDOM,0
333,33400,103.74728012084961,60833,61128.85,0.8,3.0,ONE_POINT,100,100,RANDOM,0
334,33500,104.04862070083618,60723,61055.09,0.8,3.0,ONE_POINT,100,100,RANDOM,0
335,33600,104.32997679710388,60723,60983.86,0.8,3.0,ONE_POINT,100,100,RANDOM,0
336,33700,104.61768221855164,60593,60928.48,0.8,3.0,ONE_POINT,100,100,RANDOM,0
337,33800,104.91084337234497,60440,60861.31,0.8,3.0,ONE_POINT,100,100,RANDOM,0
338,33900,105.19241213798523,60440,60804.32,0.8,3.0,ONE_POINT,100,100,RANDOM,0
339,34000,105.46495795249939,60440,60752.43,0.8,3.0,ONE_POINT,100,100,RANDOM,0
340,34100,105.745281457901,60395,60691.16,0.8,3.0,ONE_POINT,100,100,RANDOM,0
341,34200,106.02521800994873,60381,60620.64,0.8,3.0,ONE_POINT,100,100,RANDOM,0
342,34300,106.31359720230103,60348,60562.62,0.8,3.0,ONE_POINT,100,100,RANDOM,0
343,34400,106.58128190040588,60023,60495.59,0.8,3.0,ONE_POINT,100,100,RANDOM,0
344,34500,106.90124464035034,60023,60419.76,0.8,3.0,ONE_POINT,100,100,RANDOM,0
345,34600,107.17305183410645,60023,60356.03,0.8,3.0,ONE_POINT,100,100,RANDOM,0
346,34700,107.47096920013428,60023,60295.4,0.8,3.0,ONE_POINT,100,100,RANDOM,0
347,34800,107.76154208183289,60017,60234.39,0.8,3.0,ONE_POINT,100,100,RANDOM,0
348,34900,108.04493379592896,59950,60170.53,0.8,3.0,ONE_POINT,100,100,RANDOM,0
349,35000,108.3434042930603,59775,60095.06,0.8,3.0,ONE_POINT,100,100,RANDOM,0
350,35100,108.63888502120972,59775,60019.27,0.8,3.0,ONE_POINT,100,100,RANDOM,0
351,35200,108.93213510513306,59639,59952.43,0.8,3.0,ONE_POINT,100,100,RANDOM,0
352,35300,109.2068362236023,59581,59885.57,0.8,3.0,ONE_POINT,100,100,RANDOM,0
353,35400,109.52551698684692,59441,59807.25,0.8,3.0,ONE_POINT,100,100,RANDOM,0
354,35500,109.82926154136658,59275,59710.95,0.8,3.0,ONE_POINT,100,100,RANDOM,0
355,35600,110.23726105690002,59177,59635.74,0.8,3.0,ONE_POINT,100,100,RANDOM,0
356,35700,110.57404828071594,59177,59567.79,0.8,3.0,ONE_POINT,100,100,RANDOM,0
357,35800,110.96599841117859,59177,59494.64,0.8,3.0,ONE_POINT,100,100,RANDOM,0
358,35900,111.33022022247314,59177,59439.33,0.8,3.0,ONE_POINT,100,100,RANDOM,0
359,36000,111.69464468955994,58958,59371.58,0.8,3.0,ONE_POINT,100,100,RANDOM,0
360,36100,112.05537462234497,58710,59303.05,0.8,3.0,ONE_POINT,100,100,RANDOM,0
361,36200,112.37891578674316,58710,59250.46,0.8,3.0,ONE_POINT,100,100,RANDOM,0
362,36300,112.71241927146912,58710,59190.74,0.8,3.0,ONE_POINT,100,100,RANDOM,0
363,36400,113.0000433921814,58710,59125.26,0.8,3.0,ONE_POINT,100,100,RANDOM,0
364,36500,113.30382800102234,58710,59030.69,0.8,3.0,ONE_POINT,100,100,RANDOM,0
365,36600,113.5718252658844,58710,58969.96,0.8,3.0,ONE_POINT,100,100,RANDOM,0
366,36700,113.8781590461731,58710,58911.12,0.8,3.0,ONE_POINT,100,100,RANDOM,0
367,36800,114.15518307685852,58629,58842.62,0.8,3.0,ONE_POINT,100,100,RANDOM,0
368,36900,114.49959087371826,58577,58789.11,0.8,3.0,ONE_POINT,100,100,RANDOM,0
369,37000,114.77417516708374,58577,58746.22,0.8,3.0,ONE_POINT,100,100,RANDOM,0
370,37100,115.0913462638855,58546,58702.94,0.8,3.0,ONE_POINT,100,100,RANDOM,0
371,37200,115.3717577457428,58494,58663.13,0.8,3.0,ONE_POINT,100,100,RANDOM,0
372,37300,115.66156125068665,58450,58615.48,0.8,3.0,ONE_POINT,100,100,RANDOM,0
373,37400,115.98179912567139,58381,58575.82,0.8,3.0,ONE_POINT,100,100,RANDOM,0
374,37500,116.25810837745667,58381,58538.97,0.8,3.0,ONE_POINT,100,100,RANDOM,0
375,37600,116.55605673789978,58336,58505.26,0.8,3.0,ONE_POINT,100,100,RANDOM,0
376,37700,116.85972380638123,58259,58476.01,0.8,3.0,ONE_POINT,100,100,RANDOM,0
377,37800,117.17367815971375,58187,58435.01,0.8,3.0,ONE_POINT,100,100,RANDOM,0
378,37900,117.46372270584106,58187,58398.63,0.8,3.0,ONE_POINT,100,100,RANDOM,0
379,38000,117.74871397018433,58187,58354.63,0.8,3.0,ONE_POINT,100,100,RANDOM,0
380,38100,118.06919169425964,58028,58305.35,0.8,3.0,ONE_POINT,100,100,RANDOM,0
381,38200,118.36449909210205,57992,58248.38,0.8,3.0,ONE_POINT,100,100,RANDOM,0
382,38300,118.67064571380615,57875,58181.38,0.8,3.0,ONE_POINT,100,100,RANDOM,0
383,38400,118.95672154426575,57749,58092.75,0.8,3.0,ONE_POINT,100,100,RANDOM,0
384,38500,119.25383853912354,57749,58026.46,0.8,3.0,ONE_POINT,100,100,RANDOM,0
385,38600,119.54300093650818,57749,57965.55,0.8,3.0,ONE_POINT,100,100,RANDOM,0
386,38700,119.87109303474426,57599,57908.38,0.8,3.0,ONE_POINT,100,100,RANDOM,0
387,38800,120.18808484077454,57551,57846.08,0.8,3.0,ONE_POINT,100,100,RANDOM,0
388,38900,120.52434062957764,57411,57780.32,0.8,3.0,ONE_POINT,100,100,RANDOM,0
389,39000,120.87700390815735,57375,57692.09,0.8,3.0,ONE_POINT,100,100,RANDOM,0
390,39100,121.25696086883545,57260,57604.99,0.8,3.0,ONE_POINT,100,100,RANDOM,0
391,39200,121.59925889968872,57260,57532.0,0.8,3.0,ONE_POINT,100,100,RANDOM,0
392,39300,121.90039443969727,57058,57443.56,0.8,3.0,ONE_POINT,100,100,RANDOM,0
393,39400,122.24565124511719,56937,57365.42,0.8,3.0,ONE_POINT,100,100,RANDOM,0
394,39500,122.62561297416687,56852,57280.19,0.8,3.0,ONE_POINT,100,100,RANDOM,0
395,39600,123.00535297393799,56852,57183.24,0.8,3.0,ONE_POINT,100,100,RANDOM,0
396,39700,123.3184003829956,56841,57101.53,0.8,3.0,ONE_POINT,100,100,RANDOM,0
397,39800,123.65609741210938,56768,57046.73,0.8,3.0,ONE_POINT,100,100,RANDOM,0
398,39900,123.9513852596283,56721,56999.1,0.8,3.0,ONE_POINT,100,100,RANDOM,0
399,40000,124.23059153556824,56619,56930.18,0.8,3.0,ONE_POINT,100,100,RANDOM,0
400,40100,124.52479457855225,56482,56841.78,0.8,3.0,ONE_POINT,100,100,RANDOM,0
401,40200,124.81786012649536,56480,56770.54,0.8,3.0,ONE_POINT,100,100,RANDOM,0
402,40300,125.10338306427002,56414,56689.56,0.8,3.0,ONE_POINT,100,100,RANDOM,0
403,40400,125.38682079315186,56329,56600.67,0.8,3.0,ONE_POINT,100,100,RANDOM,0
404,40500,125.66121363639832,56329,56539.86,0.8,3.0,ONE_POINT,100,100,RANDOM,0
405,40600,126.01866674423218,56034,56471.82,0.8,3.0,ONE_POINT,100,100,RANDOM,0
406,40700,126.32361006736755,56034,56397.74,0.8,3.0,ONE_POINT,100,100,RANDOM,0
407,40800,126.60412359237671,56034,56322.05,0.8,3.0,ONE_POINT,100,100,RANDOM,0
408,40900,126.87688517570496,55962,56265.26,0.8,3.0,ONE_POINT,100,100,RANDOM,0
409,41000,127.17493343353271,55801,56195.61,0.8,3.0,ONE_POINT,100,100,RANDOM,0
410,41100,127.44611668586731,55801,56119.04,0.8,3.0,ONE_POINT,100,100,RANDOM,0
411,41200,127.73523163795471,55762,56028.92,0.8,3.0,ONE_POINT,100,100,RANDOM,0
412,41300,128.03152322769165,55478,55945.32,0.8,3.0,ONE_POINT,100,100,RANDOM,0
413,41400,128.32187700271606,55478,55855.61,0.8,3.0,ONE_POINT,100,100,RANDOM,0
414,41500,128.6164858341217,55443,55779.76,0.8,3.0,ONE_POINT,100,100,RANDOM,0
415,41600,128.9237732887268,55443,55698.21,0.8,3.0,ONE_POINT,100,100,RANDOM,0
416,41700,129.19458651542664,55353,55629.24,0.8,3.0,ONE_POINT,100,100,RANDOM,0
417,41800,129.48050546646118,54959,55545.03,0.8,3.0,ONE_POINT,100,100,RANDOM,0
418,41900,129.78079867362976,54959,55470.65,0.8,3.0,ONE_POINT,100,100,RANDOM,0
419,42000,130.07376551628113,54959,55387.21,0.8,3.0,ONE_POINT,100,100,RANDOM,0
420,42100,130.3606197834015,54959,55303.6,0.8,3.0,ONE_POINT,100,100,RANDOM,0
421,42200,130.66769909858704,54959,55219.31,0.8,3.0,ONE_POINT,100,100,RANDOM,0
422,42300,131.04128575325012,54811,55162.52,0.8,3.0,ONE_POINT,100,100,RANDOM,0
423,42400,131.4135205745697,54811,55094.77,0.8,3.0,ONE_POINT,100,100,RANDOM,0
424,42500,131.78284978866577,54811,55027.72,0.8,3.0,ONE_POINT,100,100,RANDOM,0
425,42600,132.12950730323792,54709,54973.12,0.8,3.0,ONE_POINT,100,100,RANDOM,0
426,42700,132.45310735702515,54641,54915.29,0.8,3.0,ONE_POINT,100,100,RANDOM,0
427,42800,132.75195789337158,54622,54863.89,0.8,3.0,ONE_POINT,100,100,RANDOM,0
428,42900,133.12875747680664,54534,54798.2,0.8,3.0,ONE_POINT,100,100,RANDOM,0
429,43000,133.42044234275818,54468,54736.26,0.8,3.0,ONE_POINT,100,100,RANDOM,0
430,43100,133.74731469154358,54468,54684.92,0.8,3.0,ONE_POINT,100,100,RANDOM,0
431,43200,134.06589436531067,54437,54614.78,0.8,3.0,ONE_POINT,100,100,RANDOM,0
432,43300,134.33967781066895,54293,54554.11,0.8,3.0,ONE_POINT,100,100,RANDOM,0
433,43400,134.65663385391235,54188,54505.12,0.8,3.0,ONE_POINT,100,100,RANDOM,0
434,43500,134.94713497161865,54188,54443.99,0.8,3.0,ONE_POINT,100,100,RANDOM,0
435,43600,135.24956965446472,54188,54391.91,0.8,3.0,ONE_POINT,100,100,RANDOM,0
436,43700,135.55276083946228,54142,54336.02,0.8,3.0,ONE_POINT,100,100,RANDOM,0
437,43800,135.8972132205963,54037,54278.04,0.8,3.0,ONE_POINT,100,100,RANDOM,0
438,43900,136.21219849586487,54037,54228.22,0.8,3.0,ONE_POINT,100,100,RANDOM,0
439,44000,136.52068996429443,53909,54169.8,0.8,3.0,ONE_POINT,100,100,RANDOM,0
440,44100,136.83635234832764,53852,54126.71,0.8,3.0,ONE_POINT,100,100,RANDOM,0
441,44200,137.16051697731018,53819,54069.64,0.8,3.0,ONE_POINT,100,100,RANDOM,0
442,44300,137.4803352355957,53800,54010.22,0.8,3.0,ONE_POINT,100,100,RANDOM,0
443,44400,137.78198862075806,53729,53963.22,0.8,3.0,ONE_POINT,100,100,RANDOM,0
444,44500,138.13660979270935,53729,53909.14,0.8,3.0,ONE_POINT,100,100,RANDOM,0
445,44600,138.425950050354,53531,53841.36,0.8,3.0,ONE_POINT,100,100,RANDOM,0
446,44700,138.81808471679688,53531,53780.63,0.8,3.0,ONE_POINT,100,100,RANDOM,0
447,44800,139.18209314346313,53477,53700.42,0.8,3.0,ONE_POINT,100,100,RANDOM,0
448,44900,139.54712080955505,53368,53638.66,0.8,3.0,ONE_POINT,100,100,RANDOM,0
449,45000,139.92498135566711,53250,53574.17,0.8,3.0,ONE_POINT,100,100,RANDOM,0
450,45100,140.31434059143066,53250,53530.12,0.8,3.0,ONE_POINT,100,100,RANDOM,0
451,45200,140.67122530937195,53250,53483.78,0.8,3.0,ONE_POINT,100,100,RANDOM,0
452,45300,141.03208804130554,53086,53417.0,0.8,3.0,ONE_POINT,100,100,RANDOM,0
453,45400,141.39345955848694,53086,53354.0,0.8,3.0,ONE_POINT,100,100,RANDOM,0
454,45500,141.76644492149353,53080,53295.9,0.8,3.0,ONE_POINT,100,100,RANDOM,0
455,45600,142.07810878753662,53016,53233.62,0.8,3.0,ONE_POINT,100,100,RANDOM,0
456,45700,142.37792992591858,53016,53182.83,0.8,3.0,ONE_POINT,100,100,RANDOM,0
457,45800,142.70459008216858,52948,53139.21,0.8,3.0,ONE_POINT,100,100,RANDOM,0
458,45900,143.03505063056946,52852,53090.97,0.8,3.0,ONE_POINT,100,100,RANDOM,0
459,46000,143.33635568618774,52818,53039.3,0.8,3.0,ONE_POINT,100,100,RANDOM,0
460,46100,143.6698260307312,52718,52979.49,0.8,3.0,ONE_POINT,100,100,RANDOM,0
461,46200,144.01097989082336,52718,52936.04,0.8,3.0,ONE_POINT,100,100,RANDOM,0
462,46300,144.31333208084106,52621,52885.64,0.8,3.0,ONE_POINT,100,100,RANDOM,0
463,46400,144.61041021347046,52616,52824.03,0.8,3.0,ONE_POINT,100,100,RANDOM,0
464,46500,144.9058816432953,52602,52782.1,0.8,3.0,ONE_POINT,100,100,RANDOM,0
465,46600,145.22175550460815,52412,52738.96,0.8,3.0,ONE_POINT,100,100,RANDOM,0
466,46700,145.58561444282532,52412,52676.86,0.8,3.0,ONE_POINT,100,100,RANDOM,0
467,46800,145.89020252227783,52358,52617.3,0.8,3.0,ONE_POINT,100,100,RANDOM,0
468,46900,146.21295285224915,52241,52545.9,0.8,3.0,ONE_POINT,100,100,RANDOM,0
469,47000,146.58688020706177,52241,52498.41,0.8,3.0,ONE_POINT,100,100,RANDOM,0
470,47100,146.94613003730774,52158,52431.72,0.8,3.0,ONE_POINT,100,100,RANDOM,0
471,47200,147.2913157939911,52018,52376.17,0.8,3.0,ONE_POINT,100,100,RANDOM,0
472,47300,147.56841659545898,51993,52321.29,0.8,3.0,ONE_POINT,100,100,RANDOM,0
473,47400,147.90921092033386,51989,52256.45,0.8,3.0,ONE_POINT,100,100,RANDOM,0
474,47500,148.26609444618225,51989,52197.62,0.8,3.0,ONE_POINT,100,100,RANDOM,0
475,47600,148.62229442596436,51969,52156.03,0.8,3.0,ONE_POINT,100,100,RANDOM,0
476,47700,148.95153903961182,51940,52094.3,0.8,3.0,ONE_POINT,100,100,RANDOM,0
477,47800,149.28476929664612,51825,52040.15,0.8,3.0,ONE_POINT,100,100,RANDOM,0
478,47900,149.5913314819336,51715,51995.35,0.8,3.0,ONE_POINT,100,100,RANDOM,0
479,48000,149.91879224777222,51715,51960.32,0.8,3.0,ONE_POINT,100,100,RANDOM,0
480,48100,150.26716232299805,51715,51913.09,0.8,3.0,ONE_POINT,100,100,RANDOM,0
481,48200,150.61867213249207,51513,51876.06,0.8,3.0,ONE_POINT,100,100,RANDOM,0
482,48300,150.95364379882812,51513,51821.33,0.8,3.0,ONE_POINT,100,100,RANDOM,0
483,48400,151.23170280456543,51513,51772.43,0.8,3.0,ONE_POINT,100,100,RANDOM,0
484,48500,151.54914331436157,51513,51728.9,0.8,3.0,ONE_POINT,100,100,RANDOM,0
485,48600,151.84445929527283,51419,51691.3,0.8,3.0,ONE_POINT,100,100,RANDOM,0
486,48700,152.15941452980042,51419,51630.92,0.8,3.0,ONE_POINT,100,100,RANDOM,0
487,48800,152.4313085079193,51348,51581.55,0.8,3.0,ONE_POINT,100,100,RANDOM,0
488,48900,152.76717901229858,51265,51534.74,0.8,3.0,ONE_POINT,100,100,RANDOM,0
489,49000,153.0800552368164,51265,51488.35,0.8,3.0,ONE_POINT,100,100,RANDOM,0
490,49100,153.40401601791382,51226,51445.2,0.8,3.0,ONE_POINT,100,100,RANDOM,0
491,49200,153.76204752922058,51226,51398.91,0.8,3.0,ONE_POINT,100,100,RANDOM,0
492,49300,154.1222665309906,51121,51351.28,0.8,3.0,ONE_POINT,100,100,RANDOM,0
493,49400,154.39908123016357,51119,51307.39,0.8,3.0,ONE_POINT,100,100,RANDOM,0
494,49500,154.7291181087494,51086,51265.6,0.8,3.0,ONE_POINT,100,100,RANDOM,0
495,49600,155.0348997116089,50986,51215.41,0.8,3.0,ONE_POINT,100,100,RANDOM,0
496,49700,155.35025477409363,50986,51173.03,0.8,3.0,ONE_POINT,100,100,RANDOM,0
497,49800,155.63770985603333,50986,51134.42,0.8,3.0,ONE_POINT,100,100,RANDOM,0
498,49900,155.92734384536743,50923,51093.82,0.8,3.0,ONE_POINT,100,100,RANDOM,0
499,50000,156.24896335601807,50923,51061.32,0.8,3.0,ONE_POINT,100,100,RANDOM,0
500,50100,156.55692219734192,50824,51027.27,0.8,3.0,ONE_POINT,100,100,RANDOM,0
1,200,0.19861745834350586,136536,145540.21,0.8,3.0,ONE_POINT,100,100,RANDOM,1
2,300,0.5466041564941406,127873,142340.81,0.8,3.0,ONE_POINT,100,100,RANDOM,1
3,400,0.9068222045898438,127873,139897.07,0.8,3.0,ONE_POINT,100,100,RANDOM,1
4,500,1.2658486366271973,127873,137591.12,0.8,3.0,ONE_POINT,100,100,RANDOM,1
5,600,1.6244683265686035,127873,135375.91,0.8,3.0,ONE_POINT,100,100,RANDOM,1
6,700,1.9543333053588867,126629,132753.67,0.8,3.0,ONE_POINT,100,100,RANDOM,1
7,800,2.265091896057129,125403,130971.9,0.8,3.0,ONE_POINT,100,100,RANDOM,1
8,900,2.6779870986938477,125286,129217.84,0.8,3.0,ONE_POINT,100,100,RANDOM,1
9,1000,3.1160402297973633,122697,128098.1,0.8,3.0,ONE_POINT,100,100,RANDOM,1
10,1100,3.4209413528442383,122697,126815.82,0.8,3.0,ONE_POINT,100,100,RANDOM,1
11,1200,3.758307695388794,118566,125455.76,0.8,3.0,ONE_POINT,100,100,RANDOM,1
12,1300,4.0366370677948,117719,124224.25,0.8,3.0,ONE_POINT,100,100,RANDOM,1
13,1400,4.336307764053345,115727,122649.39,0.8,3.0,ONE_POINT,100,100,RANDOM,1
14,1500,4.742566823959351,115727,121267.74,0.8,3.0,ONE_POINT,100,100,RANDOM,1
15,1600,5.125570297241211,113235,119875.45,0.8,3.0,ONE_POINT,100,100,RANDOM,1
16,1700,5.478029251098633,113235,118120.55,0.8,3.0,ONE_POINT,100,100,RANDOM,1
17,1800,5.853550910949707,111345,116491.97,0.8,3.0,ONE_POINT,100,100,RANDOM,1
18,1900,6.193704605102539,109436,114933.95,0.8,3.0,ONE_POINT,100,100,RANDOM,1
19,2000,6.500080108642578,108657,113420.01,0.8,3.0,ONE_POINT,100,100,RANDOM,1
20,2100,6.787933588027954,107556,112394.49,0.8,3.0,ONE_POINT,100,100,RANDOM,1
21,2200,7.1198060512542725,105085,110900.82,0.8,3.0,ONE_POINT,100,100,RANDOM,1
22,2300,7.435318470001221,105085,109517.06,0.8,3.0,ONE_POINT,100,100,RANDOM,1
23,2400,7.710196256637573,105013,108394.84,0.8,3.0,ONE_POINT,100,100,RANDOM,1
24,2500,7.986255645751953,103686,107396.56,0.8,3.0,ONE_POINT,100,100,RANDOM,1
25,2600,8.279678106307983,102208,106507.65,0.8,3.0,ONE_POINT,100,100,RANDOM,1
26,2700,8.559442520141602,102208,105829.54,0.8,3.0,ONE_POINT,100,100,RANDOM,1
27,2800,8.864318132400513,102169,105101.89,0.8,3.0,ONE_POINT,100,100,RANDOM,1
28,2900,9.147164106369019,102169,104478.23,0.8,3.0,ONE_POINT,100,100,RANDOM,1
29,3000,9.437707901000977,102169,103945.81,0.8,3.0,ONE_POINT,100,100,RANDOM,1
30,3100,9.751437425613403,101824,103444.19,0.8,3.0,ONE_POINT,100,100,RANDOM,1
31,3200,10.021216869354248,101012,102928.05,0.8,3.0,ONE_POINT,100,100,RANDOM,1
32,3300,10.30781364440918,101012,102450.46,0.8,3.0,ONE_POINT,100,100,RANDOM,1
33,3400,10.608998537063599,100895,101930.74,0.8,3.0,ONE_POINT,100,100,RANDOM,1
34,3500,10.904531717300415,99152,101407.17,0.8,3.0,ONE_POINT,100,100,RANDOM,1
35,3600,11.196036338806152,98659,100990.56,0.8,3.0,ONE_POINT,100,100,RANDOM,1
36,3700,11.472862005233765,98232,100503.82,0.8,3.0,ONE_POINT,100,100,RANDOM,1
37,3800,11.75049877166748,98232,100047.93,0.8,3.0,ONE_POINT,100,100,RANDOM,1
38,3900,12.029491186141968,96984,99474.93,0.8,3.0,ONE_POINT,100,100,RANDOM,1
39,4000,12.323809146881104,96959,98939.91,0.8,3.0,ONE_POINT,100,100,RANDOM,1
40,4100,12.629503011703491,96543,98297.24,0.8,3.0,ONE_POINT,100,100,RANDOM,1
41,4200,12.910424947738647,96213,97854.43,0.8,3.0,ONE_POINT,100,100,RANDOM,1
42,4300,13.196347713470459,95873,97467.53,0.8,3.0,ONE_POINT,100,100,RANDOM,1
43,4400,13.51872205734253,95086,96957.47,0.8,3.0,ONE_POINT,100,100,RANDOM,1
44,4500,13.795531272888184,94428,96488.68,0.8,3.0,ONE_POINT,100,100,RANDOM,1
45,4600,14.092663526535034,93936,96115.68,0.8,3.0,ONE_POINT,100,100,RANDOM,1
46,4700,14.384867906570435,93936,95798.08,0.8,3.0,ONE_POINT,100,100,RANDOM,1
47,4800,14.67106556892395,93936,95407.61,0.8,3.0,ONE_POINT,100,100,RANDOM,1
48,4900,14.972145318984985,93892,95134.48,0.8,3.0,ONE_POINT,100,100,RANDOM,1
49,5000,15.261922836303711,93000,94796.47,0.8,3.0,ONE_POINT,100,100,RANDOM,1
50,5100,15.591089248657227,92884,94472.48,0.8,3.0,ONE_POINT,100,100,RANDOM,1
51,5200,15.879586935043335,92884,94258.06,0.8,3.0,ONE_POINT,100,100,RANDOM,1
52,5300,16.148250579833984,92884,93958.43,0.8,3.0,ONE_POINT,100,100,RANDOM,1
53,5400,16.45935583114624,92124,93646.03,0.8,3.0,ONE_POINT,100,100,RANDOM,1
54,5500,16.755955457687378,90892,93279.72,0.8,3.0,ONE_POINT,100,100,RANDOM,1
55,5600,17.199381351470947,90877,92871.01,0.8,3.0,ONE_POINT,100,100,RANDOM,1
56,5700,17.575729608535767,90877,92577.54,0.8,3.0,ONE_POINT,100,100,RANDOM,1
57,5800,17.95483922958374,90019,92321.04,0.8,3.0,ONE_POINT,100,100,RANDOM,1
58,5900,18.28621220588684,89932,92055.4,0.8,3.0,ONE_POINT,100,100,RANDOM,1
59,6000,18.560681343078613,89932,91692.36,0.8,3.0,ONE_POINT,100,100,RANDOM,1
60,6100,18.844914436340332,89932,91318.47,0.8,3.0,ONE_POINT,100,100,RANDOM,1
61,6200,19.117950677871704,89730,90743.27,0.8,3.0,ONE_POINT,100,100,RANDOM,1
62,6300,19.40495228767395,89510,90282.37,0.8,3.0,ONE_POINT,100,100,RANDOM,1
63,6400,19.70733666419983,89338,90021.8,0.8,3.0,ONE_POINT,100,100,RANDOM,1
64,6500,20.017273664474487,89338,89875.25,0.8,3.0,ONE_POINT,100,100,RANDOM,1
65,6600,20.287145853042603,89220,89715.06,0.8,3.0,ONE_POINT,100,100,RANDOM,1
66,6700,20.559497117996216,88809,89581.65,0.8,3.0,ONE_POINT,100,100,RANDOM,1
67,6800,20.862842559814453,88129,89378.33,0.8,3.0,ONE_POINT,100,100,RANDOM,1
68,6900,21.179243803024292,88129,89195.26,0.8,3.0,ONE_POINT,100,100,RANDOM,1
69,7000,21.46050500869751,87677,88923.02,0.8,3.0,ONE_POINT,100,100,RANDOM,1
70,7100,21.752197980880737,87609,88659.71,0.8,3.0,ONE_POINT,100,100,RANDOM,1
71,7200,22.031304836273193,87609,88396.31,0.8,3.0,ONE_POINT,100,100,RANDOM,1
72,7300,22.335384607315063,87531,88153.12,0.8,3.0,ONE_POINT,100,100,RANDOM,1
73,7400,22.66977548599243,87080,87954.54,0.8,3.0,ONE_POINT,100,100,RANDOM,1
74,7500,22.96940851211548,86960,87782.48,0.8,3.0,ONE_POINT,100,100,RANDOM,1
75,7600,23.243764400482178,86960,87650.67,0.8,3.0,ONE_POINT,100,100,RANDOM,1
76,7700,23.544520616531372,86922,87497.16,0.8,3.0,ONE_POINT,100,100,RANDOM,1
77,7800,23.844128608703613,86843,87361.42,0.8,3.0,ONE_POINT,100,100,RANDOM,1
78,7900,24.162463903427124,86788,87206.09,0.8,3.0,ONE_POINT,100,100,RANDOM,1
79,8000,24.54762053489685,85885,87050.67,0.8,3.0,ONE_POINT,100,100,RANDOM,1
80,8100,24.9840829372406,85885,86895.27,0.8,3.0,ONE_POINT,100,100,RANDOM,1
81,8200,25.37644338607788,85885,86699.24,0.8,3.0,ONE_POINT,100,100,RANDOM,1
82,8300,25.731152534484863,85885,86510.8,0.8,3.0,ONE_POINT,100,100,RANDOM,1
83,8400,26.124539375305176,85672,86355.51,0.8,3.0,ONE_POINT,100,100,RANDOM,1
84,8500,26.512126922607422,85672,86201.4,0.8,3.0,ONE_POINT,100,100,RANDOM,1
85,8600,26.805884838104248,85017,85964.82,0.8,3.0,ONE_POINT,100,100,RANDOM,1
86,8700,27.180804014205933,84805,85742.28,0.8,3.0,ONE_POINT,100,100,RANDOM,1
87,8800,27.55548882484436,84607,85553.21,0.8,3.0,ONE_POINT,100,100,RANDOM,1
88,8900,27.859539031982422,84168,85354.27,0.8,3.0,ONE_POINT,100,100,RANDOM,1
89,9000,28.188897848129272,84077,85121.11,0.8,3.0,ONE_POINT,100,100,RANDOM,1
90,9100,28.475066900253296,84077,84959.63,0.8,3.0,ONE_POINT,100,100,RANDOM,1
91,9200,28.79314112663269,83979,84714.58,0.8,3.0,ONE_POINT,100,100,RANDOM,1
92,9300,29.075905084609985,83680,84494.93,0.8,3.0,ONE_POINT,100,100,RANDOM,1
93,9400,29.37926697731018,83680,84362.02,0.8,3.0,ONE_POINT,100,100,RANDOM,1
94,9500,29.65770721435547,83493,84157.78,0.8,3.0,ONE_POINT,100,100,RANDOM,1
95,9600,29.970848560333252,83426,84009.85,0.8,3.0,ONE_POINT,100,100,RANDOM,1
96,9700,30.2763192653656,83393,83866.16,0.8,3.0,ONE_POINT,100,100,RANDOM,1
97,9800,30.59073042869568,83273,83721.9,0.8,3.0,ONE_POINT,100,100,RANDOM,1
98,9900,30.900923252105713,82923,83588.29,0.8,3.0,ONE_POINT,100,100,RANDOM,1
99,10000,31.21807050704956,82655,83459.11,0.8,3.0,ONE_POINT,100,100,RANDOM,1
100,10100,31.5053768157959,82655,83297.14,0.8,3.0,ONE_POINT,100,100,RANDOM,1
101,10200,31.821478366851807,82405,83164.7,0.8,3.0,ONE_POINT,100,100,RANDOM,1
102,10300,32.09079313278198,82043,82968.59,0.8,3.0,ONE_POINT,100,100,RANDOM,1
103,10400,32.38281202316284,82021,82806.41,0.8,3.0,ONE_POINT,100,100,RANDOM,1
104,10500,32.65925097465515,81726,82589.3,0.8,3.0,ONE_POINT,100,100,RANDOM,1
105,10600,32.99280524253845,81506,82360.54,0.8,3.0,ONE_POINT,100,100,RANDOM,1
106,10700,33.27442383766174,80909,82040.55,0.8,3.0,ONE_POINT,100,100,RANDOM,1
107,10800,33.563016414642334,80787,81727.19,0.8,3.0,ONE_POINT,100,100,RANDOM,1
108,10900,33.84460163116455,80404,81545.73,0.8,3.0,ONE_POINT,100,100,RANDOM,1
109,11000,34.141101598739624,80404,81340.07,0.8,3.0,ONE_POINT,100,100,RANDOM,1
110,11100,34.43406963348389,79959,81073.76,0.8,3.0,ONE_POINT,100,100,RANDOM,1
111,11200,34.728275775909424,79633,80865.87,0.8,3.0,ONE_POINT,100,100,RANDOM,1
112,11300,35.06420397758484,79633,80629.47,0.8,3.0,ONE_POINT,100,100,RANDOM,1
113,11400,35.34683299064636,79633,80396.43,0.8,3.0,ONE_POINT,100,100,RANDOM,1
114,11500,35.641765832901,79288,80153.79,0.8,3.0,ONE_POINT,100,100,RANDOM,1
115,11600,35.97258186340332,79213,79952.8,0.8,3.0,ONE_POINT,100,100,RANDOM,1
116,11700,36.257901668548584,79180,79781.59,0.8,3.0,ONE_POINT,100,100,RANDOM,1
117,11800,36.53293967247009,78918,79601.32,0.8,3.0,ONE_POINT,100,100,RANDOM,1
118,11900,36.847249269485474,78802,79470.97,0.8,3.0,ONE_POINT,100,100,RANDOM,1
119,12000,37.128684282302856,78802,79292.22,0.8,3.0,ONE_POINT,100,100,RANDOM,1
120,12100,37.419371128082275,78294,79128.83,0.8,3.0,ONE_POINT,100,100,RANDOM,1
121,12200,37.69454336166382,78294,78980.41,0.8,3.0,ONE_POINT,100,100,RANDOM,1
122,12300,37.983606576919556,78270,78795.1,0.8,3.0,ONE_POINT,100,100,RANDOM,1
123,12400,38.26539635658264,77931,78586.07,0.8,3.0,ONE_POINT,100,100,RANDOM,1
124,12500,38.535829305648804,77825,78441.13,0.8,3.0,ONE_POINT,100,100,RANDOM,1
125,12600,38.83111000061035,77794,78281.29,0.8,3.0,ONE_POINT,100,100,RANDOM,1
126,12700,39.13975524902344,77584,78126.74,0.8,3.0,ONE_POINT,100,100,RANDOM,1
127,12800,39.42663335800171,77506,78007.14,0.8,3.0,ONE_POINT,100,100,RANDOM,1
128,12900,39.708518505096436,77275,77858.06,0.8,3.0,ONE_POINT,100,100,RANDOM,1
129,13000,39.979408740997314,77275,77756.27,0.8,3.0,ONE_POINT,100,100,RANDOM,1
130,13100,40.27670454978943,76565,77559.76,0.8,3.0,ONE_POINT,100,100,RANDOM,1
131,13200,40.60455012321472,76565,77374.02,0.8,3.0,ONE_POINT,100,100,RANDOM,1
132,13300,40.93767762184143,76565,77217.23,0.8,3.0,ONE_POINT,100,100,RANDOM,1
133,13400,41.21552753448486,76532,77052.36,0.8,3.0,ONE_POINT,100,100,RANDOM,1
134,13500,41.484004974365234,76327,76902.46,0.8,3.0,ONE_POINT,100,100,RANDOM,1
135,13600,41.75267696380615,76216,76727.01,0.8,3.0,ONE_POINT,100,100,RANDOM,1
136,13700,42.040417432785034,76186,76597.54,0.8,3.0,ONE_POINT,100,100,RANDOM,1
137,13800,42.35222792625427,75655,76410.59,0.8,3.0,ONE_POINT,100,100,RANDOM,1
138,13900,42.62484550476074,75655,76293.47,0.8,3.0,ONE_POINT,100,100,RANDOM,1
139,14000,42.92848205566406,74929,76126.52,0.8,3.0,ONE_POINT,100,100,RANDOM,1
140,14100,43.23963713645935,74880,75973.71,0.8,3.0,ONE_POINT,100,100,RANDOM,1
141,14200,43.516279458999634,74880,75807.52,0.8,3.0,ONE_POINT,100,100,RANDOM,1
142,14300,43.78961253166199,74634,75652.44,0.8,3.0,ONE_POINT,100,100,RANDOM,1
143,14400,44.05820155143738,74634,75473.69,0.8,3.0,ONE_POINT,100,100,RANDOM,1
144,14500,44.34891057014465,74583,75293.22,0.8,3.0,ONE_POINT,100,100,RANDOM,1
145,14600,44.63416075706482,74430,75100.69,0.8,3.0,ONE_POINT,100,100,RANDOM,1
146,14700,44.92851209640503,74130,74972.66,0.8,3.0,ONE_POINT,100,100,RANDOM,1
147,14800,45.224364280700684,74130,74823.26,0.8,3.0,ONE_POINT,100,100,RANDOM,1
148,14900,45.50045156478882,74009,74695.66,0.8,3.0,ONE_POINT,100,100,RANDOM,1
149,15000,45.780280113220215,73810,74531.59,0.8,3.0,ONE_POINT,100,100,RANDOM,1
150,15100,46.06842565536499,73725,74367.83,0.8,3.0,ONE_POINT,100,100,RANDOM,1
151,15200,46.34573936462402,73619,74138.8,0.8,3.0,ONE_POINT,100,100,RANDOM,1
152,15300,46.61483097076416,73470,73995.98,0.8,3.0,ONE_POINT,100,100,RANDOM,1
153,15400,46.89919900894165,73383,73881.71,0.8,3.0,ONE_POINT,100,100,RANDOM,1
154,15500,47.17924761772156,73316,73755.48,0.8,3.0,ONE_POINT,100,100,RANDOM,1
155,15600,47.50390934944153,73092,73629.93,0.8,3.0,ONE_POINT,100,100,RANDOM,1
156,15700,47.790693283081055,72541,73467.66,0.8,3.0,ONE_POINT,100,100,RANDOM,1
157,15800,48.081581592559814,72541,73313.49,0.8,3.0,ONE_POINT,100,100,RANDOM,1
158,15900,48.35095453262329,72541,73161.24,0.8,3.0,ONE_POINT,100,100,RANDOM,1
159,16000,48.637593507766724,72341,73019.92,0.8,3.0,ONE_POINT,100,100,RANDOM,1
160,16100,48.93953585624695,72185,72861.58,0.8,3.0,ONE_POINT,100,100,RANDOM,1
161,16200,49.26133346557617,72185,72694.33,0.8,3.0,ONE_POINT,100,100,RANDOM,1
162,16300,49.55741095542908,71786,72494.25,0.8,3.0,ONE_POINT,100,100,RANDOM,1
163,16400,49.84241342544556,71760,72340.84,0.8,3.0,ONE_POINT,100,100,RANDOM,1
164,16500,50.13768553733826,71604,72148.25,0.8,3.0,ONE_POINT,100,100,RANDOM,1
165,16600,50.42424821853638,71254,71991.72,0.8,3.0,ONE_POINT,100,100,RANDOM,1
166,16700,50.696500062942505,71254,71831.84,0.8,3.0,ONE_POINT,100,100,RANDOM,1
167,16800,51.00528693199158,71254,71696.57,0.8,3.0,ONE_POINT,100,100,RANDOM,1
168,16900,51.27479887008667,71249,71564.46,0.8,3.0,ONE_POINT,100,100,RANDOM,1
169,17000,51.5614812374115,71060,71441.41,0.8,3.0,ONE_POINT,100,100,RANDOM,1
170,17100,51.84934186935425,70833,71343.95,0.8,3.0,ONE_POINT,100,100,RANDOM,1
171,17200,52.1225311756134,70595,71232.34,0.8,3.0,ONE_POINT,100,100,RANDOM,1
172,17300,52.392998933792114,70166,71081.0,0.8,3.0,ONE_POINT,100,100,RANDOM,1
173,17400,52.67950963973999,70166,70924.49,0.8,3.0,ONE_POINT,100,100,RANDOM,1
174,17500,52.96600699424744,70012,70743.81,0.8,3.0,ONE_POINT,100,100,RANDOM,1
175,17600,53.24229311943054,69934,70580.49,0.8,3.0,ONE_POINT,100,100,RANDOM,1
176,17700,53.51839089393616,69675,70409.65,0.8,3.0,ONE_POINT,100,100,RANDOM,1
177,17800,53.80876612663269,69675,70257.05,0.8,3.0,ONE_POINT,100,100,RANDOM,1
178,17900,54.08115220069885,69414,70145.48,0.8,3.0,ONE_POINT,100,100,RANDOM,1
179,18000,54.366668939590454,69380,70008.99,0.8,3.0,ONE_POINT,100,100,RANDOM,1
180,18100,54.661949157714844,69312,69838.69,0.8,3.0,ONE_POINT,100,100,RANDOM,1
181,18200,54.948209285736084,69170,69699.05,0.8,3.0,ONE_POINT,100,100,RANDOM,1
182,18300,55.22160053253174,68937,69544.31,0.8,3.0,ONE_POINT,100,100,RANDOM,1
183,18400,55.51412892341614,68937,69388.59,0.8,3.0,ONE_POINT,100,100,RANDOM,1
184,18500,55.79593467712402,68838,69279.94,0.8,3.0,ONE_POINT,100,100,RANDOM,1
185,18600,56.07333326339722,68581,69104.6,0.8,3.0,ONE_POINT,100,100,RANDOM,1
186,18700,56.36273813247681,68581,69014.75,0.8,3.0,ONE_POINT,100,100,RANDOM,1
187,18800,56.632000207901,68413,68907.81,0.8,3.0,ONE_POINT,100,100,RANDOM,1
188,18900,56.93164896965027,68400,68798.99,0.8,3.0,ONE_POINT,100,100,RANDOM,1
189,19000,57.20256996154785,67833,68633.2,0.8,3.0,ONE_POINT,100,100,RANDOM,1
190,19100,57.49474358558655,67833,68496.98,0.8,3.0,ONE_POINT,100,100,RANDOM,1
191,19200,57.77395701408386,67703,68350.99,0.8,3.0,ONE_POINT,100,100,RANDOM,1
192,19300,58.07193326950073,67459,68235.33,0.8,3.0,ONE_POINT,100,100,RANDOM,1
193,19400,58.34493660926819,67289,68083.77,0.8,3.0,ONE_POINT,100,100,RANDOM,1
194,19500,58.65046763420105,67289,67908.83,0.8,3.0,ONE_POINT,100,100,RANDOM,1
195,19600,58.95298767089844,67196,67770.08,0.8,3.0,ONE_POINT,100,100,RANDOM,1
196,19700,59.223427057266235,67145,67637.75,0.8,3.0,ONE_POINT,100,100,RANDOM,1
197,19800,59.49351096153259,66800,67485.72,0.8,3.0,ONE_POINT,100,100,RANDOM,1
198,19900,59.76295733451843,66800,67346.06,0.8,3.0,ONE_POINT,100,100,RANDOM,1
199,20000,60.04978799819946,66786,67244.24,0.8,3.0,ONE_POINT,100,100,RANDOM,1
200,20100,60.32961058616638,66627,67111.43,0.8,3.0,ONE_POINT,100,100,RANDOM,1
201,20200,60.61651921272278,66602,66990.28,0.8,3.0,ONE_POINT,100,100,RANDOM,1
202,20300,60.92788338661194,66292,66856.62,0.8,3.0,ONE_POINT,100,100,RANDOM,1
203,20400,61.22478008270264,65859,66690.54,0.8,3.0,ONE_POINT,100,100,RANDOM,1
204,20500,61.51054930686951,65859,66537.1,0.8,3.0,ONE_POINT,100,100,RANDOM,1
205,20600,61.840917110443115,65859,66435.81,0.8,3.0,ONE_POINT,100,100,RANDOM,1
206,20700,62.14929914474487,65646,66318.54,0.8,3.0,ONE_POINT,100,100,RANDOM,1
207,20800,62.42776536941528,65476,66182.36,0.8,3.0,ONE_POINT,100,100,RANDOM,1
208,20900,62.74841237068176,65476,66086.64,0.8,3.0,ONE_POINT,100,100,RANDOM,1
209,21000,63.04598569869995,65296,65937.81,0.8,3.0,ONE_POINT,100,100,RANDOM,1
210,21100,63.331586837768555,65200,65781.87,0.8,3.0,ONE_POINT,100,100,RANDOM,1
211,21200,63.61306428909302,65200,65653.7,0.8,3.0,ONE_POINT,100,100,RANDOM,1
212,21300,63.89931607246399,65077,65489.29,0.8,3.0,ONE_POINT,100,100,RANDOM,1
213,21400,64.18564176559448,64868,65382.33,0.8,3.0,ONE_POINT,100,100,RANDOM,1
214,21500,64.46367716789246,64868,65271.95,0.8,3.0,ONE_POINT,100,100,RANDOM,1
215,21600,64.75622940063477,64852,65207.53,0.8,3.0,ONE_POINT,100,100,RANDOM,1
216,21700,65.03329014778137,64812,65112.45,0.8,3.0,ONE_POINT,100,100,RANDOM,1
217,21800,65.3109176158905,64694,65008.01,0.8,3.0,ONE_POINT,100,100,RANDOM,1
218,21900,65.59056282043457,64566,64908.6,0.8,3.0,ONE_POINT,100,100,RANDOM,1
219,22000,65.87635922431946,64489,64820.32,0.8,3.0,ONE_POINT,100,100,RANDOM,1
220,22100,66.16065263748169,64435,64737.95,0.8,3.0,ONE_POINT,100,100,RANDOM,1
221,22200,66.43774056434631,64275,64648.19,0.8,3.0,ONE_POINT,100,100,RANDOM,1
222,22300,66.71264624595642,64124,64567.8,0.8,3.0,ONE_POINT,100,100,RANDOM,1
223,22400,67.00440955162048,64097,64495.25,0.8,3.0,ONE_POINT,100,100,RANDOM,1
224,22500,67.30042958259583,64007,64398.51,0.8,3.0,ONE_POINT,100,100,RANDOM,1
225,22600,67.58675909042358,63923,64301.7,0.8,3.0,ONE_POINT,100,100,RANDOM,1
226,22700,67.91292309761047,63710,64171.49,0.8,3.0,ONE_POINT,100,100,RANDOM,1
227,22800,68.18226647377014,63710,64084.97,0.8,3.0,ONE_POINT,100,100,RANDOM,1
228,22900,68.47747826576233,63566,63972.42,0.8,3.0,ONE_POINT,100,100,RANDOM,1
229,23000,68.79061007499695,63512,63859.13,0.8,3.0,ONE_POINT,100,100,RANDOM,1
230,23100,69.06714057922363,63288,63719.94,0.8,3.0,ONE_POINT,100,100,RANDOM,1
231,23200,69.35266852378845,63233,63593.51,0.8,3.0,ONE_POINT,100,100,RANDOM,1
232,23300,69.62623023986816,63061,63508.06,0.8,3.0,ONE_POINT,100,100,RANDOM,1
233,23400,69.90929388999939,63061,63447.64,0.8,3.0,ONE_POINT,100,100,RANDOM,1
234,23500,70.2022647857666,63061,63379.02,0.8,3.0,ONE_POINT,100,100,RANDOM,1
235,23600,70.48560953140259,63047,63318.79,0.8,3.0,ONE_POINT,100,100,RANDOM,1
236,23700,70.84226083755493,62895,63269.44,0.8,3.0,ONE_POINT,100,100,RANDOM,1
237,23800,71.11880826950073,62895,63216.01,0.8,3.0,ONE_POINT,100,100,RANDOM,1
238,23900,71.39161968231201,62725,63156.12,0.8,3.0,ONE_POINT,100,100,RANDOM,1
239,24000,71.66730809211731,62725,63101.2,0.8,3.0,ONE_POINT,100,100,RANDOM,1
240,24100,71.96838927268982,62715,63033.43,0.8,3.0,ONE_POINT,100,100,RANDOM,1
241,24200,72.23228240013123,62568,62955.8,0.8,3.0,ONE_POINT,100,100,RANDOM,1
242,24300,72.52341938018799,62455,62893.55,0.8,3.0,ONE_POINT,100,100,RANDOM,1
243,24400,72.80833673477173,62455,62821.09,0.8,3.0,ONE_POINT,100,100,RANDOM,1
244,24500,73.09890246391296,62375,62729.14,0.8,3.0,ONE_POINT,100,100,RANDOM,1
245,24600,73.37116122245789,62000,62627.45,0.8,3.0,ONE_POINT,100,100,RANDOM,1
246,24700,73.64713859558105,62000,62527.51,0.8,3.0,ONE_POINT,100,100,RANDOM,1
247,24800,73.98114538192749,62000,62434.55,0.8,3.0,ONE_POINT,100,100,RANDOM,1
248,24900,74.25973296165466,61961,62297.41,0.8,3.0,ONE_POINT,100,100,RANDOM,1
249,25000,74.52942609786987,61961,62199.5,0.8,3.0,ONE_POINT,100,100,RANDOM,1
250,25100,74.81218409538269,61826,62110.6,0.8,3.0,ONE_POINT,100,100,RANDOM,1
251,25200,75.0946216583252,61670,62045.28,0.8,3.0,ONE_POINT,100,100,RANDOM,1
252,25300,75.38080716133118,61445,61973.22,0.8,3.0,ONE_POINT,100,100,RANDOM,1
253,25400,75.67443346977234,61445,61874.31,0.8,3.0,ONE_POINT,100,100,RANDOM,1
254,25500,75.97632598876953,61276,61735.68,0.8,3.0,ONE_POINT,100,100,RANDOM,1
255,25600,76.29219007492065,61262,61632.85,0.8,3.0,ONE_POINT,100,100,RANDOM,1
256,25700,76.58684802055359,61262,61568.32,0.8,3.0,ONE_POINT,100,100,RANDOM,1
257,25800,76.90469527244568,60993,61474.54,0.8,3.0,ONE_POINT,100,100,RANDOM,1
258,25900,77.18469500541687,60993,61403.34,0.8,3.0,ONE_POINT,100,100,RANDOM,1
259,26000,77.48218393325806,60834,61329.82,0.8,3.0,ONE_POINT,100,100,RANDOM,1
260,26100,77.7535629272461,60834,61250.5,0.8,3.0,ONE_POINT,100,100,RANDOM,1
261,26200,78.04761266708374,60798,61170.39,0.8,3.0,ONE_POINT,100,100,RANDOM,1
262,26300,78.33902335166931,60590,61052.25,0.8,3.0,ONE_POINT,100,100,RANDOM,1
263,26400,78.61148118972778,60483,60929.93,0.8,3.0,ONE_POINT,100,100,RANDOM,1
264,26500,78.89102387428284,60415,60821.39,0.8,3.0,ONE_POINT,100,100,RANDOM,1
265,26600,79.17108631134033,60256,60706.79,0.8,3.0,ONE_POINT,100,100,RANDOM,1
266,26700,79.46174454689026,60256,60625.7,0.8,3.0,ONE_POINT,100,100,RANDOM,1
267,26800,79.74809050559998,60115,60541.48,0.8,3.0,ONE_POINT,100,100,RANDOM,1
268,26900,80.0357391834259,60049,60453.81,0.8,3.0,ONE_POINT,100,100,RANDOM,1
269,27000,80.3286395072937,59740,60361.72,0.8,3.0,ONE_POINT,100,100,RANDOM,1
270,27100,80.59418368339539,59740,60272.14,0.8,3.0,ONE_POINT,100,100,RANDOM,1
271,27200,80.92193126678467,59685,60162.94,0.8,3.0,ONE_POINT,100,100,RANDOM,1
272,27300,81.19292330741882,59621,60078.89,0.8,3.0,ONE_POINT,100,100,RANDOM,1
273,27400,81.49705958366394,59507,59953.75,0.8,3.0,ONE_POINT,100,100,RANDOM,1
274,27500,81.79990530014038,59416,59846.9,0.8,3.0,ONE_POINT,100,100,RANDOM,1
275,27600,82.07779383659363,59367,59750.49,0.8,3.0,ONE_POINT,100,100,RANDOM,1
276,27700,82.3481113910675,59283,59644.56,0.8,3.0,ONE_POINT,100,100,RANDOM,1
277,27800,82.61819386482239,59283,59566.74,0.8,3.0,ONE_POINT,100,100,RANDOM,1
278,27900,82.9396321773529,59193,59487.62,0.8,3.0,ONE_POINT,100,100,RANDOM,1
279,28000,83.21631717681885,59159,59420.79,0.8,3.0,ONE_POINT,100,100,RANDOM,1
280,28100,83.48947358131409,59159,59346.11,0.8,3.0,ONE_POINT,100,100,RANDOM,1
281,28200,83.75527715682983,59056,59285.06,0.8,3.0,ONE_POINT,100,100,RANDOM,1
282,28300,84.03395247459412,59050,59243.76,0.8,3.0,ONE_POINT,100,100,RANDOM,1
283,28400,84.32675647735596,58913,59189.77,0.8,3.0,ONE_POINT,100,100,RANDOM,1
284,28500,84.60964107513428,58810,59133.02,0.8,3.0,ONE_POINT,100,100,RANDOM,1
285,28600,84.92285680770874,58676,59074.37,0.8,3.0,ONE_POINT,100,100,RANDOM,1
286,28700,85.23699903488159,58570,58993.39,0.8,3.0,ONE_POINT,100,100,RANDOM,1
287,28800,85.52613258361816,58570,58912.79,0.8,3.0,ONE_POINT,100,100,RANDOM,1
288,28900,85.80177450180054,58491,58825.39,0.8,3.0,ONE_POINT,100,100,RANDOM,1
289,29000,86.07966136932373,58469,58758.01,0.8,3.0,ONE_POINT,100,100,RANDOM,1
290,29100,86.3607656955719,58431,58684.0,0.8,3.0,ONE_POINT,100,100,RANDOM,1
291,29200,86.63784408569336,58337,58614.55,0.8,3.0,ONE_POINT,100,100,RANDOM,1
292,29300,86.96262073516846,58337,58559.91,0.8,3.0,ONE_POINT,100,100,RANDOM,1
293,29400,87.23030042648315,58184,58506.21,0.8,3.0,ONE_POINT,100,100,RANDOM,1
294,29500,87.51516127586365,58184,58451.45,0.8,3.0,ONE_POINT,100,100,RANDOM,1
295,29600,87.82345414161682,58123,58398.75,0.8,3.0,ONE_POINT,100,100,RANDOM,1
296,29700,88.12182927131653,57982,58347.32,0.8,3.0,ONE_POINT,100,100,RANDOM,1
297,29800,88.40959286689758,57939,58287.58,0.8,3.0,ONE_POINT,100,100,RANDOM,1
298,29900,88.71340012550354,57939,58227.56,0.8,3.0,ONE_POINT,100,100,RANDOM,1
299,30000,88.98682856559753,57913,58162.45,0.8,3.0,ONE_POINT,100,100,RANDOM,1
300,30100,89.27100133895874,57822,58075.45,0.8,3.0,ONE_POINT,100,100,RANDOM,1
301,30200,89.55217170715332,57686,57997.62,0.8,3.0,ONE_POINT,100,100,RANDOM,1
302,30300,89.83149719238281,57529,57911.69,0.8,3.0,ONE_POINT,100,100,RANDOM,1
303,30400,90.1736388206482,57383,57822.59,0.8,3.0,ONE_POINT,100,100,RANDOM,1
304,30500,90.46179366111755,57321,57741.84,0.8,3.0,ONE_POINT,100,100,RANDOM,1
305,30600,90.75622487068176,57152,57674.65,0.8,3.0,ONE_POINT,100,100,RANDOM,1
306,30700,91.03472948074341,57152,57593.01,0.8,3.0,ONE_POINT,100,100,RANDOM,1
307,30800,91.32789635658264,57152,57516.67,0.8,3.0,ONE_POINT,100,100,RANDOM,1
308,30900,91.6205620765686,57125,57445.25,0.8,3.0,ONE_POINT,100,100,RANDOM,1
309,31000,91.9180359840393,57076,57367.26,0.8,3.0,ONE_POINT,100,100,RANDOM,1
310,31100,92.18977379798889,56994,57296.28,0.8,3.0,ONE_POINT,100,100,RANDOM,1
311,31200,92.46934795379639,56881,57225.87,0.8,3.0,ONE_POINT,100,100,RANDOM,1
312,31300,92.78644371032715,56725,57135.08,0.8,3.0,ONE_POINT,100,100,RANDOM,1
313,31400,93.09740257263184,56725,57058.29,0.8,3.0,ONE_POINT,100,100,RANDOM,1
314,31500,93.40055632591248,56623,56982.39,0.8,3.0,ONE_POINT,100,100,RANDOM,1
315,31600,93.7092638015747,56623,56918.97,0.8,3.0,ONE_POINT,100,100,RANDOM,1
316,31700,94.01504802703857,56623,56859.2,0.8,3.0,ONE_POINT,100,100,RANDOM,1
317,31800,94.31196594238281,56502,56780.06,0.8,3.0,ONE_POINT,100,100,RANDOM,1
318,31900,94.5863995552063,56371,56721.45,0.8,3.0,ONE_POINT,100,100,RANDOM,1
319,32000,94.87260508537292,56350,56654.05,0.8,3.0,ONE_POINT,100,100,RANDOM,1
320,32100,95.158278465271,56313,56590.45,0.8,3.0,ONE_POINT,100,100,RANDOM,1
321,32200,95.4544894695282,56256,56511.79,0.8,3.0,ONE_POINT,100,100,RANDOM,1
322,32300,95.72183656692505,56170,56440.24,0.8,3.0,ONE_POINT,100,100,RANDOM,1
323,32400,96.0139389038086,56067,56369.4,0.8,3.0,ONE_POINT,100,100,RANDOM,1
324,32500,96.28934121131897,56008,56312.14,0.8,3.0,ONE_POINT,100,100,RANDOM,1
325,32600,96.56355714797974,55977,56247.02,0.8,3.0,ONE_POINT,100,100,RANDOM,1
326,32700,96.86465263366699,55839,56178.8,0.8,3.0,ONE_POINT,100,100,RANDOM,1
327,32800,97.15078544616699,55726,56110.54,0.8,3.0,ONE_POINT,100,100,RANDOM,1
328,32900,97.43466782569885,55726,56034.45,0.8,3.0,ONE_POINT,100,100,RANDOM,1
329,33000,97.71782183647156,55701,55966.02,0.8,3.0,ONE_POINT,100,100,RANDOM,1
330,33100,98.02939224243164,55434,55912.89,0.8,3.0,ONE_POINT,100,100,RANDOM,1
331,33200,98.30871963500977,55379,55843.92,0.8,3.0,ONE_POINT,100,100,RANDOM,1
332,33300,98.58223915100098,55300,55753.95,0.8,3.0,ONE_POINT,100,100,RANDOM,1
333,33400,98.88338708877563,55300,55688.29,0.8,3.0,ONE_POINT,100,100,RANDOM,1
334,33500,99.15019392967224,55300,55600.63,0.8,3.0,ONE_POINT,100,100,RANDOM,1
335,33600,99.42707586288452,55300,55516.66,0.8,3.0,ONE_POINT,100,100,RANDOM,1
336,33700,99.70924425125122,55186,55437.68,0.8,3.0,ONE_POINT,100,100,RANDOM,1
337,33800,99.9979600906372,55159,55386.08,0.8,3.0,ONE_POINT,100,100,RANDOM,1
338,33900,100.2775936126709,55127,55329.22,0.8,3.0,ONE_POINT,100,100,RANDOM,1
339,34000,100.57155346870422,55017,55265.4,0.8,3.0,ONE_POINT,100,100,RANDOM,1
340,34100,100.85659599304199,55017,55223.67,0.8,3.0,ONE_POINT,100,100,RANDOM,1
341,34200,101.12411379814148,54990,55171.93,0.8,3.0,ONE_POINT,100,100,RANDOM,1
342,34300,101.42100238800049,54985,55122.92,0.8,3.0,ONE_POINT,100,100,RANDOM,1
343,34400,101.7192714214325,54929,55087.42,0.8,3.0,ONE_POINT,100,100,RANDOM,1
344,34500,101.99841666221619,54842,55041.08,0.8,3.0,ONE_POINT,100,100,RANDOM,1
345,34600,102.27405214309692,54824,54993.26,0.8,3.0,ONE_POINT,100,100,RANDOM,1
346,34700,102.56583786010742,54701,54945.49,0.8,3.0,ONE_POINT,100,100,RANDOM,1
347,34800,102.86865639686584,54635,54889.95,0.8,3.0,ONE_POINT,100,100,RANDOM,1
348,34900,103.1435661315918,54635,54856.06,0.8,3.0,ONE_POINT,100,100,RANDOM,1
349,35000,103.4256820678711,54430,54800.88,0.8,3.0,ONE_POINT,100,100,RANDOM,1
350,35100,103.7257764339447,54430,54745.79,0.8,3.0,ONE_POINT,100,100,RANDOM,1
351,35200,103.99647235870361,54430,54693.02,0.8,3.0,ONE_POINT,100,100,RANDOM,1
352,35300,104.291330575943,54409,54633.23,0.8,3.0,ONE_POINT,100,100,RANDOM,1
353,35400,104.57542443275452,54193,54570.86,0.8,3.0,ONE_POINT,100,100,RANDOM,1
354,35500,104.87575697898865,54193,54503.25,0.8,3.0,ONE_POINT,100,100,RANDOM,1
355,35600,105.2328450679779,54193,54437.82,0.8,3.0,ONE_POINT,100,100,RANDOM,1
356,35700,105.511399269104,54055,54370.8,0.8,3.0,ONE_POINT,100,100,RANDOM,1
357,35800,105.78381276130676,53995,54310.5,0.8,3.0,ONE_POINT,100,100,RANDOM,1
358,35900,106.05856966972351,53845,54247.39,0.8,3.0,ONE_POINT,100,100,RANDOM,1
359,36000,106.36682868003845,53845,54180.6,0.8,3.0,ONE_POINT,100,100,RANDOM,1
360,36100,106.67651510238647,53792,54117.24,0.8,3.0,ONE_POINT,100,100,RANDOM,1
361,36200,106.95938444137573,53709,54040.27,0.8,3.0,ONE_POINT,100,100,RANDOM,1
362,36300,107.22828841209412,53682,53942.11,0.8,3.0,ONE_POINT,100,100,RANDOM,1
363,36400,107.51189374923706,53597,53876.53,0.8,3.0,ONE_POINT,100,100,RANDOM,1
364,36500,107.78716230392456,53597,53812.39,0.8,3.0,ONE_POINT,100,100,RANDOM,1
365,36600,108.06231665611267,53564,53747.65,0.8,3.0,ONE_POINT,100,100,RANDOM,1
366,36700,108.37477111816406,53495,53690.12,0.8,3.0,ONE_POINT,100,100,RANDOM,1
367,36800,108.6932487487793,53491,53649.36,0.8,3.0,ONE_POINT,100,100,RANDOM,1
368,36900,108.98842263221741,53324,53600.35,0.8,3.0,ONE_POINT,100,100,RANDOM,1
369,37000,109.27828526496887,53261,53548.51,0.8,3.0,ONE_POINT,100,100,RANDOM,1
370,37100,109.57158017158508,53182,53498.01,0.8,3.0,ONE_POINT,100,100,RANDOM,1
371,37200,109.88418316841125,53159,53425.16,0.8,3.0,ONE_POINT,100,100,RANDOM,1
372,37300,110.16000699996948,53069,53351.47,0.8,3.0,ONE_POINT,100,100,RANDOM,1
373,37400,110.43699049949646,52944,53291.79,0.8,3.0,ONE_POINT,100,100,RANDOM,1
374,37500,110.7073609828949,52782,53218.23,0.8,3.0,ONE_POINT,100,100,RANDOM,1
375,37600,111.0339207649231,52782,53139.38,0.8,3.0,ONE_POINT,100,100,RANDOM,1
376,37700,111.31485056877136,52782,53046.53,0.8,3.0,ONE_POINT,100,100,RANDOM,1
377,37800,111.58499050140381,52638,52951.77,0.8,3.0,ONE_POINT,100,100,RANDOM,1
378,37900,111.87522959709167,52560,52881.09,0.8,3.0,ONE_POINT,100,100,RANDOM,1
379,38000,112.14612865447998,52560,52813.98,0.8,3.0,ONE_POINT,100,100,RANDOM,1
380,38100,112.44446587562561,52560,52756.93,0.8,3.0,ONE_POINT,100,100,RANDOM,1
381,38200,112.74219536781311,52415,52690.22,0.8,3.0,ONE_POINT,100,100,RANDOM,1
382,38300,113.03112244606018,52415,52647.49,0.8,3.0,ONE_POINT,100,100,RANDOM,1
383,38400,113.30947136878967,52415,52597.5,0.8,3.0,ONE_POINT,100,100,RANDOM,1
384,38500,113.58130240440369,52297,52546.18,0.8,3.0,ONE_POINT,100,100,RANDOM,1
385,38600,113.85078001022339,52297,52493.03,0.8,3.0,ONE_POINT,100,100,RANDOM,1
386,38700,114.13201570510864,52233,52443.69,0.8,3.0,ONE_POINT,100,100,RANDOM,1
387,38800,114.45909786224365,52137,52401.65,0.8,3.0,ONE_POINT,100,100,RANDOM,1
388,38900,114.73684573173523,52104,52347.11,0.8,3.0,ONE_POINT,100,100,RANDOM,1
389,39000,115.04037141799927,52102,52299.22,0.8,3.0,ONE_POINT,100,100,RANDOM,1
390,39100,115.35723233222961,52077,52256.99,0.8,3.0,ONE_POINT,100,100,RANDOM,1
391,39200,115.62729549407959,52067,52204.79,0.8,3.0,ONE_POINT,100,100,RANDOM,1
392,39300,115.93774056434631,51920,52166.33,0.8,3.0,ONE_POINT,100,100,RANDOM,1
393,39400,116.22800397872925,51872,52125.85,0.8,3.0,ONE_POINT,100,100,RANDOM,1
394,39500,116.49939942359924,51840,52079.66,0.8,3.0,ONE_POINT,100,100,RANDOM,1
395,39600,116.79093337059021,51737,52019.01,0.8,3.0,ONE_POINT,100,100,RANDOM,1
396,39700,117.08379626274109,51653,51968.42,0.8,3.0,ONE_POINT,100,100,RANDOM,1
397,39800,117.37053894996643,51653,51925.26,0.8,3.0,ONE_POINT,100,100,RANDOM,1
398,39900,117.6473298072815,51653,51884.0,0.8,3.0,ONE_POINT,100,100,RANDOM,1
399,40000,117.9181535243988,51520,51838.89,0.8,3.0,ONE_POINT,100,100,RANDOM,1
400,40100,118.19510865211487,51520,51791.26,0.8,3.0,ONE_POINT,100,100,RANDOM,1
401,40200,118.49231243133545,51520,51740.09,0.8,3.0,ONE_POINT,100,100,RANDOM,1
402,40300,118.77221608161926,51329,51687.58,0.8,3.0,ONE_POINT,100,100,RANDOM,1
403,40400,119.0535740852356,51329,51635.71,0.8,3.0,ONE_POINT,100,100,RANDOM,1
404,40500,119.36629104614258,51263,51583.15,0.8,3.0,ONE_POINT,100,100,RANDOM,1
405,40600,119.68282127380371,51263,51539.8,0.8,3.0,ONE_POINT,100,100,RANDOM,1
406,40700,119.98142170906067,51186,51486.83,0.8,3.0,ONE_POINT,100,100,RANDOM,1
407,40800,120.25959992408752,51186,51428.9,0.8,3.0,ONE_POINT,100,100,RANDOM,1
408,40900,120.5415153503418,51186,51382.22,0.8,3.0,ONE_POINT,100,100,RANDOM,1
409,41000,120.81969237327576,51026,51332.56,0.8,3.0,ONE_POINT,100,100,RANDOM,1
410,41100,121.09469103813171,51026,51277.43,0.8,3.0,ONE_POINT,100,100,RANDOM,1
411,41200,121.38234663009644,50959,51235.67,0.8,3.0,ONE_POINT,100,100,RANDOM,1
412,41300,121.6976306438446,50959,51188.0,0.8,3.0,ONE_POINT,100,100,RANDOM,1
413,41400,121.97461414337158,50950,51135.68,0.8,3.0,ONE_POINT,100,100,RANDOM,1
414,41500,122.24155235290527,50871,51095.26,0.8,3.0,ONE_POINT,100,100,RANDOM,1
415,41600,122.52163743972778,50783,51057.03,0.8,3.0,ONE_POINT,100,100,RANDOM,1
416,41700,122.82402181625366,50746,51005.47,0.8,3.0,ONE_POINT,100,100,RANDOM,1
417,41800,123.09839606285095,50699,50959.52,0.8,3.0,ONE_POINT,100,100,RANDOM,1
418,41900,123.40601754188538,50688,50909.27,0.8,3.0,ONE_POINT,100,100,RANDOM,1
419,42000,123.69127178192139,50655,50856.33,0.8,3.0,ONE_POINT,100,100,RANDOM,1
420,42100,123.96562075614929,50631,50813.78,0.8,3.0,ONE_POINT,100,100,RANDOM,1
421,42200,124.29489588737488,50631,50757.31,0.8,3.0,ONE_POINT,100,100,RANDOM,1
422,42300,124.55969572067261,50519,50710.36,0.8,3.0,ONE_POINT,100,100,RANDOM,1
423,42400,124.880939245224,50444,50668.32,0.8,3.0,ONE_POINT,100,100,RANDOM,1
424,42500,125.15215587615967,50430,50622.46,0.8,3.0,ONE_POINT,100,100,RANDOM,1
425,42600,125.42664957046509,50430,50587.19,0.8,3.0,ONE_POINT,100,100,RANDOM,1
426,42700,125.69607043266296,50409,50551.01,0.8,3.0,ONE_POINT,100,100,RANDOM,1
427,42800,126.01443910598755,50329,50516.85,0.8,3.0,ONE_POINT,100,100,RANDOM,1
428,42900,126.28322839736938,50070,50482.84,0.8,3.0,ONE_POINT,100,100,RANDOM,1
429,43000,126.56754517555237,50070,50438.67,0.8,3.0,ONE_POINT,100,100,RANDOM,1
430,43100,126.90210294723511,50070,50382.42,0.8,3.0,ONE_POINT,100,100,RANDOM,1
431,43200,127.17041254043579,50070,50330.92,0.8,3.0,ONE_POINT,100,100,RANDOM,1
432,43300,127.44885325431824,50050,50283.46,0.8,3.0,ONE_POINT,100,100,RANDOM,1
433,43400,127.72955417633057,49977,50239.02,0.8,3.0,ONE_POINT,100,100,RANDOM,1
434,43500,128.03913807868958,49977,50187.77,0.8,3.0,ONE_POINT,100,100,RANDOM,1
435,43600,128.3294813632965,49921,50135.05,0.8,3.0,ONE_POINT,100,100,RANDOM,1
436,43700,128.60325455665588,49829,50069.97,0.8,3.0,ONE_POINT,100,100,RANDOM,1
437,43800,128.887033700943,49619,50017.61,0.8,3.0,ONE_POINT,100,100,RANDOM,1
438,43900,129.165545463562,49619,49965.1,0.8,3.0,ONE_POINT,100,100,RANDOM,1
439,44000,129.46653962135315,49619,49926.13,0.8,3.0,ONE_POINT,100,100,RANDOM,1
440,44100,129.73603177070618,49417,49873.4,0.8,3.0,ONE_POINT,100,100,RANDOM,1
441,44200,130.01515316963196,49393,49817.3,0.8,3.0,ONE_POINT,100,100,RANDOM,1
442,44300,130.29710626602173,49393,49762.94,0.8,3.0,ONE_POINT,100,100,RANDOM,1
443,44400,130.57611870765686,49393,49708.62,0.8,3.0,ONE_POINT,100,100,RANDOM,1
444,44500,130.87699484825134,49367,49636.57,0.8,3.0,ONE_POINT,100,100,RANDOM,1
445,44600,131.15723657608032,49313,49563.79,0.8,3.0,ONE_POINT,100,100,RANDOM,1
446,44700,131.42833018302917,49112,49499.63,0.8,3.0,ONE_POINT,100,100,RANDOM,1
447,44800,131.69671750068665,49111,49436.2,0.8,3.0,ONE_POINT,100,100,RANDOM,1
448,44900,131.99980401992798,49025,49367.9,0.8,3.0,ONE_POINT,100,100,RANDOM,1
449,45000,132.31603741645813,49025,49320.11,0.8,3.0,ONE_POINT,100,100,RANDOM,1
450,45100,132.58301520347595,49025,49270.58,0.8,3.0,ONE_POINT,100,100,RANDOM,1
451,45200,132.87423634529114,48751,49205.69,0.8,3.0,ONE_POINT,100,100,RANDOM,1
452,45300,133.16089057922363,48751,49153.48,0.8,3.0,ONE_POINT,100,100,RANDOM,1
453,45400,133.47280931472778,48751,49088.29,0.8,3.0,ONE_POINT,100,100,RANDOM,1
454,45500,133.74506163597107,48696,49019.38,0.8,3.0,ONE_POINT,100,100,RANDOM,1
455,45600,134.0434606075287,48661,48949.8,0.8,3.0,ONE_POINT,100,100,RANDOM,1
456,45700,134.3593819141388,48661,48865.21,0.8,3.0,ONE_POINT,100,100,RANDOM,1
457,45800,134.68022179603577,48583,48786.54,0.8,3.0,ONE_POINT,100,100,RANDOM,1
458,45900,134.97534918785095,48583,48741.01,0.8,3.0,ONE_POINT,100,100,RANDOM,1
459,46000,135.27039766311646,48543,48710.72,0.8,3.0,ONE_POINT,100,100,RANDOM,1
460,46100,135.5684838294983,48473,48675.79,0.8,3.0,ONE_POINT,100,100,RANDOM,1
461,46200,135.89259028434753,48426,48643.66,0.8,3.0,ONE_POINT,100,100,RANDOM,1
462,46300,136.19234704971313,48405,48610.68,0.8,3.0,ONE_POINT,100,100,RANDOM,1
463,46400,136.4909851551056,48362,48576.68,0.8,3.0,ONE_POINT,100,100,RANDOM,1
464,46500,136.79256296157837,48362,48547.75,0.8,3.0,ONE_POINT,100,100,RANDOM,1
465,46600,137.08574867248535,48347,48518.78,0.8,3.0,ONE_POINT,100,100,RANDOM,1
466,46700,137.37459206581116,48347,48485.33,0.8,3.0,ONE_POINT,100,100,RANDOM,1
467,46800,137.7291238307953,48297,48450.25,0.8,3.0,ONE_POINT,100,100,RANDOM,1
468,46900,138.01539731025696,48273,48416.53,0.8,3.0,ONE_POINT,100,100,RANDOM,1
469,47000,138.28964114189148,48149,48365.24,0.8,3.0,ONE_POINT,100,100,RANDOM,1
470,47100,138.57708191871643,48149,48322.22,0.8,3.0,ONE_POINT,100,100,RANDOM,1
471,47200,138.88186883926392,48111,48282.79,0.8,3.0,ONE_POINT,100,100,RANDOM,1
472,47300,139.1633460521698,48049,48239.86,0.8,3.0,ONE_POINT,100,100,RANDOM,1
473,47400,139.45051622390747,48025,48200.78,0.8,3.0,ONE_POINT,100,100,RANDOM,1
474,47500,139.72553181648254,48025,48164.06,0.8,3.0,ONE_POINT,100,100,RANDOM,1
475,47600,139.9991683959961,48018,48136.74,0.8,3.0,ONE_POINT,100,100,RANDOM,1
476,47700,140.2965211868286,47988,48105.82,0.8,3.0,ONE_POINT,100,100,RANDOM,1
477,47800,140.60119676589966,47892,48080.9,0.8,3.0,ONE_POINT,100,100,RANDOM,1
478,47900,140.94310879707336,47892,48056.76,0.8,3.0,ONE_POINT,100,100,RANDOM,1
479,48000,141.24368500709534,47892,48025.07,0.8,3.0,ONE_POINT,100,100,RANDOM,1
480,48100,141.57181811332703,47798,47991.34,0.8,3.0,ONE_POINT,100,100,RANDOM,1
481,48200,141.8385899066925,47734,47953.82,0.8,3.0,ONE_POINT,100,100,RANDOM,1
482,48300,142.14441180229187,47734,47911.74,0.8,3.0,ONE_POINT,100,100,RANDOM,1
483,48400,142.41943192481995,47646,47869.71,0.8,3.0,ONE_POINT,100,100,RANDOM,1
484,48500,142.76659989356995,47629,47820.18,0.8,3.0,ONE_POINT,100,100,RANDOM,1
485,48600,143.05602407455444,47476,47765.52,0.8,3.0,ONE_POINT,100,100,RANDOM,1
486,48700,143.38435006141663,47476,47722.14,0.8,3.0,ONE_POINT,100,100,RANDOM,1
487,48800,143.65477180480957,47399,47673.09,0.8,3.0,ONE_POINT,100,100,RANDOM,1
488,48900,143.95807099342346,47399,47633.99,0.8,3.0,ONE_POINT,100,100,RANDOM,1
489,49000,144.2290575504303,47399,47591.16,0.8,3.0,ONE_POINT,100,100,RANDOM,1
490,49100,144.5044674873352,47389,47544.59,0.8,3.0,ONE_POINT,100,100,RANDOM,1
491,49200,144.8098804950714,47287,47494.69,0.8,3.0,ONE_POINT,100,100,RANDOM,1
492,49300,145.1005711555481,47287,47462.76,0.8,3.0,ONE_POINT,100,100,RANDOM,1
493,49400,145.3751881122589,47274,47433.17,0.8,3.0,ONE_POINT,100,100,RANDOM,1
494,49500,145.66877150535583,47169,47390.26,0.8,3.0,ONE_POINT,100,100,RANDOM,1
495,49600,145.95925331115723,47169,47357.64,0.8,3.0,ONE_POINT,100,100,RANDOM,1
496,49700,146.2382414340973,47099,47311.89,0.8,3.0,ONE_POINT,100,100,RANDOM,1
497,49800,146.52755212783813,47092,47260.83,0.8,3.0,ONE_POINT,100,100,RANDOM,1
498,49900,146.83120274543762,47092,47219.71,0.8,3.0,ONE_POINT,100,100,RANDOM,1
499,50000,147.16435956954956,47017,47180.15,0.8,3.0,ONE_POINT,100,100,RANDOM,1
500,50100,147.44948935508728,46967,47144.24,0.8,3.0,ONE_POINT,100,100,RANDOM,1
