num-generations,num-evaluations,time-elapsed,best-fitness,crossover-method,population-size,num-points,initialization,seed,population_size,crossover_method,num_points,generation_budget,time_spent
1,200,1.629025936126709,47417,ONE_POINT,100,100,GREYBOX,55,100,ONE_POINT,100,500,1247.0563929080963
2,300,3.209689140319824,47417,ONE_POINT,100,100,GREYBOX,55,100,ONE_POINT,100,500,1247.0563929080963
3,400,6.112959861755371,47102,ONE_POINT,100,100,GREYBOX,55,100,ONE_POINT,100,500,1247.0563929080963
4,500,7.838336229324341,47057,ONE_POINT,100,100,GREYBOX,55,100,ONE_POINT,100,500,1247.0563929080963
5,600,10.07349705696106,46784,ONE_POINT,100,100,GREYBOX,55,100,ONE_POINT,100,500,1247.0563929080963
6,700,11.96933364868164,46741,ONE_POINT,100,100,GREYBOX,55,100,ONE_POINT,100,500,1247.0563929080963
7,800,13.682941913604736,46276,ONE_POINT,100,100,GREYBOX,55,100,ONE_POINT,100,500,1247.0563929080963
8,900,15.355019092559814,46248,ONE_POINT,100,100,GREYBOX,55,100,ONE_POINT,100,500,1247.0563929080963
9,1000,17.081151962280273,46110,ONE_POINT,100,100,GREYBOX,55,100,ONE_POINT,100,500,1247.0563929080963
10,1100,18.936739683151245,45638,ONE_POINT,100,100,GREYBOX,55,100,ONE_POINT,100,500,1247.0563929080963
11,1200,20.685560703277588,45638,ONE_POINT,100,100,GREYBOX,55,100,ONE_POINT,100,500,1247.0563929080963
12,1300,22.45004415512085,45243,ONE_POINT,100,100,GREYBOX,55,100,ONE_POINT,100,500,1247.0563929080963
13,1400,24.563554525375366,45006,ONE_POINT,100,100,GREYBOX,55,100,ONE_POINT,100,500,1247.0563929080963
14,1500,26.269047260284424,45006,ONE_POINT,100,100,GREYBOX,55,100,ONE_POINT,100,500,1247.0563929080963
15,1600,27.984023809432983,44588,ONE_POINT,100,100,GREYBOX,55,100,ONE_POINT,100,500,1247.0563929080963
16,1700,29.694868326187134,44525,ONE_POINT,100,100,GREYBOX,55,100,ONE_POINT,100,500,1247.0563929080963
17,1800,31.414043188095093,44502,ONE_POINT,100,100,GREYBOX,55,100,ONE_POINT,100,500,1247.0563929080963
18,1900,33.13447618484497,44365,ONE_POINT,100,100,GREYBOX,55,100,ONE_POINT,100,500,1247.0563929080963
19,2000,34.86028337478638,44345,ONE_POINT,100,100,GREYBOX,55,100,ONE_POINT,100,500,1247.0563929080963
20,2100,36.61758375167847,44345,ONE_POINT,100,100,GREYBOX,55,100,ONE_POINT,100,500,1247.0563929080963
21,2200,38.388328552246094,44135,ONE_POINT,100,100,GREYBOX,55,100,ONE_POINT,100,500,1247.0563929080963
22,2300,40.144564151763916,44135,ONE_POINT,100,100,GREYBOX,55,100,ONE_POINT,100,500,1247.0563929080963
23,2400,41.860995054244995,43991,ONE_POINT,100,100,GREYBOX,55,100,ONE_POINT,100,500,1247.0563929080963
24,2500,43.66431760787964,43991,ONE_POINT,100,100,GREYBOX,55,100,ONE_POINT,100,500,1247.0563929080963
25,2600,45.40021562576294,43677,ONE_POINT,100,100,GREYBOX,55,100,ONE_POINT,100,500,1247.0563929080963
26,2700,47.211798906326294,43677,ONE_POINT,100,100,GREYBOX,55,100,ONE_POINT,100,500,1247.0563929080963
27,2800,48.95972943305969,43615,ONE_POINT,100,100,GREYBOX,55,100,ONE_POINT,100,500,1247.0563929080963
28,2900,50.68938422203064,43516,ONE_POINT,100,100,GREYBOX,55,100,ONE_POINT,100,500,1247.0563929080963
29,3000,52.43860602378845,43516,ONE_POINT,100,100,GREYBOX,55,100,ONE_POINT,100,500,1247.0563929080963
30,3100,54.13729405403137,43392,ONE_POINT,100,100,GREYBOX,55,100,ONE_POINT,100,500,1247.0563929080963
31,3200,55.86758899688721,43277,ONE_POINT,100,100,GREYBOX,55,100,ONE_POINT,100,500,1247.0563929080963
32,3300,57.585625648498535,43210,ONE_POINT,100,100,GREYBOX,55,100,ONE_POINT,100,500,1247.0563929080963
33,3400,59.30809235572815,43003,ONE_POINT,100,100,GREYBOX,55,100,ONE_POINT,100,500,1247.0563929080963
34,3500,61.071204662323,42977,ONE_POINT,100,100,GREYBOX,55,100,ONE_POINT,100,500,1247.0563929080963
35,3600,62.85734510421753,42773,ONE_POINT,100,100,GREYBOX,55,100,ONE_POINT,100,500,1247.0563929080963
36,3700,64.56677985191345,42665,ONE_POINT,100,100,GREYBOX,55,100,ONE_POINT,100,500,1247.0563929080963
37,3800,66.25859355926514,42659,ONE_POINT,100,100,GREYBOX,55,100,ONE_POINT,100,500,1247.0563929080963
38,3900,67.99588775634766,42563,ONE_POINT,100,100,GREYBOX,55,100,ONE_POINT,100,500,1247.0563929080963
39,4000,69.72242903709412,42413,ONE_POINT,100,100,GREYBOX,55,100,ONE_POINT,100,500,1247.0563929080963
40,4100,71.47737622261047,42198,ONE_POINT,100,100,GREYBOX,55,100,ONE_POINT,100,500,1247.0563929080963
41,4200,73.17857217788696,42198,ONE_POINT,100,100,GREYBOX,55,100,ONE_POINT,100,500,1247.0563929080963
42,4300,74.91303324699402,41890,ONE_POINT,100,100,GREYBOX,55,100,ONE_POINT,100,500,1247.0563929080963
43,4400,76.68321394920349,41890,ONE_POINT,100,100,GREYBOX,55,100,ONE_POINT,100,500,1247.0563929080963
44,4500,78.46070599555969,41827,ONE_POINT,100,100,GREYBOX,55,100,ONE_POINT,100,500,1247.0563929080963
45,4600,80.24132633209229,41798,ONE_POINT,100,100,GREYBOX,55,100,ONE_POINT,100,500,1247.0563929080963
46,4700,81.99699139595032,41723,ONE_POINT,100,100,GREYBOX,55,100,ONE_POINT,100,500,1247.0563929080963
47,4800,83.74771499633789,41654,ONE_POINT,100,100,GREYBOX,55,100,ONE_POINT,100,500,1247.0563929080963
48,4900,85.51081800460815,41571,ONE_POINT,100,100,GREYBOX,55,100,ONE_POINT,100,500,1247.0563929080963
49,5000,87.37189745903015,41570,ONE_POINT,100,100,GREYBOX,55,100,ONE_POINT,100,500,1247.0563929080963
50,5100,89.13285827636719,41499,ONE_POINT,100,100,GREYBOX,55,100,ONE_POINT,100,500,1247.0563929080963
51,5200,91.02376317977905,41456,ONE_POINT,100,100,GREYBOX,55,100,ONE_POINT,100,500,1247.0563929080963
52,5300,92.95555448532104,41418,ONE_POINT,100,100,GREYBOX,55,100,ONE_POINT,100,500,1247.0563929080963
53,5400,94.89845657348633,41294,ONE_POINT,100,100,GREYBOX,55,100,ONE_POINT,100,500,1247.0563929080963
54,5500,96.84852123260498,41246,ONE_POINT,100,100,GREYBOX,55,100,ONE_POINT,100,500,1247.0563929080963
55,5600,98.7929995059967,40976,ONE_POINT,100,100,GREYBOX,55,100,ONE_POINT,100,500,1247.0563929080963
56,5700,100.91395998001099,40976,ONE_POINT,100,100,GREYBOX,55,100,ONE_POINT,100,500,1247.0563929080963
57,5800,102.9127471446991,40946,ONE_POINT,100,100,GREYBOX,55,100,ONE_POINT,100,500,1247.0563929080963
58,5900,104.84475135803223,40473,ONE_POINT,100,100,GREYBOX,55,100,ONE_POINT,100,500,1247.0563929080963
59,6000,106.78539681434631,40320,ONE_POINT,100,100,GREYBOX,55,100,ONE_POINT,100,500,1247.0563929080963
60,6100,108.7146384716034,40320,ONE_POINT,100,100,GREYBOX,55,100,ONE_POINT,100,500,1247.0563929080963
61,6200,110.7451446056366,40232,ONE_POINT,100,100,GREYBOX,55,100,ONE_POINT,100,500,1247.0563929080963
62,6300,112.71195220947266,40165,ONE_POINT,100,100,GREYBOX,55,100,ONE_POINT,100,500,1247.0563929080963
63,6400,114.68118023872375,40164,ONE_POINT,100,100,GREYBOX,55,100,ONE_POINT,100,500,1247.0563929080963
64,6500,116.66361594200134,40155,ONE_POINT,100,100,GREYBOX,55,100,ONE_POINT,100,500,1247.0563929080963
65,6600,118.70833468437195,40014,ONE_POINT,100,100,GREYBOX,55,100,ONE_POINT,100,500,1247.0563929080963
66,6700,120.68419194221497,40014,ONE_POINT,100,100,GREYBOX,55,100,ONE_POINT,100,500,1247.0563929080963
67,6800,122.69502091407776,39995,ONE_POINT,100,100,GREYBOX,55,100,ONE_POINT,100,500,1247.0563929080963
68,6900,124.69170212745667,39995,ONE_POINT,100,100,GREYBOX,55,100,ONE_POINT,100,500,1247.0563929080963
69,7000,126.89872407913208,39959,ONE_POINT,100,100,GREYBOX,55,100,ONE_POINT,100,500,1247.0563929080963
70,7100,129.02617025375366,39732,ONE_POINT,100,100,GREYBOX,55,100,ONE_POINT,100,500,1247.0563929080963
71,7200,131.09062886238098,39729,ONE_POINT,100,100,GREYBOX,55,100,ONE_POINT,100,500,1247.0563929080963
72,7300,133.14879965782166,39627,ONE_POINT,100,100,GREYBOX,55,100,ONE_POINT,100,500,1247.0563929080963
73,7400,135.33108568191528,39511,ONE_POINT,100,100,GREYBOX,55,100,ONE_POINT,100,500,1247.0563929080963
74,7500,137.42792344093323,39511,ONE_POINT,100,100,GREYBOX,55,100,ONE_POINT,100,500,1247.0563929080963
75,7600,139.5098524093628,39508,ONE_POINT,100,100,GREYBOX,55,100,ONE_POINT,100,500,1247.0563929080963
76,7700,141.6513330936432,39476,ONE_POINT,100,100,GREYBOX,55,100,ONE_POINT,100,500,1247.0563929080963
77,7800,143.76361846923828,39461,ONE_POINT,100,100,GREYBOX,55,100,ONE_POINT,100,500,1247.0563929080963
78,7900,145.89379835128784,39440,ONE_POINT,100,100,GREYBOX,55,100,ONE_POINT,100,500,1247.0563929080963
79,8000,148.0504105091095,39329,ONE_POINT,100,100,GREYBOX,55,100,ONE_POINT,100,500,1247.0563929080963
80,8100,150.2112534046173,39329,ONE_POINT,100,100,GREYBOX,55,100,ONE_POINT,100,500,1247.0563929080963
81,8200,152.35167717933655,39329,ONE_POINT,100,100,GREYBOX,55,100,ONE_POINT,100,500,1247.0563929080963
82,8300,154.51628851890564,39299,ONE_POINT,100,100,GREYBOX,55,100,ONE_POINT,100,500,1247.0563929080963
83,8400,156.7122495174408,39218,ONE_POINT,100,100,GREYBOX,55,100,ONE_POINT,100,500,1247.0563929080963
84,8500,158.9914836883545,38945,ONE_POINT,100,100,GREYBOX,55,100,ONE_POINT,100,500,1247.0563929080963
85,8600,161.21968531608582,38945,ONE_POINT,100,100,GREYBOX,55,100,ONE_POINT,100,500,1247.0563929080963
86,8700,163.42854762077332,38788,ONE_POINT,100,100,GREYBOX,55,100,ONE_POINT,100,500,1247.0563929080963
87,8800,165.66311073303223,38788,ONE_POINT,100,100,GREYBOX,55,100,ONE_POINT,100,500,1247.0563929080963
88,8900,167.9054934978485,38773,ONE_POINT,100,100,GREYBOX,55,100,ONE_POINT,100,500,1247.0563929080963
89,9000,170.1661834716797,38672,ONE_POINT,100,100,GREYBOX,55,100,ONE_POINT,100,500,1247.0563929080963
90,9100,172.3954782485962,38663,ONE_POINT,100,100,GREYBOX,55,100,ONE_POINT,100,500,1247.0563929080963
91,9200,174.70986580848694,38587,ONE_POINT,100,100,GREYBOX,55,100,ONE_POINT,100,500,1247.0563929080963
92,9300,177.01086401939392,38579,ONE_POINT,100,100,GREYBOX,55,100,ONE_POINT,100,500,1247.0563929080963
93,9400,179.2678599357605,38489,ONE_POINT,100,100,GREYBOX,55,100,ONE_POINT,100,500,1247.0563929080963
94,9500,181.48868775367737,38489,ONE_POINT,100,100,GREYBOX,55,100,ONE_POINT,100,500,1247.0563929080963
95,9600,183.84929299354553,38489,ONE_POINT,100,100,GREYBOX,55,100,ONE_POINT,100,500,1247.0563929080963
96,9700,186.36858773231506,38479,ONE_POINT,100,100,GREYBOX,55,100,ONE_POINT,100,500,1247.0563929080963
97,9800,188.661963224411,38420,ONE_POINT,100,100,GREYBOX,55,100,ONE_POINT,100,500,1247.0563929080963
98,9900,191.00484561920166,38420,ONE_POINT,100,100,GREYBOX,55,100,ONE_POINT,100,500,1247.0563929080963
99,10000,193.31328797340393,38372,ONE_POINT,100,100,GREYBOX,55,100,ONE_POINT,100,500,1247.0563929080963
100,10100,195.5884346961975,38372,ONE_POINT,100,100,GREYBOX,55,100,ONE_POINT,100,500,1247.0563929080963
101,10200,197.86502814292908,38310,ONE_POINT,100,100,GREYBOX,55,100,ONE_POINT,100,500,1247.0563929080963
102,10300,200.13252925872803,38310,ONE_POINT,100,100,GREYBOX,55,100,ONE_POINT,100,500,1247.0563929080963
103,10400,202.40728664398193,38305,ONE_POINT,100,100,GREYBOX,55,100,ONE_POINT,100,500,1247.0563929080963
104,10500,204.66402459144592,38258,ONE_POINT,100,100,GREYBOX,55,100,ONE_POINT,100,500,1247.0563929080963
105,10600,207.0244402885437,38210,ONE_POINT,100,100,GREYBOX,55,100,ONE_POINT,100,500,1247.0563929080963
106,10700,209.2847876548767,38170,ONE_POINT,100,100,GREYBOX,55,100,ONE_POINT,100,500,1247.0563929080963
107,10800,211.54184412956238,38169,ONE_POINT,100,100,GREYBOX,55,100,ONE_POINT,100,500,1247.0563929080963
108,10900,213.81333184242249,38136,ONE_POINT,100,100,GREYBOX,55,100,ONE_POINT,100,500,1247.0563929080963
109,11000,216.0466775894165,38058,ONE_POINT,100,100,GREYBOX,55,100,ONE_POINT,100,500,1247.0563929080963
110,11100,218.29933261871338,38058,ONE_POINT,100,100,GREYBOX,55,100,ONE_POINT,100,500,1247.0563929080963
111,11200,220.56671476364136,38036,ONE_POINT,100,100,GREYBOX,55,100,ONE_POINT,100,500,1247.0563929080963
112,11300,222.86872148513794,38032,ONE_POINT,100,100,GREYBOX,55,100,ONE_POINT,100,500,1247.0563929080963
113,11400,225.1154453754425,38011,ONE_POINT,100,100,GREYBOX,55,100,ONE_POINT,100,500,1247.0563929080963
114,11500,227.35492706298828,37957,ONE_POINT,100,100,GREYBOX,55,100,ONE_POINT,100,500,1247.0563929080963
115,11600,229.62730264663696,37899,ONE_POINT,100,100,GREYBOX,55,100,ONE_POINT,100,500,1247.0563929080963
116,11700,231.8948917388916,37899,ONE_POINT,100,100,GREYBOX,55,100,ONE_POINT,100,500,1247.0563929080963
117,11800,234.15649676322937,37895,ONE_POINT,100,100,GREYBOX,55,100,ONE_POINT,100,500,1247.0563929080963
118,11900,236.4013867378235,37827,ONE_POINT,100,100,GREYBOX,55,100,ONE_POINT,100,500,1247.0563929080963
119,12000,238.72021746635437,37763,ONE_POINT,100,100,GREYBOX,55,100,ONE_POINT,100,500,1247.0563929080963
120,12100,240.9483335018158,37763,ONE_POINT,100,100,GREYBOX,55,100,ONE_POINT,100,500,1247.0563929080963
121,12200,243.20340657234192,37728,ONE_POINT,100,100,GREYBOX,55,100,ONE_POINT,100,500,1247.0563929080963
122,12300,245.4383008480072,37703,ONE_POINT,100,100,GREYBOX,55,100,ONE_POINT,100,500,1247.0563929080963
123,12400,247.8114104270935,37650,ONE_POINT,100,100,GREYBOX,55,100,ONE_POINT,100,500,1247.0563929080963
124,12500,250.07629418373108,37608,ONE_POINT,100,100,GREYBOX,55,100,ONE_POINT,100,500,1247.0563929080963
125,12600,252.3135256767273,37539,ONE_POINT,100,100,GREYBOX,55,100,ONE_POINT,100,500,1247.0563929080963
126,12700,254.55478692054749,37539,ONE_POINT,100,100,GREYBOX,55,100,ONE_POINT,100,500,1247.0563929080963
127,12800,256.83619952201843,37434,ONE_POINT,100,100,GREYBOX,55,100,ONE_POINT,100,500,1247.0563929080963
128,12900,259.118141412735,37419,ONE_POINT,100,100,GREYBOX,55,100,ONE_POINT,100,500,1247.0563929080963
129,13000,261.43722319602966,37412,ONE_POINT,100,100,GREYBOX,55,100,ONE_POINT,100,500,1247.0563929080963
130,13100,264.04583740234375,37392,ONE_POINT,100,100,GREYBOX,55,100,ONE_POINT,100,500,1247.0563929080963
131,13200,266.38286447525024,37388,ONE_POINT,100,100,GREYBOX,55,100,ONE_POINT,100,500,1247.0563929080963
132,13300,268.6577305793762,37371,ONE_POINT,100,100,GREYBOX,55,100,ONE_POINT,100,500,1247.0563929080963
133,13400,270.9361095428467,37344,ONE_POINT,100,100,GREYBOX,55,100,ONE_POINT,100,500,1247.0563929080963
134,13500,273.22211599349976,37305,ONE_POINT,100,100,GREYBOX,55,100,ONE_POINT,100,500,1247.0563929080963
135,13600,275.513112783432,37277,ONE_POINT,100,100,GREYBOX,55,100,ONE_POINT,100,500,1247.0563929080963
136,13700,277.8103792667389,37277,ONE_POINT,100,100,GREYBOX,55,100,ONE_POINT,100,500,1247.0563929080963
137,13800,280.1707720756531,37234,ONE_POINT,100,100,GREYBOX,55,100,ONE_POINT,100,500,1247.0563929080963
138,13900,282.43155884742737,37234,ONE_POINT,100,100,GREYBOX,55,100,ONE_POINT,100,500,1247.0563929080963
139,14000,284.7739758491516,37232,ONE_POINT,100,100,GREYBOX,55,100,ONE_POINT,100,500,1247.0563929080963
140,14100,287.0261404514313,37187,ONE_POINT,100,100,GREYBOX,55,100,ONE_POINT,100,500,1247.0563929080963
141,14200,289.3111050128937,37187,ONE_POINT,100,100,GREYBOX,55,100,ONE_POINT,100,500,1247.0563929080963
142,14300,291.5816218852997,37144,ONE_POINT,100,100,GREYBOX,55,100,ONE_POINT,100,500,1247.0563929080963
143,14400,293.8450217247009,37133,ONE_POINT,100,100,GREYBOX,55,100,ONE_POINT,100,500,1247.0563929080963
144,14500,296.21544098854065,37117,ONE_POINT,100,100,GREYBOX,55,100,ONE_POINT,100,500,1247.0563929080963
145,14600,298.5157618522644,37115,ONE_POINT,100,100,GREYBOX,55,100,ONE_POINT,100,500,1247.0563929080963
146,14700,301.0146598815918,37068,ONE_POINT,100,100,GREYBOX,55,100,ONE_POINT,100,500,1247.0563929080963
147,14800,303.3861644268036,37068,ONE_POINT,100,100,GREYBOX,55,100,ONE_POINT,100,500,1247.0563929080963
148,14900,305.6685221195221,37032,ONE_POINT,100,100,GREYBOX,55,100,ONE_POINT,100,500,1247.0563929080963
149,15000,307.9592192173004,37001,ONE_POINT,100,100,GREYBOX,55,100,ONE_POINT,100,500,1247.0563929080963
150,15100,310.24327421188354,37001,ONE_POINT,100,100,GREYBOX,55,100,ONE_POINT,100,500,1247.0563929080963
151,15200,312.517302274704,36971,ONE_POINT,100,100,GREYBOX,55,100,ONE_POINT,100,500,1247.0563929080963
152,15300,314.81636786460876,36971,ONE_POINT,100,100,GREYBOX,55,100,ONE_POINT,100,500,1247.0563929080963
153,15400,317.0649423599243,36967,ONE_POINT,100,100,GREYBOX,55,100,ONE_POINT,100,500,1247.0563929080963
154,15500,319.33505749702454,36942,ONE_POINT,100,100,GREYBOX,55,100,ONE_POINT,100,500,1247.0563929080963
155,15600,321.66493487358093,36861,ONE_POINT,100,100,GREYBOX,55,100,ONE_POINT,100,500,1247.0563929080963
156,15700,323.941335439682,36843,ONE_POINT,100,100,GREYBOX,55,100,ONE_POINT,100,500,1247.0563929080963
157,15800,326.2659192085266,36843,ONE_POINT,100,100,GREYBOX,55,100,ONE_POINT,100,500,1247.0563929080963
158,15900,328.5509350299835,36782,ONE_POINT,100,100,GREYBOX,55,100,ONE_POINT,100,500,1247.0563929080963
159,16000,330.790944814682,36782,ONE_POINT,100,100,GREYBOX,55,100,ONE_POINT,100,500,1247.0563929080963
160,16100,333.06223726272583,36782,ONE_POINT,100,100,GREYBOX,55,100,ONE_POINT,100,500,1247.0563929080963
161,16200,335.38540148735046,36746,ONE_POINT,100,100,GREYBOX,55,100,ONE_POINT,100,500,1247.0563929080963
162,16300,337.6692011356354,36746,ONE_POINT,100,100,GREYBOX,55,100,ONE_POINT,100,500,1247.0563929080963
163,16400,339.9543197154999,36735,ONE_POINT,100,100,GREYBOX,55,100,ONE_POINT,100,500,1247.0563929080963
164,16500,342.2337017059326,36667,ONE_POINT,100,100,GREYBOX,55,100,ONE_POINT,100,500,1247.0563929080963
165,16600,344.5295259952545,36667,ONE_POINT,100,100,GREYBOX,55,100,ONE_POINT,100,500,1247.0563929080963
166,16700,346.80988812446594,36667,ONE_POINT,100,100,GREYBOX,55,100,ONE_POINT,100,500,1247.0563929080963
167,16800,349.13232469558716,36667,ONE_POINT,100,100,GREYBOX,55,100,ONE_POINT,100,500,1247.0563929080963
168,16900,351.4032230377197,36624,ONE_POINT,100,100,GREYBOX,55,100,ONE_POINT,100,500,1247.0563929080963
169,17000,353.69523572921753,36598,ONE_POINT,100,100,GREYBOX,55,100,ONE_POINT,100,500,1247.0563929080963
170,17100,356.0005066394806,36556,ONE_POINT,100,100,GREYBOX,55,100,ONE_POINT,100,500,1247.0563929080963
171,17200,358.29221653938293,36556,ONE_POINT,100,100,GREYBOX,55,100,ONE_POINT,100,500,1247.0563929080963
172,17300,360.60602474212646,36549,ONE_POINT,100,100,GREYBOX,55,100,ONE_POINT,100,500,1247.0563929080963
173,17400,362.8900558948517,36478,ONE_POINT,100,100,GREYBOX,55,100,ONE_POINT,100,500,1247.0563929080963
174,17500,365.15522265434265,36418,ONE_POINT,100,100,GREYBOX,55,100,ONE_POINT,100,500,1247.0563929080963
175,17600,367.48397850990295,36416,ONE_POINT,100,100,GREYBOX,55,100,ONE_POINT,100,500,1247.0563929080963
176,17700,369.7426733970642,36410,ONE_POINT,100,100,GREYBOX,55,100,ONE_POINT,100,500,1247.0563929080963
177,17800,372.06171107292175,36387,ONE_POINT,100,100,GREYBOX,55,100,ONE_POINT,100,500,1247.0563929080963
178,17900,374.33849334716797,36381,ONE_POINT,100,100,GREYBOX,55,100,ONE_POINT,100,500,1247.0563929080963
179,18000,376.9810688495636,36342,ONE_POINT,100,100,GREYBOX,55,100,ONE_POINT,100,500,1247.0563929080963
180,18100,379.35304379463196,36294,ONE_POINT,100,100,GREYBOX,55,100,ONE_POINT,100,500,1247.0563929080963
181,18200,381.67514538764954,36283,ONE_POINT,100,100,GREYBOX,55,100,ONE_POINT,100,500,1247.0563929080963
182,18300,384.0051600933075,36240,ONE_POINT,100,100,GREYBOX,55,100,ONE_POINT,100,500,1247.0563929080963
183,18400,386.3068437576294,36152,ONE_POINT,100,100,GREYBOX,55,100,ONE_POINT,100,500,1247.0563929080963
184,18500,388.5669541358948,36118,ONE_POINT,100,100,GREYBOX,55,100,ONE_POINT,100,500,1247.0563929080963
185,18600,390.8741281032562,36100,ONE_POINT,100,100,GREYBOX,55,100,ONE_POINT,100,500,1247.0563929080963
186,18700,393.1399109363556,36078,ONE_POINT,100,100,GREYBOX,55,100,ONE_POINT,100,500,1247.0563929080963
187,18800,395.4245824813843,35909,ONE_POINT,100,100,GREYBOX,55,100,ONE_POINT,100,500,1247.0563929080963
188,18900,397.696989774704,35909,ONE_POINT,100,100,GREYBOX,55,100,ONE_POINT,100,500,1247.0563929080963
189,19000,399.97043347358704,35907,ONE_POINT,100,100,GREYBOX,55,100,ONE_POINT,100,500,1247.0563929080963
190,19100,402.2407639026642,35850,ONE_POINT,100,100,GREYBOX,55,100,ONE_POINT,100,500,1247.0563929080963
191,19200,404.499449968338,35822,ONE_POINT,100,100,GREYBOX,55,100,ONE_POINT,100,500,1247.0563929080963
192,19300,406.76557207107544,35735,ONE_POINT,100,100,GREYBOX,55,100,ONE_POINT,100,500,1247.0563929080963
193,19400,409.02744460105896,35721,ONE_POINT,100,100,GREYBOX,55,100,ONE_POINT,100,500,1247.0563929080963
194,19500,411.27050852775574,35682,ONE_POINT,100,100,GREYBOX,55,100,ONE_POINT,100,500,1247.0563929080963
195,19600,413.57933163642883,35682,ONE_POINT,100,100,GREYBOX,55,100,ONE_POINT,100,500,1247.0563929080963
196,19700,415.84220004081726,35654,ONE_POINT,100,100,GREYBOX,55,100,ONE_POINT,100,500,1247.0563929080963
197,19800,418.0904440879822,35645,ONE_POINT,100,100,GREYBOX,55,100,ONE_POINT,100,500,1247.0563929080963
198,19900,420.6035397052765,35633,ONE_POINT,100,100,GREYBOX,55,100,ONE_POINT,100,500,1247.0563929080963
199,20000,423.2208263874054,35572,ONE_POINT,100,100,GREYBOX,55,100,ONE_POINT,100,500,1247.0563929080963
200,20100,426.24239587783813,35572,ONE_POINT,100,100,GREYBOX,55,100,ONE_POINT,100,500,1247.0563929080963
201,20200,430.132915019989,35549,ONE_POINT,100,100,GREYBOX,55,100,ONE_POINT,100,500,1247.0563929080963
202,20300,434.70383048057556,35471,ONE_POINT,100,100,GREYBOX,55,100,ONE_POINT,100,500,1247.0563929080963
203,20400,437.5878481864929,35471,ONE_POINT,100,100,GREYBOX,55,100,ONE_POINT,100,500,1247.0563929080963
204,20500,440.3285491466522,35438,ONE_POINT,100,100,GREYBOX,55,100,ONE_POINT,100,500,1247.0563929080963
205,20600,443.03926968574524,35438,ONE_POINT,100,100,GREYBOX,55,100,ONE_POINT,100,500,1247.0563929080963
206,20700,445.70853185653687,35426,ONE_POINT,100,100,GREYBOX,55,100,ONE_POINT,100,500,1247.0563929080963
207,20800,448.42702889442444,35410,ONE_POINT,100,100,GREYBOX,55,100,ONE_POINT,100,500,1247.0563929080963
208,20900,451.1383693218231,35379,ONE_POINT,100,100,GREYBOX,55,100,ONE_POINT,100,500,1247.0563929080963
209,21000,453.8535671234131,35375,ONE_POINT,100,100,GREYBOX,55,100,ONE_POINT,100,500,1247.0563929080963
210,21100,456.87047719955444,35285,ONE_POINT,100,100,GREYBOX,55,100,ONE_POINT,100,500,1247.0563929080963
211,21200,459.5682678222656,35285,ONE_POINT,100,100,GREYBOX,55,100,ONE_POINT,100,500,1247.0563929080963
212,21300,462.35732221603394,35273,ONE_POINT,100,100,GREYBOX,55,100,ONE_POINT,100,500,1247.0563929080963
213,21400,465.1090269088745,35244,ONE_POINT,100,100,GREYBOX,55,100,ONE_POINT,100,500,1247.0563929080963
214,21500,467.7831656932831,35244,ONE_POINT,100,100,GREYBOX,55,100,ONE_POINT,100,500,1247.0563929080963
215,21600,470.61198472976685,35230,ONE_POINT,100,100,GREYBOX,55,100,ONE_POINT,100,500,1247.0563929080963
216,21700,473.2909436225891,35186,ONE_POINT,100,100,GREYBOX,55,100,ONE_POINT,100,500,1247.0563929080963
217,21800,475.9753725528717,35096,ONE_POINT,100,100,GREYBOX,55,100,ONE_POINT,100,500,1247.0563929080963
218,21900,478.77092123031616,35096,ONE_POINT,100,100,GREYBOX,55,100,ONE_POINT,100,500,1247.0563929080963
219,22000,481.45014476776123,35095,ONE_POINT,100,100,GREYBOX,55,100,ONE_POINT,100,500,1247.0563929080963
220,22100,484.15196347236633,35095,ONE_POINT,100,100,GREYBOX,55,100,ONE_POINT,100,500,1247.0563929080963
221,22200,486.9940321445465,35061,ONE_POINT,100,100,GREYBOX,55,100,ONE_POINT,100,500,1247.0563929080963
222,22300,489.7247726917267,35029,ONE_POINT,100,100,GREYBOX,55,100,ONE_POINT,100,500,1247.0563929080963
223,22400,492.4937160015106,35007,ONE_POINT,100,100,GREYBOX,55,100,ONE_POINT,100,500,1247.0563929080963
224,22500,495.33105731010437,35007,ONE_POINT,100,100,GREYBOX,55,100,ONE_POINT,100,500,1247.0563929080963
225,22600,498.0150377750397,34997,ONE_POINT,100,100,GREYBOX,55,100,ONE_POINT,100,500,1247.0563929080963
226,22700,500.7152760028839,34987,ONE_POINT,100,100,GREYBOX,55,100,ONE_POINT,100,500,1247.0563929080963
227,22800,503.5152781009674,34970,ONE_POINT,100,100,GREYBOX,55,100,ONE_POINT,100,500,1247.0563929080963
228,22900,506.1866536140442,34968,ONE_POINT,100,100,GREYBOX,55,100,ONE_POINT,100,500,1247.0563929080963
229,23000,508.87082982063293,34951,ONE_POINT,100,100,GREYBOX,55,100,ONE_POINT,100,500,1247.0563929080963
230,23100,511.48055028915405,34934,ONE_POINT,100,100,GREYBOX,55,100,ONE_POINT,100,500,1247.0563929080963
231,23200,514.1450290679932,34879,ONE_POINT,100,100,GREYBOX,55,100,ONE_POINT,100,500,1247.0563929080963
232,23300,516.7581679821014,34879,ONE_POINT,100,100,GREYBOX,55,100,ONE_POINT,100,500,1247.0563929080963
233,23400,519.4863202571869,34869,ONE_POINT,100,100,GREYBOX,55,100,ONE_POINT,100,500,1247.0563929080963
234,23500,522.4072842597961,34820,ONE_POINT,100,100,GREYBOX,55,100,ONE_POINT,100,500,1247.0563929080963
235,23600,525.1348180770874,34820,ONE_POINT,100,100,GREYBOX,55,100,ONE_POINT,100,500,1247.0563929080963
236,23700,527.9744963645935,34735,ONE_POINT,100,100,GREYBOX,55,100,ONE_POINT,100,500,1247.0563929080963
237,23800,530.677472114563,34687,ONE_POINT,100,100,GREYBOX,55,100,ONE_POINT,100,500,1247.0563929080963
238,23900,533.4361250400543,34676,ONE_POINT,100,100,GREYBOX,55,100,ONE_POINT,100,500,1247.0563929080963
239,24000,536.1533222198486,34643,ONE_POINT,100,100,GREYBOX,55,100,ONE_POINT,100,500,1247.0563929080963
240,24100,538.9859206676483,34639,ONE_POINT,100,100,GREYBOX,55,100,ONE_POINT,100,500,1247.0563929080963
241,24200,541.710444688797,34634,ONE_POINT,100,100,GREYBOX,55,100,ONE_POINT,100,500,1247.0563929080963
242,24300,544.4568603038788,34593,ONE_POINT,100,100,GREYBOX,55,100,ONE_POINT,100,500,1247.0563929080963
243,24400,547.1910226345062,34593,ONE_POINT,100,100,GREYBOX,55,100,ONE_POINT,100,500,1247.0563929080963
244,24500,549.9043743610382,34575,ONE_POINT,100,100,GREYBOX,55,100,ONE_POINT,100,500,1247.0563929080963
245,24600,552.6527252197266,34549,ONE_POINT,100,100,GREYBOX,55,100,ONE_POINT,100,500,1247.0563929080963
246,24700,555.4218621253967,34500,ONE_POINT,100,100,GREYBOX,55,100,ONE_POINT,100,500,1247.0563929080963
247,24800,558.1496570110321,34483,ONE_POINT,100,100,GREYBOX,55,100,ONE_POINT,100,500,1247.0563929080963
248,24900,560.8757925033569,34483,ONE_POINT,100,100,GREYBOX,55,100,ONE_POINT,100,500,1247.0563929080963
249,25000,563.7053282260895,34469,ONE_POINT,100,100,GREYBOX,55,100,ONE_POINT,100,500,1247.0563929080963
250,25100,566.4517359733582,34461,ONE_POINT,100,100,GREYBOX,55,100,ONE_POINT,100,500,1247.0563929080963
251,25200,569.2075381278992,34428,ONE_POINT,100,100,GREYBOX,55,100,ONE_POINT,100,500,1247.0563929080963
252,25300,571.9738636016846,34401,ONE_POINT,100,100,GREYBOX,55,100,ONE_POINT,100,500,1247.0563929080963
253,25400,574.6868641376495,34401,ONE_POINT,100,100,GREYBOX,55,100,ONE_POINT,100,500,1247.0563929080963
254,25500,577.3489575386047,34344,ONE_POINT,100,100,GREYBOX,55,100,ONE_POINT,100,500,1247.0563929080963
255,25600,580.0572550296783,34344,ONE_POINT,100,100,GREYBOX,55,100,ONE_POINT,100,500,1247.0563929080963
256,25700,582.839390039444,34344,ONE_POINT,100,100,GREYBOX,55,100,ONE_POINT,100,500,1247.0563929080963
257,25800,585.6683185100555,34300,ONE_POINT,100,100,GREYBOX,55,100,ONE_POINT,100,500,1247.0563929080963
258,25900,588.358124256134,34293,ONE_POINT,100,100,GREYBOX,55,100,ONE_POINT,100,500,1247.0563929080963
259,26000,591.0466406345367,34260,ONE_POINT,100,100,GREYBOX,55,100,ONE_POINT,100,500,1247.0563929080963
260,26100,593.8383400440216,34260,ONE_POINT,100,100,GREYBOX,55,100,ONE_POINT,100,500,1247.0563929080963
261,26200,596.5595784187317,34218,ONE_POINT,100,100,GREYBOX,55,100,ONE_POINT,100,500,1247.0563929080963
262,26300,599.2960283756256,34195,ONE_POINT,100,100,GREYBOX,55,100,ONE_POINT,100,500,1247.0563929080963
263,26400,602.0520884990692,34195,ONE_POINT,100,100,GREYBOX,55,100,ONE_POINT,100,500,1247.0563929080963
264,26500,604.7550535202026,34170,ONE_POINT,100,100,GREYBOX,55,100,ONE_POINT,100,500,1247.0563929080963
265,26600,607.438313961029,34170,ONE_POINT,100,100,GREYBOX,55,100,ONE_POINT,100,500,1247.0563929080963
266,26700,610.4430620670319,34169,ONE_POINT,100,100,GREYBOX,55,100,ONE_POINT,100,500,1247.0563929080963
267,26800,613.4336407184601,34151,ONE_POINT,100,100,GREYBOX,55,100,ONE_POINT,100,500,1247.0563929080963
268,26900,616.269871711731,34147,ONE_POINT,100,100,GREYBOX,55,100,ONE_POINT,100,500,1247.0563929080963
269,27000,619.0150661468506,34144,ONE_POINT,100,100,GREYBOX,55,100,ONE_POINT,100,500,1247.0563929080963
270,27100,621.8251974582672,34125,ONE_POINT,100,100,GREYBOX,55,100,ONE_POINT,100,500,1247.0563929080963
271,27200,624.570050239563,34113,ONE_POINT,100,100,GREYBOX,55,100,ONE_POINT,100,500,1247.0563929080963
272,27300,627.2420694828033,34104,ONE_POINT,100,100,GREYBOX,55,100,ONE_POINT,100,500,1247.0563929080963
273,27400,630.0513341426849,34104,ONE_POINT,100,100,GREYBOX,55,100,ONE_POINT,100,500,1247.0563929080963
274,27500,632.8135890960693,34099,ONE_POINT,100,100,GREYBOX,55,100,ONE_POINT,100,500,1247.0563929080963
275,27600,635.5158009529114,34063,ONE_POINT,100,100,GREYBOX,55,100,ONE_POINT,100,500,1247.0563929080963
276,27700,638.2904455661774,34055,ONE_POINT,100,100,GREYBOX,55,100,ONE_POINT,100,500,1247.0563929080963
277,27800,641.0515601634979,34040,ONE_POINT,100,100,GREYBOX,55,100,ONE_POINT,100,500,1247.0563929080963
278,27900,643.744912147522,34039,ONE_POINT,100,100,GREYBOX,55,100,ONE_POINT,100,500,1247.0563929080963
279,28000,646.4794669151306,34031,ONE_POINT,100,100,GREYBOX,55,100,ONE_POINT,100,500,1247.0563929080963
280,28100,649.2542004585266,34015,ONE_POINT,100,100,GREYBOX,55,100,ONE_POINT,100,500,1247.0563929080963
281,28200,651.938313961029,34014,ONE_POINT,100,100,GREYBOX,55,100,ONE_POINT,100,500,1247.0563929080963
282,28300,654.6886212825775,34005,ONE_POINT,100,100,GREYBOX,55,100,ONE_POINT,100,500,1247.0563929080963
283,28400,657.2828190326691,34000,ONE_POINT,100,100,GREYBOX,55,100,ONE_POINT,100,500,1247.0563929080963
284,28500,659.880921125412,33971,ONE_POINT,100,100,GREYBOX,55,100,ONE_POINT,100,500,1247.0563929080963
285,28600,662.5120503902435,33971,ONE_POINT,100,100,GREYBOX,55,100,ONE_POINT,100,500,1247.0563929080963
286,28700,665.1021225452423,33955,ONE_POINT,100,100,GREYBOX,55,100,ONE_POINT,100,500,1247.0563929080963
287,28800,667.775762796402,33932,ONE_POINT,100,100,GREYBOX,55,100,ONE_POINT,100,500,1247.0563929080963
288,28900,670.4482581615448,33932,ONE_POINT,100,100,GREYBOX,55,100,ONE_POINT,100,500,1247.0563929080963
289,29000,673.0697045326233,33927,ONE_POINT,100,100,GREYBOX,55,100,ONE_POINT,100,500,1247.0563929080963
290,29100,675.72452044487,33894,ONE_POINT,100,100,GREYBOX,55,100,ONE_POINT,100,500,1247.0563929080963
291,29200,678.3457396030426,33894,ONE_POINT,100,100,GREYBOX,55,100,ONE_POINT,100,500,1247.0563929080963
292,29300,680.9514951705933,33894,ONE_POINT,100,100,GREYBOX,55,100,ONE_POINT,100,500,1247.0563929080963
293,29400,683.6215550899506,33886,ONE_POINT,100,100,GREYBOX,55,100,ONE_POINT,100,500,1247.0563929080963
294,29500,686.2197158336639,33843,ONE_POINT,100,100,GREYBOX,55,100,ONE_POINT,100,500,1247.0563929080963
295,29600,688.869743347168,33834,ONE_POINT,100,100,GREYBOX,55,100,ONE_POINT,100,500,1247.0563929080963
296,29700,691.4961106777191,33799,ONE_POINT,100,100,GREYBOX,55,100,ONE_POINT,100,500,1247.0563929080963
297,29800,694.0584428310394,33790,ONE_POINT,100,100,GREYBOX,55,100,ONE_POINT,100,500,1247.0563929080963
298,29900,696.6846239566803,33785,ONE_POINT,100,100,GREYBOX,55,100,ONE_POINT,100,500,1247.0563929080963
299,30000,699.3140301704407,33785,ONE_POINT,100,100,GREYBOX,55,100,ONE_POINT,100,500,1247.0563929080963
300,30100,701.8653240203857,33776,ONE_POINT,100,100,GREYBOX,55,100,ONE_POINT,100,500,1247.0563929080963
301,30200,704.418265581131,33772,ONE_POINT,100,100,GREYBOX,55,100,ONE_POINT,100,500,1247.0563929080963
302,30300,707.2851872444153,33749,ONE_POINT,100,100,GREYBOX,55,100,ONE_POINT,100,500,1247.0563929080963
303,30400,710.0549793243408,33745,ONE_POINT,100,100,GREYBOX,55,100,ONE_POINT,100,500,1247.0563929080963
304,30500,712.7829215526581,33731,ONE_POINT,100,100,GREYBOX,55,100,ONE_POINT,100,500,1247.0563929080963
305,30600,715.4485092163086,33731,ONE_POINT,100,100,GREYBOX,55,100,ONE_POINT,100,500,1247.0563929080963
306,30700,718.1286859512329,33711,ONE_POINT,100,100,GREYBOX,55,100,ONE_POINT,100,500,1247.0563929080963
307,30800,720.7972152233124,33710,ONE_POINT,100,100,GREYBOX,55,100,ONE_POINT,100,500,1247.0563929080963
308,30900,723.5099430084229,33701,ONE_POINT,100,100,GREYBOX,55,100,ONE_POINT,100,500,1247.0563929080963
309,31000,726.3353500366211,33682,ONE_POINT,100,100,GREYBOX,55,100,ONE_POINT,100,500,1247.0563929080963
310,31100,729.1691720485687,33670,ONE_POINT,100,100,GREYBOX,55,100,ONE_POINT,100,500,1247.0563929080963
311,31200,731.8491578102112,33667,ONE_POINT,100,100,GREYBOX,55,100,ONE_POINT,100,500,1247.0563929080963
312,31300,734.5793850421906,33661,ONE_POINT,100,100,GREYBOX,55,100,ONE_POINT,100,500,1247.0563929080963
313,31400,737.3062937259674,33625,ONE_POINT,100,100,GREYBOX,55,100,ONE_POINT,100,500,1247.0563929080963
314,31500,740.0498476028442,33625,ONE_POINT,100,100,GREYBOX,55,100,ONE_POINT,100,500,1247.0563929080963
315,31600,743.0985021591187,33621,ONE_POINT,100,100,GREYBOX,55,100,ONE_POINT,100,500,1247.0563929080963
316,31700,745.857613325119,33621,ONE_POINT,100,100,GREYBOX,55,100,ONE_POINT,100,500,1247.0563929080963
317,31800,748.5537312030792,33620,ONE_POINT,100,100,GREYBOX,55,100,ONE_POINT,100,500,1247.0563929080963
318,31900,751.4058001041412,33610,ONE_POINT,100,100,GREYBOX,55,100,ONE_POINT,100,500,1247.0563929080963
319,32000,754.1179342269897,33593,ONE_POINT,100,100,GREYBOX,55,100,ONE_POINT,100,500,1247.0563929080963
320,32100,756.9018046855927,33591,ONE_POINT,100,100,GREYBOX,55,100,ONE_POINT,100,500,1247.0563929080963
321,32200,759.6322801113129,33588,ONE_POINT,100,100,GREYBOX,55,100,ONE_POINT,100,500,1247.0563929080963
322,32300,762.3665149211884,33582,ONE_POINT,100,100,GREYBOX,55,100,ONE_POINT,100,500,1247.0563929080963
323,32400,765.1143317222595,33579,ONE_POINT,100,100,GREYBOX,55,100,ONE_POINT,100,500,1247.0563929080963
324,32500,767.8905999660492,33562,ONE_POINT,100,100,GREYBOX,55,100,ONE_POINT,100,500,1247.0563929080963
325,32600,770.5971331596375,33561,ONE_POINT,100,100,GREYBOX,55,100,ONE_POINT,100,500,1247.0563929080963
326,32700,773.3083119392395,33560,ONE_POINT,100,100,GREYBOX,55,100,ONE_POINT,100,500,1247.0563929080963
327,32800,776.1085402965546,33548,ONE_POINT,100,100,GREYBOX,55,100,ONE_POINT,100,500,1247.0563929080963
328,32900,778.8247594833374,33533,ONE_POINT,100,100,GREYBOX,55,100,ONE_POINT,100,500,1247.0563929080963
329,33000,781.4698383808136,33533,ONE_POINT,100,100,GREYBOX,55,100,ONE_POINT,100,500,1247.0563929080963
330,33100,784.2968583106995,33520,ONE_POINT,100,100,GREYBOX,55,100,ONE_POINT,100,500,1247.0563929080963
331,33200,787.0535490512848,33517,ONE_POINT,100,100,GREYBOX,55,100,ONE_POINT,100,500,1247.0563929080963
332,33300,789.7264769077301,33517,ONE_POINT,100,100,GREYBOX,55,100,ONE_POINT,100,500,1247.0563929080963
333,33400,792.6652088165283,33497,ONE_POINT,100,100,GREYBOX,55,100,ONE_POINT,100,500,1247.0563929080963
334,33500,795.4586100578308,33497,ONE_POINT,100,100,GREYBOX,55,100,ONE_POINT,100,500,1247.0563929080963
335,33600,798.2766072750092,33497,ONE_POINT,100,100,GREYBOX,55,100,ONE_POINT,100,500,1247.0563929080963
336,33700,801.1118628978729,33485,ONE_POINT,100,100,GREYBOX,55,100,ONE_POINT,100,500,1247.0563929080963
337,33800,803.9364783763885,33464,ONE_POINT,100,100,GREYBOX,55,100,ONE_POINT,100,500,1247.0563929080963
338,33900,806.8405225276947,33313,ONE_POINT,100,100,GREYBOX,55,100,ONE_POINT,100,500,1247.0563929080963
339,34000,809.7092962265015,33295,ONE_POINT,100,100,GREYBOX,55,100,ONE_POINT,100,500,1247.0563929080963
340,34100,812.4848895072937,33286,ONE_POINT,100,100,GREYBOX,55,100,ONE_POINT,100,500,1247.0563929080963
341,34200,815.3181343078613,33274,ONE_POINT,100,100,GREYBOX,55,100,ONE_POINT,100,500,1247.0563929080963
342,34300,818.0955774784088,33267,ONE_POINT,100,100,GREYBOX,55,100,ONE_POINT,100,500,1247.0563929080963
343,34400,820.9046006202698,33267,ONE_POINT,100,100,GREYBOX,55,100,ONE_POINT,100,500,1247.0563929080963
344,34500,823.680816411972,33265,ONE_POINT,100,100,GREYBOX,55,100,ONE_POINT,100,500,1247.0563929080963
345,34600,826.5038635730743,33255,ONE_POINT,100,100,GREYBOX,55,100,ONE_POINT,100,500,1247.0563929080963
346,34700,829.3036708831787,33255,ONE_POINT,100,100,GREYBOX,55,100,ONE_POINT,100,500,1247.0563929080963
347,34800,832.122789144516,33244,ONE_POINT,100,100,GREYBOX,55,100,ONE_POINT,100,500,1247.0563929080963
348,34900,834.9638166427612,33225,ONE_POINT,100,100,GREYBOX,55,100,ONE_POINT,100,500,1247.0563929080963
349,35000,837.7344286441803,33225,ONE_POINT,100,100,GREYBOX,55,100,ONE_POINT,100,500,1247.0563929080963
350,35100,840.5786850452423,33225,ONE_POINT,100,100,GREYBOX,55,100,ONE_POINT,100,500,1247.0563929080963
351,35200,843.5124244689941,33219,ONE_POINT,100,100,GREYBOX,55,100,ONE_POINT,100,500,1247.0563929080963
352,35300,846.3719730377197,33210,ONE_POINT,100,100,GREYBOX,55,100,ONE_POINT,100,500,1247.0563929080963
353,35400,849.2438356876373,33209,ONE_POINT,100,100,GREYBOX,55,100,ONE_POINT,100,500,1247.0563929080963
354,35500,852.1230535507202,33167,ONE_POINT,100,100,GREYBOX,55,100,ONE_POINT,100,500,1247.0563929080963
355,35600,854.9148917198181,33167,ONE_POINT,100,100,GREYBOX,55,100,ONE_POINT,100,500,1247.0563929080963
356,35700,857.7804710865021,33167,ONE_POINT,100,100,GREYBOX,55,100,ONE_POINT,100,500,1247.0563929080963
357,35800,860.6733295917511,33161,ONE_POINT,100,100,GREYBOX,55,100,ONE_POINT,100,500,1247.0563929080963
358,35900,863.4935188293457,33144,ONE_POINT,100,100,GREYBOX,55,100,ONE_POINT,100,500,1247.0563929080963
359,36000,866.2950310707092,33144,ONE_POINT,100,100,GREYBOX,55,100,ONE_POINT,100,500,1247.0563929080963
360,36100,869.1096103191376,33137,ONE_POINT,100,100,GREYBOX,55,100,ONE_POINT,100,500,1247.0563929080963
361,36200,871.964516878128,33131,ONE_POINT,100,100,GREYBOX,55,100,ONE_POINT,100,500,1247.0563929080963
362,36300,874.8160259723663,33131,ONE_POINT,100,100,GREYBOX,55,100,ONE_POINT,100,500,1247.0563929080963
363,36400,877.7128083705902,33126,ONE_POINT,100,100,GREYBOX,55,100,ONE_POINT,100,500,1247.0563929080963
364,36500,880.5085196495056,33126,ONE_POINT,100,100,GREYBOX,55,100,ONE_POINT,100,500,1247.0563929080963
365,36600,883.4400641918182,33117,ONE_POINT,100,100,GREYBOX,55,100,ONE_POINT,100,500,1247.0563929080963
366,36700,886.3352854251862,33112,ONE_POINT,100,100,GREYBOX,55,100,ONE_POINT,100,500,1247.0563929080963
367,36800,889.0667314529419,33112,ONE_POINT,100,100,GREYBOX,55,100,ONE_POINT,100,500,1247.0563929080963
368,36900,891.823180437088,33105,ONE_POINT,100,100,GREYBOX,55,100,ONE_POINT,100,500,1247.0563929080963
369,37000,894.5496602058411,33096,ONE_POINT,100,100,GREYBOX,55,100,ONE_POINT,100,500,1247.0563929080963
370,37100,897.1291854381561,33074,ONE_POINT,100,100,GREYBOX,55,100,ONE_POINT,100,500,1247.0563929080963
371,37200,899.6736512184143,33068,ONE_POINT,100,100,GREYBOX,55,100,ONE_POINT,100,500,1247.0563929080963
372,37300,902.3769645690918,33068,ONE_POINT,100,100,GREYBOX,55,100,ONE_POINT,100,500,1247.0563929080963
373,37400,905.0398752689362,33057,ONE_POINT,100,100,GREYBOX,55,100,ONE_POINT,100,500,1247.0563929080963
374,37500,907.6578123569489,33047,ONE_POINT,100,100,GREYBOX,55,100,ONE_POINT,100,500,1247.0563929080963
375,37600,910.3038938045502,33042,ONE_POINT,100,100,GREYBOX,55,100,ONE_POINT,100,500,1247.0563929080963
376,37700,912.9326317310333,33039,ONE_POINT,100,100,GREYBOX,55,100,ONE_POINT,100,500,1247.0563929080963
377,37800,915.5354313850403,33026,ONE_POINT,100,100,GREYBOX,55,100,ONE_POINT,100,500,1247.0563929080963
378,37900,918.1579403877258,32963,ONE_POINT,100,100,GREYBOX,55,100,ONE_POINT,100,500,1247.0563929080963
379,38000,920.8029589653015,32963,ONE_POINT,100,100,GREYBOX,55,100,ONE_POINT,100,500,1247.0563929080963
380,38100,923.3874027729034,32910,ONE_POINT,100,100,GREYBOX,55,100,ONE_POINT,100,500,1247.0563929080963
381,38200,925.9932126998901,32910,ONE_POINT,100,100,GREYBOX,55,100,ONE_POINT,100,500,1247.0563929080963
382,38300,928.6518654823303,32910,ONE_POINT,100,100,GREYBOX,55,100,ONE_POINT,100,500,1247.0563929080963
383,38400,931.200047492981,32910,ONE_POINT,100,100,GREYBOX,55,100,ONE_POINT,100,500,1247.0563929080963
384,38500,933.9878406524658,32907,ONE_POINT,100,100,GREYBOX,55,100,ONE_POINT,100,500,1247.0563929080963
385,38600,936.5100519657135,32891,ONE_POINT,100,100,GREYBOX,55,100,ONE_POINT,100,500,1247.0563929080963
386,38700,939.1334257125854,32880,ONE_POINT,100,100,GREYBOX,55,100,ONE_POINT,100,500,1247.0563929080963
387,38800,941.7681634426117,32880,ONE_POINT,100,100,GREYBOX,55,100,ONE_POINT,100,500,1247.0563929080963
388,38900,944.421516418457,32876,ONE_POINT,100,100,GREYBOX,55,100,ONE_POINT,100,500,1247.0563929080963
389,39000,946.977618932724,32777,ONE_POINT,100,100,GREYBOX,55,100,ONE_POINT,100,500,1247.0563929080963
390,39100,949.5287752151489,32777,ONE_POINT,100,100,GREYBOX,55,100,ONE_POINT,100,500,1247.0563929080963
391,39200,952.2081730365753,32762,ONE_POINT,100,100,GREYBOX,55,100,ONE_POINT,100,500,1247.0563929080963
392,39300,954.8412470817566,32760,ONE_POINT,100,100,GREYBOX,55,100,ONE_POINT,100,500,1247.0563929080963
393,39400,957.4855716228485,32760,ONE_POINT,100,100,GREYBOX,55,100,ONE_POINT,100,500,1247.0563929080963
394,39500,960.1702132225037,32737,ONE_POINT,100,100,GREYBOX,55,100,ONE_POINT,100,500,1247.0563929080963
395,39600,962.7853453159332,32737,ONE_POINT,100,100,GREYBOX,55,100,ONE_POINT,100,500,1247.0563929080963
396,39700,965.3944418430328,32735,ONE_POINT,100,100,GREYBOX,55,100,ONE_POINT,100,500,1247.0563929080963
397,39800,967.9879612922668,32735,ONE_POINT,100,100,GREYBOX,55,100,ONE_POINT,100,500,1247.0563929080963
398,39900,970.5579402446747,32723,ONE_POINT,100,100,GREYBOX,55,100,ONE_POINT,100,500,1247.0563929080963
399,40000,973.140745639801,32677,ONE_POINT,100,100,GREYBOX,55,100,ONE_POINT,100,500,1247.0563929080963
400,40100,975.713399887085,32677,ONE_POINT,100,100,GREYBOX,55,100,ONE_POINT,100,500,1247.0563929080963
401,40200,978.308034658432,32652,ONE_POINT,100,100,GREYBOX,55,100,ONE_POINT,100,500,1247.0563929080963
402,40300,980.9658856391907,32652,ONE_POINT,100,100,GREYBOX,55,100,ONE_POINT,100,500,1247.0563929080963
403,40400,983.5457549095154,32626,ONE_POINT,100,100,GREYBOX,55,100,ONE_POINT,100,500,1247.0563929080963
404,40500,986.2044003009796,32626,ONE_POINT,100,100,GREYBOX,55,100,ONE_POINT,100,500,1247.0563929080963
405,40600,988.7526707649231,32624,ONE_POINT,100,100,GREYBOX,55,100,ONE_POINT,100,500,1247.0563929080963
406,40700,991.3551924228668,32612,ONE_POINT,100,100,GREYBOX,55,100,ONE_POINT,100,500,1247.0563929080963
407,40800,993.8848967552185,32606,ONE_POINT,100,100,GREYBOX,55,100,ONE_POINT,100,500,1247.0563929080963
408,40900,996.4584903717041,32603,ONE_POINT,100,100,GREYBOX,55,100,ONE_POINT,100,500,1247.0563929080963
409,41000,999.0241351127625,32603,ONE_POINT,100,100,GREYBOX,55,100,ONE_POINT,100,500,1247.0563929080963
410,41100,1001.6088073253632,32595,ONE_POINT,100,100,GREYBOX,55,100,ONE_POINT,100,500,1247.0563929080963
411,41200,1004.1498885154724,32578,ONE_POINT,100,100,GREYBOX,55,100,ONE_POINT,100,500,1247.0563929080963
412,41300,1006.7689361572266,32572,ONE_POINT,100,100,GREYBOX,55,100,ONE_POINT,100,500,1247.0563929080963
413,41400,1009.3576633930206,32561,ONE_POINT,100,100,GREYBOX,55,100,ONE_POINT,100,500,1247.0563929080963
414,41500,1012.0028245449066,32561,ONE_POINT,100,100,GREYBOX,55,100,ONE_POINT,100,500,1247.0563929080963
415,41600,1014.8444948196411,32561,ONE_POINT,100,100,GREYBOX,55,100,ONE_POINT,100,500,1247.0563929080963
416,41700,1017.5866069793701,32557,ONE_POINT,100,100,GREYBOX,55,100,ONE_POINT,100,500,1247.0563929080963
417,41800,1020.2532243728638,32552,ONE_POINT,100,100,GREYBOX,55,100,ONE_POINT,100,500,1247.0563929080963
418,41900,1022.947517156601,32552,ONE_POINT,100,100,GREYBOX,55,100,ONE_POINT,100,500,1247.0563929080963
419,42000,1025.602310180664,32522,ONE_POINT,100,100,GREYBOX,55,100,ONE_POINT,100,500,1247.0563929080963
420,42100,1028.3155488967896,32522,ONE_POINT,100,100,GREYBOX,55,100,ONE_POINT,100,500,1247.0563929080963
421,42200,1031.0294737815857,32514,ONE_POINT,100,100,GREYBOX,55,100,ONE_POINT,100,500,1247.0563929080963
422,42300,1033.732765197754,32512,ONE_POINT,100,100,GREYBOX,55,100,ONE_POINT,100,500,1247.0563929080963
423,42400,1036.4395639896393,32497,ONE_POINT,100,100,GREYBOX,55,100,ONE_POINT,100,500,1247.0563929080963
424,42500,1039.145287513733,32492,ONE_POINT,100,100,GREYBOX,55,100,ONE_POINT,100,500,1247.0563929080963
425,42600,1041.8243539333344,32481,ONE_POINT,100,100,GREYBOX,55,100,ONE_POINT,100,500,1247.0563929080963
426,42700,1044.550526857376,32479,ONE_POINT,100,100,GREYBOX,55,100,ONE_POINT,100,500,1247.0563929080963
427,42800,1047.261719942093,32476,ONE_POINT,100,100,GREYBOX,55,100,ONE_POINT,100,500,1247.0563929080963
428,42900,1049.9416854381561,32474,ONE_POINT,100,100,GREYBOX,55,100,ONE_POINT,100,500,1247.0563929080963
429,43000,1052.611085653305,32468,ONE_POINT,100,100,GREYBOX,55,100,ONE_POINT,100,500,1247.0563929080963
430,43100,1055.4928584098816,32462,ONE_POINT,100,100,GREYBOX,55,100,ONE_POINT,100,500,1247.0563929080963
431,43200,1058.250220298767,32459,ONE_POINT,100,100,GREYBOX,55,100,ONE_POINT,100,500,1247.0563929080963
432,43300,1061.026516675949,32459,ONE_POINT,100,100,GREYBOX,55,100,ONE_POINT,100,500,1247.0563929080963
433,43400,1063.7855110168457,32451,ONE_POINT,100,100,GREYBOX,55,100,ONE_POINT,100,500,1247.0563929080963
434,43500,1066.4826927185059,32446,ONE_POINT,100,100,GREYBOX,55,100,ONE_POINT,100,500,1247.0563929080963
435,43600,1069.1661024093628,32443,ONE_POINT,100,100,GREYBOX,55,100,ONE_POINT,100,500,1247.0563929080963
436,43700,1071.9001259803772,32438,ONE_POINT,100,100,GREYBOX,55,100,ONE_POINT,100,500,1247.0563929080963
437,43800,1074.5784828662872,32427,ONE_POINT,100,100,GREYBOX,55,100,ONE_POINT,100,500,1247.0563929080963
438,43900,1077.3171260356903,32427,ONE_POINT,100,100,GREYBOX,55,100,ONE_POINT,100,500,1247.0563929080963
439,44000,1080.0305716991425,32427,ONE_POINT,100,100,GREYBOX,55,100,ONE_POINT,100,500,1247.0563929080963
440,44100,1082.7329580783844,32422,ONE_POINT,100,100,GREYBOX,55,100,ONE_POINT,100,500,1247.0563929080963
441,44200,1085.3741569519043,32402,ONE_POINT,100,100,GREYBOX,55,100,ONE_POINT,100,500,1247.0563929080963
442,44300,1088.0953302383423,32402,ONE_POINT,100,100,GREYBOX,55,100,ONE_POINT,100,500,1247.0563929080963
443,44400,1090.7505524158478,32399,ONE_POINT,100,100,GREYBOX,55,100,ONE_POINT,100,500,1247.0563929080963
444,44500,1093.4186472892761,32395,ONE_POINT,100,100,GREYBOX,55,100,ONE_POINT,100,500,1247.0563929080963
445,44600,1096.1198954582214,32395,ONE_POINT,100,100,GREYBOX,55,100,ONE_POINT,100,500,1247.0563929080963
446,44700,1098.778300523758,32385,ONE_POINT,100,100,GREYBOX,55,100,ONE_POINT,100,500,1247.0563929080963
447,44800,1101.4566724300385,32375,ONE_POINT,100,100,GREYBOX,55,100,ONE_POINT,100,500,1247.0563929080963
448,44900,1104.2161810398102,32360,ONE_POINT,100,100,GREYBOX,55,100,ONE_POINT,100,500,1247.0563929080963
449,45000,1106.9562847614288,32360,ONE_POINT,100,100,GREYBOX,55,100,ONE_POINT,100,500,1247.0563929080963
450,45100,1109.6376516819,32346,ONE_POINT,100,100,GREYBOX,55,100,ONE_POINT,100,500,1247.0563929080963
451,45200,1112.3112540245056,32346,ONE_POINT,100,100,GREYBOX,55,100,ONE_POINT,100,500,1247.0563929080963
452,45300,1115.0135865211487,32346,ONE_POINT,100,100,GREYBOX,55,100,ONE_POINT,100,500,1247.0563929080963
453,45400,1117.6793186664581,32341,ONE_POINT,100,100,GREYBOX,55,100,ONE_POINT,100,500,1247.0563929080963
454,45500,1120.353978395462,32336,ONE_POINT,100,100,GREYBOX,55,100,ONE_POINT,100,500,1247.0563929080963
455,45600,1122.9778230190277,32336,ONE_POINT,100,100,GREYBOX,55,100,ONE_POINT,100,500,1247.0563929080963
456,45700,1125.7226912975311,32336,ONE_POINT,100,100,GREYBOX,55,100,ONE_POINT,100,500,1247.0563929080963
457,45800,1128.5599727630615,32334,ONE_POINT,100,100,GREYBOX,55,100,ONE_POINT,100,500,1247.0563929080963
458,45900,1131.2405605316162,32322,ONE_POINT,100,100,GREYBOX,55,100,ONE_POINT,100,500,1247.0563929080963
459,46000,1133.9422535896301,32322,ONE_POINT,100,100,GREYBOX,55,100,ONE_POINT,100,500,1247.0563929080963
460,46100,1136.6367707252502,32317,ONE_POINT,100,100,GREYBOX,55,100,ONE_POINT,100,500,1247.0563929080963
461,46200,1139.349678993225,32314,ONE_POINT,100,100,GREYBOX,55,100,ONE_POINT,100,500,1247.0563929080963
462,46300,1141.9976258277893,32313,ONE_POINT,100,100,GREYBOX,55,100,ONE_POINT,100,500,1247.0563929080963
463,46400,1144.641312122345,32309,ONE_POINT,100,100,GREYBOX,55,100,ONE_POINT,100,500,1247.0563929080963
464,46500,1147.256376028061,32304,ONE_POINT,100,100,GREYBOX,55,100,ONE_POINT,100,500,1247.0563929080963
465,46600,1150.166674375534,32254,ONE_POINT,100,100,GREYBOX,55,100,ONE_POINT,100,500,1247.0563929080963
466,46700,1152.8408789634705,32254,ONE_POINT,100,100,GREYBOX,55,100,ONE_POINT,100,500,1247.0563929080963
467,46800,1155.5277936458588,32250,ONE_POINT,100,100,GREYBOX,55,100,ONE_POINT,100,500,1247.0563929080963
468,46900,1158.272437095642,32245,ONE_POINT,100,100,GREYBOX,55,100,ONE_POINT,100,500,1247.0563929080963
469,47000,1160.9178562164307,32236,ONE_POINT,100,100,GREYBOX,55,100,ONE_POINT,100,500,1247.0563929080963
470,47100,1163.6378996372223,32236,ONE_POINT,100,100,GREYBOX,55,100,ONE_POINT,100,500,1247.0563929080963
471,47200,1166.3479843139648,32236,ONE_POINT,100,100,GREYBOX,55,100,ONE_POINT,100,500,1247.0563929080963
472,47300,1169.0512690544128,32233,ONE_POINT,100,100,GREYBOX,55,100,ONE_POINT,100,500,1247.0563929080963
473,47400,1171.7387628555298,32211,ONE_POINT,100,100,GREYBOX,55,100,ONE_POINT,100,500,1247.0563929080963
474,47500,1174.3840548992157,32211,ONE_POINT,100,100,GREYBOX,55,100,ONE_POINT,100,500,1247.0563929080963
475,47600,1177.061273574829,32103,ONE_POINT,100,100,GREYBOX,55,100,ONE_POINT,100,500,1247.0563929080963
476,47700,1179.7725076675415,32103,ONE_POINT,100,100,GREYBOX,55,100,ONE_POINT,100,500,1247.0563929080963
477,47800,1182.3983669281006,32073,ONE_POINT,100,100,GREYBOX,55,100,ONE_POINT,100,500,1247.0563929080963
478,47900,1185.1013283729553,32073,ONE_POINT,100,100,GREYBOX,55,100,ONE_POINT,100,500,1247.0563929080963
479,48000,1187.7708489894867,32068,ONE_POINT,100,100,GREYBOX,55,100,ONE_POINT,100,500,1247.0563929080963
480,48100,1190.6836788654327,32068,ONE_POINT,100,100,GREYBOX,55,100,ONE_POINT,100,500,1247.0563929080963
481,48200,1193.4798851013184,32067,ONE_POINT,100,100,GREYBOX,55,100,ONE_POINT,100,500,1247.0563929080963
482,48300,1196.1521191596985,32067,ONE_POINT,100,100,GREYBOX,55,100,ONE_POINT,100,500,1247.0563929080963
483,48400,1198.6757552623749,32067,ONE_POINT,100,100,GREYBOX,55,100,ONE_POINT,100,500,1247.0563929080963
484,48500,1201.245813369751,32062,ONE_POINT,100,100,GREYBOX,55,100,ONE_POINT,100,500,1247.0563929080963
485,48600,1203.944590806961,32047,ONE_POINT,100,100,GREYBOX,55,100,ONE_POINT,100,500,1247.0563929080963
486,48700,1207.0407996177673,32047,ONE_POINT,100,100,GREYBOX,55,100,ONE_POINT,100,500,1247.0563929080963
487,48800,1209.8129515647888,32044,ONE_POINT,100,100,GREYBOX,55,100,ONE_POINT,100,500,1247.0563929080963
488,48900,1212.5522909164429,32043,ONE_POINT,100,100,GREYBOX,55,100,ONE_POINT,100,500,1247.0563929080963
489,49000,1215.2636082172394,32037,ONE_POINT,100,100,GREYBOX,55,100,ONE_POINT,100,500,1247.0563929080963
490,49100,1217.9343497753143,32029,ONE_POINT,100,100,GREYBOX,55,100,ONE_POINT,100,500,1247.0563929080963
491,49200,1220.6925747394562,32026,ONE_POINT,100,100,GREYBOX,55,100,ONE_POINT,100,500,1247.0563929080963
492,49300,1223.3793506622314,32026,ONE_POINT,100,100,GREYBOX,55,100,ONE_POINT,100,500,1247.0563929080963
493,49400,1226.1247627735138,32020,ONE_POINT,100,100,GREYBOX,55,100,ONE_POINT,100,500,1247.0563929080963
494,49500,1228.8213007450104,32019,ONE_POINT,100,100,GREYBOX,55,100,ONE_POINT,100,500,1247.0563929080963
495,49600,1231.5242846012115,32013,ONE_POINT,100,100,GREYBOX,55,100,ONE_POINT,100,500,1247.0563929080963
496,49700,1234.3135025501251,32007,ONE_POINT,100,100,GREYBOX,55,100,ONE_POINT,100,500,1247.0563929080963
497,49800,1236.9383628368378,31997,ONE_POINT,100,100,GREYBOX,55,100,ONE_POINT,100,500,1247.0563929080963
498,49900,1239.6072142124176,31997,ONE_POINT,100,100,GREYBOX,55,100,ONE_POINT,100,500,1247.0563929080963
499,50000,1242.297306060791,31995,ONE_POINT,100,100,GREYBOX,55,100,ONE_POINT,100,500,1247.0563929080963
500,50100,1245.063421010971,31981,ONE_POINT,100,100,GREYBOX,55,100,ONE_POINT,100,500,1247.0563929080963
