selection-name,num-features-mutation-strength,seed,num-generations,num-evaluations,time-elapsed,best-fitness,avg-fitness,crossover-method,population-size,num-points,initialization
tournament_2,0.5,0,1,200,0.4273247718811035,134707,146671.4,ONE_POINT,100,100,RANDOM
tournament_2,0.5,0,2,300,1.0988314151763916,132902,143295.45,ONE_POINT,100,100,RANDOM
tournament_2,0.5,0,3,400,1.7168095111846924,128344,141085.31,ONE_POINT,100,100,RANDOM
tournament_2,0.5,0,4,500,2.3277480602264404,128318,138716.36,ONE_POINT,100,100,RANDOM
tournament_2,0.5,0,5,600,2.8805224895477295,128318,136692.57,ONE_POINT,100,100,RANDOM
tournament_2,0.5,0,6,700,3.494149684906006,122938,134716.71,ONE_POINT,100,100,RANDOM
tournament_2,0.5,0,7,800,4.105111360549927,122769,132595.59,ONE_POINT,100,100,RANDOM
tournament_2,0.5,0,8,900,4.695996522903442,117474,130324.94,ONE_POINT,100,100,RANDOM
tournament_2,0.5,0,9,1000,5.275991916656494,117474,128609.77,ONE_POINT,100,100,RANDOM
tournament_2,0.5,0,10,1100,5.859226942062378,117474,126971.87,ONE_POINT,100,100,RANDOM
tournament_2,0.5,0,11,1200,6.43541693687439,117474,125143.5,ONE_POINT,100,100,RANDOM
tournament_2,0.5,0,12,1300,6.951717853546143,117474,123742.1,ONE_POINT,100,100,RANDOM
tournament_2,0.5,0,13,1400,7.41018009185791,116984,122356.41,ONE_POINT,100,100,RANDOM
tournament_2,0.5,0,14,1500,7.836773157119751,116310,121454.73,ONE_POINT,100,100,RANDOM
tournament_2,0.5,0,15,1600,8.282100677490234,115816,120374.69,ONE_POINT,100,100,RANDOM
tournament_2,0.5,0,16,1700,8.722483158111572,115816,119467.36,ONE_POINT,100,100,RANDOM
tournament_2,0.5,0,17,1800,9.192708969116211,113903,118468.87,ONE_POINT,100,100,RANDOM
tournament_2,0.5,0,18,1900,9.642207145690918,112402,117422.85,ONE_POINT,100,100,RANDOM
tournament_2,0.5,0,19,2000,10.179568529129028,112402,116750.48,ONE_POINT,100,100,RANDOM
tournament_2,0.5,0,20,2100,10.591672658920288,108919,116008.59,ONE_POINT,100,100,RANDOM
tournament_2,0.5,0,21,2200,11.049818754196167,108919,115245.27,ONE_POINT,100,100,RANDOM
tournament_2,0.5,0,22,2300,11.491161823272705,108919,114163.34,ONE_POINT,100,100,RANDOM
tournament_2,0.5,0,23,2400,11.947032690048218,108870,113240.92,ONE_POINT,100,100,RANDOM
tournament_2,0.5,0,24,2500,12.404016971588135,105968,112089.53,ONE_POINT,100,100,RANDOM
tournament_2,0.5,0,25,2600,12.83287262916565,105573,110800.6,ONE_POINT,100,100,RANDOM
tournament_2,0.5,0,26,2700,13.307957649230957,105469,109668.48,ONE_POINT,100,100,RANDOM
tournament_2,0.5,0,27,2800,13.741679668426514,101972,108686.88,ONE_POINT,100,100,RANDOM
tournament_2,0.5,0,28,2900,14.19758653640747,101972,107509.76,ONE_POINT,100,100,RANDOM
tournament_2,0.5,0,29,3000,14.6285719871521,99851,106267.67,ONE_POINT,100,100,RANDOM
tournament_2,0.5,0,30,3100,15.04578423500061,99851,105445.68,ONE_POINT,100,100,RANDOM
tournament_2,0.5,0,31,3200,15.515351057052612,99851,104460.03,ONE_POINT,100,100,RANDOM
tournament_2,0.5,0,32,3300,15.970557451248169,99851,103615.93,ONE_POINT,100,100,RANDOM
tournament_2,0.5,0,33,3400,16.432832956314087,99851,102987.94,ONE_POINT,100,100,RANDOM
tournament_2,0.5,0,34,3500,16.867751836776733,99083,102320.05,ONE_POINT,100,100,RANDOM
tournament_2,0.5,0,35,3600,17.317391872406006,99083,101826.22,ONE_POINT,100,100,RANDOM
tournament_2,0.5,0,36,3700,17.79541826248169,98558,101333.91,ONE_POINT,100,100,RANDOM
tournament_2,0.5,0,37,3800,18.24464178085327,98523,100881.16,ONE_POINT,100,100,RANDOM
tournament_2,0.5,0,38,3900,18.695346117019653,98225,100430.92,ONE_POINT,100,100,RANDOM
tournament_2,0.5,0,39,4000,19.13972306251526,98225,100209.92,ONE_POINT,100,100,RANDOM
tournament_2,0.5,0,40,4100,19.574164628982544,98225,99926.9,ONE_POINT,100,100,RANDOM
tournament_2,0.5,0,41,4200,20.029319286346436,98225,99681.38,ONE_POINT,100,100,RANDOM
tournament_2,0.5,0,42,4300,20.473779439926147,96578,99409.58,ONE_POINT,100,100,RANDOM
tournament_2,0.5,0,43,4400,20.9149227142334,96578,99133.98,ONE_POINT,100,100,RANDOM
tournament_2,0.5,0,44,4500,21.37452483177185,96578,98870.1,ONE_POINT,100,100,RANDOM
tournament_2,0.5,0,45,4600,21.838825225830078,95601,98625.28,ONE_POINT,100,100,RANDOM
tournament_2,0.5,0,46,4700,22.273900508880615,95601,98310.75,ONE_POINT,100,100,RANDOM
tournament_2,0.5,0,47,4800,22.716156482696533,93410,97919.81,ONE_POINT,100,100,RANDOM
tournament_2,0.5,0,48,4900,23.170777559280396,93410,97496.16,ONE_POINT,100,100,RANDOM
tournament_2,0.5,0,49,5000,23.645204544067383,93410,97008.4,ONE_POINT,100,100,RANDOM
tournament_2,0.5,0,50,5100,24.134782314300537,93410,96534.07,ONE_POINT,100,100,RANDOM
tournament_2,0.5,0,51,5200,24.628971815109253,93355,96151.85,ONE_POINT,100,100,RANDOM
tournament_2,0.5,0,52,5300,25.10810422897339,93355,95580.76,ONE_POINT,100,100,RANDOM
tournament_2,0.5,0,53,5400,25.553504467010498,93355,95237.38,ONE_POINT,100,100,RANDOM
tournament_2,0.5,0,54,5500,25.993444204330444,93355,94879.53,ONE_POINT,100,100,RANDOM
tournament_2,0.5,0,55,5600,26.467694520950317,93355,94564.64,ONE_POINT,100,100,RANDOM
tournament_2,0.5,0,56,5700,26.927923917770386,91909,94182.95,ONE_POINT,100,100,RANDOM
tournament_2,0.5,0,57,5800,27.38978123664856,90736,93905.01,ONE_POINT,100,100,RANDOM
tournament_2,0.5,0,58,5900,27.84989070892334,90736,93677.41,ONE_POINT,100,100,RANDOM
tournament_2,0.5,0,59,6000,28.33070206642151,90736,93352.84,ONE_POINT,100,100,RANDOM
tournament_2,0.5,0,60,6100,28.777264833450317,90736,92953.55,ONE_POINT,100,100,RANDOM
tournament_2,0.5,0,61,6200,29.20765733718872,90736,92680.89,ONE_POINT,100,100,RANDOM
tournament_2,0.5,0,62,6300,29.66341280937195,90586,92295.04,ONE_POINT,100,100,RANDOM
tournament_2,0.5,0,63,6400,30.12352681159973,90489,91891.24,ONE_POINT,100,100,RANDOM
tournament_2,0.5,0,64,6500,30.568861484527588,90259,91554.74,ONE_POINT,100,100,RANDOM
tournament_2,0.5,0,65,6600,31.05477523803711,90186,91381.31,ONE_POINT,100,100,RANDOM
tournament_2,0.5,0,66,6700,31.499648094177246,90002,91101.27,ONE_POINT,100,100,RANDOM
tournament_2,0.5,0,67,6800,31.958125829696655,88971,90826.53,ONE_POINT,100,100,RANDOM
tournament_2,0.5,0,68,6900,32.423410415649414,88971,90578.72,ONE_POINT,100,100,RANDOM
tournament_2,0.5,0,69,7000,32.83830380439758,88971,90422.04,ONE_POINT,100,100,RANDOM
tournament_2,0.5,0,70,7100,33.317070722579956,88964,90227.22,ONE_POINT,100,100,RANDOM
tournament_2,0.5,0,71,7200,33.78760576248169,88852,90074.2,ONE_POINT,100,100,RANDOM
tournament_2,0.5,0,72,7300,34.23163056373596,88531,89868.39,ONE_POINT,100,100,RANDOM
tournament_2,0.5,0,73,7400,34.69098091125488,88531,89693.02,ONE_POINT,100,100,RANDOM
tournament_2,0.5,0,74,7500,35.15188908576965,87908,89491.43,ONE_POINT,100,100,RANDOM
tournament_2,0.5,0,75,7600,35.61494278907776,86938,89263.82,ONE_POINT,100,100,RANDOM
tournament_2,0.5,0,76,7700,36.06190061569214,86938,89041.53,ONE_POINT,100,100,RANDOM
tournament_2,0.5,0,77,7800,36.522376537323,86938,88747.39,ONE_POINT,100,100,RANDOM
tournament_2,0.5,0,78,7900,36.985450983047485,86938,88460.78,ONE_POINT,100,100,RANDOM
tournament_2,0.5,0,79,8000,37.44222807884216,86938,88171.7,ONE_POINT,100,100,RANDOM
tournament_2,0.5,0,80,8100,37.912392377853394,86933,87892.99,ONE_POINT,100,100,RANDOM
tournament_2,0.5,0,81,8200,38.37144231796265,86213,87573.93,ONE_POINT,100,100,RANDOM
tournament_2,0.5,0,82,8300,38.80019164085388,86213,87382.35,ONE_POINT,100,100,RANDOM
tournament_2,0.5,0,83,8400,39.26783561706543,86203,87092.99,ONE_POINT,100,100,RANDOM
tournament_2,0.5,0,84,8500,39.73593306541443,85749,86916.41,ONE_POINT,100,100,RANDOM
tournament_2,0.5,0,85,8600,40.151830434799194,85749,86755.58,ONE_POINT,100,100,RANDOM
tournament_2,0.5,0,86,8700,40.60851788520813,85739,86600.01,ONE_POINT,100,100,RANDOM
tournament_2,0.5,0,87,8800,41.05396294593811,85664,86423.62,ONE_POINT,100,100,RANDOM
tournament_2,0.5,0,88,8900,41.50577449798584,85391,86259.56,ONE_POINT,100,100,RANDOM
tournament_2,0.5,0,89,9000,41.95496416091919,85391,86099.59,ONE_POINT,100,100,RANDOM
tournament_2,0.5,0,90,9100,42.375361919403076,85064,85958.51,ONE_POINT,100,100,RANDOM
tournament_2,0.5,0,91,9200,42.83463215827942,84955,85869.79,ONE_POINT,100,100,RANDOM
tournament_2,0.5,0,92,9300,43.3011908531189,84801,85726.34,ONE_POINT,100,100,RANDOM
tournament_2,0.5,0,93,9400,43.75196838378906,84801,85581.37,ONE_POINT,100,100,RANDOM
tournament_2,0.5,0,94,9500,44.1854567527771,84607,85483.08,ONE_POINT,100,100,RANDOM
tournament_2,0.5,0,95,9600,44.66661787033081,84343,85327.99,ONE_POINT,100,100,RANDOM
tournament_2,0.5,0,96,9700,45.0992488861084,84041,85152.98,ONE_POINT,100,100,RANDOM
tournament_2,0.5,0,97,9800,45.553107500076294,84041,84983.35,ONE_POINT,100,100,RANDOM
tournament_2,0.5,0,98,9900,46.013713359832764,84041,84923.24,ONE_POINT,100,100,RANDOM
tournament_2,0.5,0,99,10000,46.47620153427124,84040,84778.72,ONE_POINT,100,100,RANDOM
tournament_2,0.5,0,100,10100,46.95063924789429,83683,84613.23,ONE_POINT,100,100,RANDOM
tournament_2,0.5,0,101,10200,47.41389441490173,83683,84485.6,ONE_POINT,100,100,RANDOM
tournament_2,0.5,0,102,10300,47.85409450531006,83187,84320.71,ONE_POINT,100,100,RANDOM
tournament_2,0.5,0,103,10400,48.3403422832489,83095,84108.38,ONE_POINT,100,100,RANDOM
tournament_2,0.5,0,104,10500,48.783605098724365,83095,83966.94,ONE_POINT,100,100,RANDOM
tournament_2,0.5,0,105,10600,49.22543001174927,82662,83805.88,ONE_POINT,100,100,RANDOM
tournament_2,0.5,0,106,10700,49.668710470199585,82496,83620.03,ONE_POINT,100,100,RANDOM
tournament_2,0.5,0,107,10800,50.13526916503906,82390,83461.07,ONE_POINT,100,100,RANDOM
tournament_2,0.5,0,108,10900,50.59617471694946,82237,83307.52,ONE_POINT,100,100,RANDOM
tournament_2,0.5,0,109,11000,51.043816804885864,81848,83142.83,ONE_POINT,100,100,RANDOM
tournament_2,0.5,0,110,11100,51.485923290252686,81848,82981.15,ONE_POINT,100,100,RANDOM
tournament_2,0.5,0,111,11200,51.9202675819397,81287,82817.98,ONE_POINT,100,100,RANDOM
tournament_2,0.5,0,112,11300,52.377538204193115,81287,82616.38,ONE_POINT,100,100,RANDOM
tournament_2,0.5,0,113,11400,52.82106065750122,81287,82390.1,ONE_POINT,100,100,RANDOM
tournament_2,0.5,0,114,11500,53.27806639671326,81278,82221.66,ONE_POINT,100,100,RANDOM
tournament_2,0.5,0,115,11600,53.71408820152283,80914,82087.27,ONE_POINT,100,100,RANDOM
tournament_2,0.5,0,116,11700,54.164270639419556,80914,81928.48,ONE_POINT,100,100,RANDOM
tournament_2,0.5,0,117,11800,54.632668018341064,80815,81752.9,ONE_POINT,100,100,RANDOM
tournament_2,0.5,0,118,11900,55.201621294021606,80815,81597.06,ONE_POINT,100,100,RANDOM
tournament_2,0.5,0,119,12000,55.64036273956299,80713,81479.0,ONE_POINT,100,100,RANDOM
tournament_2,0.5,0,120,12100,56.08963704109192,80515,81371.11,ONE_POINT,100,100,RANDOM
tournament_2,0.5,0,121,12200,56.54161500930786,80074,81190.06,ONE_POINT,100,100,RANDOM
tournament_2,0.5,0,122,12300,56.99081254005432,80072,81066.6,ONE_POINT,100,100,RANDOM
tournament_2,0.5,0,123,12400,57.44987154006958,80072,80924.34,ONE_POINT,100,100,RANDOM
tournament_2,0.5,0,124,12500,57.913302183151245,80048,80808.5,ONE_POINT,100,100,RANDOM
tournament_2,0.5,0,125,12600,58.36025834083557,80006,80656.25,ONE_POINT,100,100,RANDOM
tournament_2,0.5,0,126,12700,58.803295373916626,79715,80570.99,ONE_POINT,100,100,RANDOM
tournament_2,0.5,0,127,12800,59.27098608016968,79715,80441.75,ONE_POINT,100,100,RANDOM
tournament_2,0.5,0,128,12900,59.738484144210815,79530,80313.17,ONE_POINT,100,100,RANDOM
tournament_2,0.5,0,129,13000,60.16589331626892,79177,80165.44,ONE_POINT,100,100,RANDOM
tournament_2,0.5,0,130,13100,60.621596574783325,79177,80052.43,ONE_POINT,100,100,RANDOM
tournament_2,0.5,0,131,13200,61.0847327709198,79177,79881.36,ONE_POINT,100,100,RANDOM
tournament_2,0.5,0,132,13300,61.53961944580078,79087,79747.56,ONE_POINT,100,100,RANDOM
tournament_2,0.5,0,133,13400,62.02540063858032,78972,79625.42,ONE_POINT,100,100,RANDOM
tournament_2,0.5,0,134,13500,62.45216107368469,78972,79532.93,ONE_POINT,100,100,RANDOM
tournament_2,0.5,0,135,13600,62.9207866191864,78862,79392.68,ONE_POINT,100,100,RANDOM
tournament_2,0.5,0,136,13700,63.382439613342285,78522,79285.04,ONE_POINT,100,100,RANDOM
tournament_2,0.5,0,137,13800,63.825337648391724,78522,79194.14,ONE_POINT,100,100,RANDOM
tournament_2,0.5,0,138,13900,64.28805136680603,78425,79136.22,ONE_POINT,100,100,RANDOM
tournament_2,0.5,0,139,14000,64.73848676681519,78155,78993.11,ONE_POINT,100,100,RANDOM
tournament_2,0.5,0,140,14100,65.20361685752869,77958,78864.76,ONE_POINT,100,100,RANDOM
tournament_2,0.5,0,141,14200,65.65510725975037,77902,78714.32,ONE_POINT,100,100,RANDOM
tournament_2,0.5,0,142,14300,66.10498523712158,77820,78590.5,ONE_POINT,100,100,RANDOM
tournament_2,0.5,0,143,14400,66.55061554908752,77543,78447.71,ONE_POINT,100,100,RANDOM
tournament_2,0.5,0,144,14500,66.97174763679504,77543,78325.99,ONE_POINT,100,100,RANDOM
tournament_2,0.5,0,145,14600,67.40754103660583,77446,78166.26,ONE_POINT,100,100,RANDOM
tournament_2,0.5,0,146,14700,67.87552309036255,77116,78039.13,ONE_POINT,100,100,RANDOM
tournament_2,0.5,0,147,14800,68.31792783737183,77063,77889.77,ONE_POINT,100,100,RANDOM
tournament_2,0.5,0,148,14900,68.77834796905518,77063,77753.15,ONE_POINT,100,100,RANDOM
tournament_2,0.5,0,149,15000,69.24552392959595,77034,77656.52,ONE_POINT,100,100,RANDOM
tournament_2,0.5,0,150,15100,69.70568895339966,76571,77524.35,ONE_POINT,100,100,RANDOM
tournament_2,0.5,0,151,15200,70.22042393684387,76571,77408.85,ONE_POINT,100,100,RANDOM
tournament_2,0.5,0,152,15300,70.65497517585754,76314,77318.57,ONE_POINT,100,100,RANDOM
tournament_2,0.5,0,153,15400,71.13763236999512,76314,77144.33,ONE_POINT,100,100,RANDOM
tournament_2,0.5,0,154,15500,71.58494997024536,76070,77041.1,ONE_POINT,100,100,RANDOM
tournament_2,0.5,0,155,15600,72.03824067115784,76070,76873.52,ONE_POINT,100,100,RANDOM
tournament_2,0.5,0,156,15700,72.51192212104797,75867,76772.77,ONE_POINT,100,100,RANDOM
tournament_2,0.5,0,157,15800,72.95759391784668,75747,76596.51,ONE_POINT,100,100,RANDOM
tournament_2,0.5,0,158,15900,73.42518782615662,75747,76525.91,ONE_POINT,100,100,RANDOM
tournament_2,0.5,0,159,16000,73.8963098526001,75737,76350.2,ONE_POINT,100,100,RANDOM
tournament_2,0.5,0,160,16100,74.34491515159607,75547,76250.62,ONE_POINT,100,100,RANDOM
tournament_2,0.5,0,161,16200,74.78906750679016,75439,76148.88,ONE_POINT,100,100,RANDOM
tournament_2,0.5,0,162,16300,75.24872064590454,74940,75977.18,ONE_POINT,100,100,RANDOM
tournament_2,0.5,0,163,16400,75.73852300643921,74940,75905.53,ONE_POINT,100,100,RANDOM
tournament_2,0.5,0,164,16500,76.179940700531,74928,75714.74,ONE_POINT,100,100,RANDOM
tournament_2,0.5,0,165,16600,76.64799523353577,74928,75530.81,ONE_POINT,100,100,RANDOM
tournament_2,0.5,0,166,16700,77.09996938705444,74308,75388.18,ONE_POINT,100,100,RANDOM
tournament_2,0.5,0,167,16800,77.5865228176117,74308,75277.19,ONE_POINT,100,100,RANDOM
tournament_2,0.5,0,168,16900,78.05693745613098,74308,75100.37,ONE_POINT,100,100,RANDOM
tournament_2,0.5,0,169,17000,78.4861798286438,73979,74974.79,ONE_POINT,100,100,RANDOM
tournament_2,0.5,0,170,17100,78.94010066986084,73979,74851.9,ONE_POINT,100,100,RANDOM
tournament_2,0.5,0,171,17200,79.41201663017273,73979,74674.36,ONE_POINT,100,100,RANDOM
tournament_2,0.5,0,172,17300,79.84891057014465,73979,74528.04,ONE_POINT,100,100,RANDOM
tournament_2,0.5,0,173,17400,80.31675219535828,73871,74403.48,ONE_POINT,100,100,RANDOM
tournament_2,0.5,0,174,17500,80.76851034164429,73601,74211.81,ONE_POINT,100,100,RANDOM
tournament_2,0.5,0,175,17600,81.21396923065186,73248,74034.63,ONE_POINT,100,100,RANDOM
tournament_2,0.5,0,176,17700,81.67716693878174,73082,73949.49,ONE_POINT,100,100,RANDOM
tournament_2,0.5,0,177,17800,82.13007616996765,72970,73836.26,ONE_POINT,100,100,RANDOM
tournament_2,0.5,0,178,17900,82.56716728210449,72970,73759.3,ONE_POINT,100,100,RANDOM
tournament_2,0.5,0,179,18000,83.02493977546692,72840,73606.39,ONE_POINT,100,100,RANDOM
tournament_2,0.5,0,180,18100,83.52077507972717,72659,73430.49,ONE_POINT,100,100,RANDOM
tournament_2,0.5,0,181,18200,84.00823521614075,72421,73281.58,ONE_POINT,100,100,RANDOM
tournament_2,0.5,0,182,18300,84.50711154937744,72358,73098.76,ONE_POINT,100,100,RANDOM
tournament_2,0.5,0,183,18400,84.94756579399109,72105,72941.98,ONE_POINT,100,100,RANDOM
tournament_2,0.5,0,184,18500,85.43764090538025,72105,72799.18,ONE_POINT,100,100,RANDOM
tournament_2,0.5,0,185,18600,85.87851452827454,71891,72583.33,ONE_POINT,100,100,RANDOM
tournament_2,0.5,0,186,18700,86.37116980552673,71707,72423.24,ONE_POINT,100,100,RANDOM
tournament_2,0.5,0,187,18800,86.84589004516602,71644,72307.21,ONE_POINT,100,100,RANDOM
tournament_2,0.5,0,188,18900,87.29294681549072,71581,72173.94,ONE_POINT,100,100,RANDOM
tournament_2,0.5,0,189,19000,87.74316024780273,71564,72069.03,ONE_POINT,100,100,RANDOM
tournament_2,0.5,0,190,19100,88.21100497245789,71504,71980.99,ONE_POINT,100,100,RANDOM
tournament_2,0.5,0,191,19200,88.66517972946167,71322,71857.43,ONE_POINT,100,100,RANDOM
tournament_2,0.5,0,192,19300,89.11450672149658,71322,71747.53,ONE_POINT,100,100,RANDOM
tournament_2,0.5,0,193,19400,89.54438066482544,71103,71681.61,ONE_POINT,100,100,RANDOM
tournament_2,0.5,0,194,19500,90.00168108940125,70937,71605.86,ONE_POINT,100,100,RANDOM
tournament_2,0.5,0,195,19600,90.47531819343567,70653,71530.31,ONE_POINT,100,100,RANDOM
tournament_2,0.5,0,196,19700,90.89190578460693,70587,71367.24,ONE_POINT,100,100,RANDOM
tournament_2,0.5,0,197,19800,91.3447470664978,70350,71226.77,ONE_POINT,100,100,RANDOM
tournament_2,0.5,0,198,19900,91.79688167572021,69939,71094.54,ONE_POINT,100,100,RANDOM
tournament_2,0.5,0,199,20000,92.24948501586914,69939,70944.55,ONE_POINT,100,100,RANDOM
tournament_2,0.5,0,200,20100,92.72180771827698,69939,70800.48,ONE_POINT,100,100,RANDOM
tournament_2,0.5,0,201,20200,93.18752956390381,69786,70660.96,ONE_POINT,100,100,RANDOM
tournament_2,0.5,0,202,20300,93.62045907974243,69624,70552.92,ONE_POINT,100,100,RANDOM
tournament_2,0.5,0,203,20400,94.08660578727722,69624,70458.39,ONE_POINT,100,100,RANDOM
tournament_2,0.5,0,204,20500,94.54711508750916,69539,70254.3,ONE_POINT,100,100,RANDOM
tournament_2,0.5,0,205,20600,95.02168560028076,69200,70058.63,ONE_POINT,100,100,RANDOM
tournament_2,0.5,0,206,20700,95.48107028007507,69200,69965.18,ONE_POINT,100,100,RANDOM
tournament_2,0.5,0,207,20800,95.93703627586365,68982,69848.74,ONE_POINT,100,100,RANDOM
tournament_2,0.5,0,208,20900,96.37126111984253,68843,69778.51,ONE_POINT,100,100,RANDOM
tournament_2,0.5,0,209,21000,96.84396171569824,68812,69649.04,ONE_POINT,100,100,RANDOM
tournament_2,0.5,0,210,21100,97.26515746116638,68812,69524.84,ONE_POINT,100,100,RANDOM
tournament_2,0.5,0,211,21200,97.73910641670227,68708,69477.23,ONE_POINT,100,100,RANDOM
tournament_2,0.5,0,212,21300,98.19876003265381,68708,69371.04,ONE_POINT,100,100,RANDOM
tournament_2,0.5,0,213,21400,98.65573620796204,67778,69207.88,ONE_POINT,100,100,RANDOM
tournament_2,0.5,0,214,21500,99.08499479293823,67778,69062.13,ONE_POINT,100,100,RANDOM
tournament_2,0.5,0,215,21600,99.57523846626282,67778,68988.14,ONE_POINT,100,100,RANDOM
tournament_2,0.5,0,216,21700,100.03134512901306,67736,68822.66,ONE_POINT,100,100,RANDOM
tournament_2,0.5,0,217,21800,100.49471187591553,67736,68734.4,ONE_POINT,100,100,RANDOM
tournament_2,0.5,0,218,21900,100.95517802238464,67736,68595.74,ONE_POINT,100,100,RANDOM
tournament_2,0.5,0,219,22000,101.42879366874695,67736,68443.18,ONE_POINT,100,100,RANDOM
tournament_2,0.5,0,220,22100,101.88276052474976,67658,68305.89,ONE_POINT,100,100,RANDOM
tournament_2,0.5,0,221,22200,102.31636309623718,67647,68184.39,ONE_POINT,100,100,RANDOM
tournament_2,0.5,0,222,22300,102.7538673877716,67307,68084.55,ONE_POINT,100,100,RANDOM
tournament_2,0.5,0,223,22400,103.18924260139465,67307,67986.15,ONE_POINT,100,100,RANDOM
tournament_2,0.5,0,224,22500,103.64938926696777,67281,67865.43,ONE_POINT,100,100,RANDOM
tournament_2,0.5,0,225,22600,104.06469058990479,67281,67791.67,ONE_POINT,100,100,RANDOM
tournament_2,0.5,0,226,22700,104.52881145477295,67198,67753.35,ONE_POINT,100,100,RANDOM
tournament_2,0.5,0,227,22800,104.96861433982849,67182,67626.15,ONE_POINT,100,100,RANDOM
tournament_2,0.5,0,228,22900,105.43822741508484,66452,67531.37,ONE_POINT,100,100,RANDOM
tournament_2,0.5,0,229,23000,105.89381170272827,66452,67410.76,ONE_POINT,100,100,RANDOM
tournament_2,0.5,0,230,23100,106.35229897499084,66452,67337.25,ONE_POINT,100,100,RANDOM
tournament_2,0.5,0,231,23200,106.80124735832214,66452,67239.18,ONE_POINT,100,100,RANDOM
tournament_2,0.5,0,232,23300,107.24697041511536,66328,67159.8,ONE_POINT,100,100,RANDOM
tournament_2,0.5,0,233,23400,107.69173836708069,66328,67026.74,ONE_POINT,100,100,RANDOM
tournament_2,0.5,0,234,23500,108.15660047531128,66261,66864.69,ONE_POINT,100,100,RANDOM
tournament_2,0.5,0,235,23600,108.62091612815857,66002,66765.37,ONE_POINT,100,100,RANDOM
tournament_2,0.5,0,236,23700,109.08356094360352,65880,66679.25,ONE_POINT,100,100,RANDOM
tournament_2,0.5,0,237,23800,109.54108452796936,65425,66545.52,ONE_POINT,100,100,RANDOM
tournament_2,0.5,0,238,23900,110.00866317749023,65425,66400.46,ONE_POINT,100,100,RANDOM
tournament_2,0.5,0,239,24000,110.48859071731567,65425,66261.18,ONE_POINT,100,100,RANDOM
tournament_2,0.5,0,240,24100,110.94713735580444,65278,66136.29,ONE_POINT,100,100,RANDOM
tournament_2,0.5,0,241,24200,111.39783191680908,65091,65965.8,ONE_POINT,100,100,RANDOM
tournament_2,0.5,0,242,24300,111.84801626205444,64849,65836.43,ONE_POINT,100,100,RANDOM
tournament_2,0.5,0,243,24400,112.32280135154724,64463,65657.16,ONE_POINT,100,100,RANDOM
tournament_2,0.5,0,244,24500,112.77848243713379,64463,65473.67,ONE_POINT,100,100,RANDOM
tournament_2,0.5,0,245,24600,113.25113725662231,64463,65278.01,ONE_POINT,100,100,RANDOM
tournament_2,0.5,0,246,24700,113.66566562652588,64329,65161.36,ONE_POINT,100,100,RANDOM
tournament_2,0.5,0,247,24800,114.11309313774109,64285,65043.48,ONE_POINT,100,100,RANDOM
tournament_2,0.5,0,248,24900,114.56733131408691,64085,64851.54,ONE_POINT,100,100,RANDOM
tournament_2,0.5,0,249,25000,115.03278303146362,64085,64645.26,ONE_POINT,100,100,RANDOM
tournament_2,0.5,0,250,25100,115.50582313537598,63559,64564.37,ONE_POINT,100,100,RANDOM
tournament_2,0.5,0,251,25200,115.9950065612793,63559,64439.95,ONE_POINT,100,100,RANDOM
tournament_2,0.5,0,252,25300,116.43955588340759,63520,64370.95,ONE_POINT,100,100,RANDOM
tournament_2,0.5,0,253,25400,116.89972376823425,63322,64237.64,ONE_POINT,100,100,RANDOM
tournament_2,0.5,0,254,25500,117.33206105232239,63322,64152.0,ONE_POINT,100,100,RANDOM
tournament_2,0.5,0,255,25600,117.77795577049255,63322,64019.83,ONE_POINT,100,100,RANDOM
tournament_2,0.5,0,256,25700,118.22478365898132,63204,63888.54,ONE_POINT,100,100,RANDOM
tournament_2,0.5,0,257,25800,118.70442175865173,63204,63788.85,ONE_POINT,100,100,RANDOM
tournament_2,0.5,0,258,25900,119.16945958137512,62979,63673.49,ONE_POINT,100,100,RANDOM
tournament_2,0.5,0,259,26000,119.65282249450684,62767,63550.96,ONE_POINT,100,100,RANDOM
tournament_2,0.5,0,260,26100,120.10475039482117,62767,63461.12,ONE_POINT,100,100,RANDOM
tournament_2,0.5,0,261,26200,120.56464624404907,62767,63368.17,ONE_POINT,100,100,RANDOM
tournament_2,0.5,0,262,26300,120.98457503318787,62767,63279.44,ONE_POINT,100,100,RANDOM
tournament_2,0.5,0,263,26400,121.44676351547241,62523,63205.66,ONE_POINT,100,100,RANDOM
tournament_2,0.5,0,264,26500,121.89823484420776,62523,63112.15,ONE_POINT,100,100,RANDOM
tournament_2,0.5,0,265,26600,122.32002520561218,62523,63022.54,ONE_POINT,100,100,RANDOM
tournament_2,0.5,0,266,26700,122.7961859703064,62370,62927.76,ONE_POINT,100,100,RANDOM
tournament_2,0.5,0,267,26800,123.2539050579071,62169,62847.38,ONE_POINT,100,100,RANDOM
tournament_2,0.5,0,268,26900,123.7129340171814,62041,62757.25,ONE_POINT,100,100,RANDOM
tournament_2,0.5,0,269,27000,124.16563487052917,62040,62655.1,ONE_POINT,100,100,RANDOM
tournament_2,0.5,0,270,27100,124.61042165756226,61938,62559.04,ONE_POINT,100,100,RANDOM
tournament_2,0.5,0,271,27200,125.04253101348877,61866,62472.42,ONE_POINT,100,100,RANDOM
tournament_2,0.5,0,272,27300,125.46432757377625,61845,62430.86,ONE_POINT,100,100,RANDOM
tournament_2,0.5,0,273,27400,125.93063020706177,61807,62322.69,ONE_POINT,100,100,RANDOM
tournament_2,0.5,0,274,27500,126.36845803260803,61531,62222.18,ONE_POINT,100,100,RANDOM
tournament_2,0.5,0,275,27600,126.81057715415955,61358,62115.67,ONE_POINT,100,100,RANDOM
tournament_2,0.5,0,276,27700,127.24338817596436,61231,61944.8,ONE_POINT,100,100,RANDOM
tournament_2,0.5,0,277,27800,127.71163392066956,61231,61893.14,ONE_POINT,100,100,RANDOM
tournament_2,0.5,0,278,27900,128.16498231887817,61218,61760.66,ONE_POINT,100,100,RANDOM
tournament_2,0.5,0,279,28000,128.64296913146973,61020,61725.57,ONE_POINT,100,100,RANDOM
tournament_2,0.5,0,280,28100,129.09550857543945,60992,61613.95,ONE_POINT,100,100,RANDOM
tournament_2,0.5,0,281,28200,129.53889393806458,60992,61478.39,ONE_POINT,100,100,RANDOM
tournament_2,0.5,0,282,28300,129.9867172241211,60847,61418.48,ONE_POINT,100,100,RANDOM
tournament_2,0.5,0,283,28400,130.42026257514954,60788,61338.86,ONE_POINT,100,100,RANDOM
tournament_2,0.5,0,284,28500,130.8754324913025,60607,61213.38,ONE_POINT,100,100,RANDOM
tournament_2,0.5,0,285,28600,131.34031319618225,60439,61131.19,ONE_POINT,100,100,RANDOM
tournament_2,0.5,0,286,28700,131.79831075668335,60439,61102.25,ONE_POINT,100,100,RANDOM
tournament_2,0.5,0,287,28800,132.28702592849731,60433,61068.04,ONE_POINT,100,100,RANDOM
tournament_2,0.5,0,288,28900,132.7360863685608,60331,60971.04,ONE_POINT,100,100,RANDOM
tournament_2,0.5,0,289,29000,133.17374801635742,59961,60907.36,ONE_POINT,100,100,RANDOM
tournament_2,0.5,0,290,29100,133.60447812080383,59961,60822.29,ONE_POINT,100,100,RANDOM
tournament_2,0.5,0,291,29200,134.05684399604797,59961,60697.58,ONE_POINT,100,100,RANDOM
tournament_2,0.5,0,292,29300,134.5160093307495,59961,60620.07,ONE_POINT,100,100,RANDOM
tournament_2,0.5,0,293,29400,134.967600107193,59902,60560.61,ONE_POINT,100,100,RANDOM
tournament_2,0.5,0,294,29500,135.417724609375,59902,60511.45,ONE_POINT,100,100,RANDOM
tournament_2,0.5,0,295,29600,135.84475183486938,59856,60406.14,ONE_POINT,100,100,RANDOM
tournament_2,0.5,0,296,29700,136.29835104942322,59850,60370.04,ONE_POINT,100,100,RANDOM
tournament_2,0.5,0,297,29800,136.76738715171814,59796,60254.14,ONE_POINT,100,100,RANDOM
tournament_2,0.5,0,298,29900,137.24366426467896,59796,60140.26,ONE_POINT,100,100,RANDOM
tournament_2,0.5,0,299,30000,137.70518851280212,59624,60073.11,ONE_POINT,100,100,RANDOM
tournament_2,0.5,0,300,30100,138.14648175239563,59624,60039.66,ONE_POINT,100,100,RANDOM
tournament_2,0.5,0,301,30200,138.58785200119019,59624,59980.24,ONE_POINT,100,100,RANDOM
tournament_2,0.5,0,302,30300,139.11940217018127,59540,59921.34,ONE_POINT,100,100,RANDOM
tournament_2,0.5,0,303,30400,139.57970905303955,59540,59855.73,ONE_POINT,100,100,RANDOM
tournament_2,0.5,0,304,30500,140.0327274799347,59408,59797.68,ONE_POINT,100,100,RANDOM
tournament_2,0.5,0,305,30600,140.5048587322235,59345,59745.13,ONE_POINT,100,100,RANDOM
tournament_2,0.5,0,306,30700,140.9814155101776,59156,59690.85,ONE_POINT,100,100,RANDOM
tournament_2,0.5,0,307,30800,141.45833539962769,59109,59631.02,ONE_POINT,100,100,RANDOM
tournament_2,0.5,0,308,30900,141.9207136631012,59035,59576.03,ONE_POINT,100,100,RANDOM
tournament_2,0.5,0,309,31000,142.42052912712097,59035,59521.95,ONE_POINT,100,100,RANDOM
tournament_2,0.5,0,310,31100,142.89220452308655,58828,59423.79,ONE_POINT,100,100,RANDOM
tournament_2,0.5,0,311,31200,143.37880992889404,58802,59381.99,ONE_POINT,100,100,RANDOM
tournament_2,0.5,0,312,31300,143.87942671775818,58734,59313.59,ONE_POINT,100,100,RANDOM
tournament_2,0.5,0,313,31400,144.41568183898926,58734,59255.6,ONE_POINT,100,100,RANDOM
tournament_2,0.5,0,314,31500,144.92318105697632,58691,59098.5,ONE_POINT,100,100,RANDOM
tournament_2,0.5,0,315,31600,145.37065887451172,58365,58997.45,ONE_POINT,100,100,RANDOM
tournament_2,0.5,0,316,31700,145.82679200172424,58365,58891.94,ONE_POINT,100,100,RANDOM
tournament_2,0.5,0,317,31800,146.38357830047607,58081,58788.86,ONE_POINT,100,100,RANDOM
tournament_2,0.5,0,318,31900,146.91044449806213,58081,58784.95,ONE_POINT,100,100,RANDOM
tournament_2,0.5,0,319,32000,147.3510582447052,58081,58662.94,ONE_POINT,100,100,RANDOM
tournament_2,0.5,0,320,32100,147.79205441474915,57923,58563.54,ONE_POINT,100,100,RANDOM
tournament_2,0.5,0,321,32200,148.23750805854797,57923,58525.15,ONE_POINT,100,100,RANDOM
tournament_2,0.5,0,322,32300,148.69440364837646,57689,58428.99,ONE_POINT,100,100,RANDOM
tournament_2,0.5,0,323,32400,149.10032439231873,57689,58331.77,ONE_POINT,100,100,RANDOM
tournament_2,0.5,0,324,32500,149.54006791114807,57512,58209.7,ONE_POINT,100,100,RANDOM
tournament_2,0.5,0,325,32600,149.9848005771637,57318,58096.31,ONE_POINT,100,100,RANDOM
tournament_2,0.5,0,326,32700,150.4298231601715,57318,58010.28,ONE_POINT,100,100,RANDOM
tournament_2,0.5,0,327,32800,150.8611342906952,57081,57900.83,ONE_POINT,100,100,RANDOM
tournament_2,0.5,0,328,32900,151.31843256950378,57081,57791.2,ONE_POINT,100,100,RANDOM
tournament_2,0.5,0,329,33000,151.77661299705505,56883,57690.58,ONE_POINT,100,100,RANDOM
tournament_2,0.5,0,330,33100,152.212406873703,56883,57617.14,ONE_POINT,100,100,RANDOM
tournament_2,0.5,0,331,33200,152.63918948173523,56883,57572.63,ONE_POINT,100,100,RANDOM
tournament_2,0.5,0,332,33300,153.0675449371338,56883,57494.96,ONE_POINT,100,100,RANDOM
tournament_2,0.5,0,333,33400,153.52446341514587,56729,57386.14,ONE_POINT,100,100,RANDOM
tournament_2,0.5,0,334,33500,153.97390747070312,56729,57360.51,ONE_POINT,100,100,RANDOM
tournament_2,0.5,0,335,33600,154.43798780441284,56729,57233.46,ONE_POINT,100,100,RANDOM
tournament_2,0.5,0,336,33700,154.8897783756256,56459,57136.94,ONE_POINT,100,100,RANDOM
tournament_2,0.5,0,337,33800,155.3161220550537,56320,57063.42,ONE_POINT,100,100,RANDOM
tournament_2,0.5,0,338,33900,155.78086924552917,56320,56923.3,ONE_POINT,100,100,RANDOM
tournament_2,0.5,0,339,34000,156.23966145515442,56320,56889.52,ONE_POINT,100,100,RANDOM
tournament_2,0.5,0,340,34100,156.71643090248108,56320,56848.34,ONE_POINT,100,100,RANDOM
tournament_2,0.5,0,341,34200,157.14697742462158,56320,56727.69,ONE_POINT,100,100,RANDOM
tournament_2,0.5,0,342,34300,157.5799834728241,56029,56645.89,ONE_POINT,100,100,RANDOM
tournament_2,0.5,0,343,34400,157.993332862854,55999,56598.32,ONE_POINT,100,100,RANDOM
tournament_2,0.5,0,344,34500,158.43599009513855,55999,56537.82,ONE_POINT,100,100,RANDOM
tournament_2,0.5,0,345,34600,158.910169839859,55989,56475.42,ONE_POINT,100,100,RANDOM
tournament_2,0.5,0,346,34700,159.31558060646057,55714,56367.91,ONE_POINT,100,100,RANDOM
tournament_2,0.5,0,347,34800,159.73225355148315,55714,56341.2,ONE_POINT,100,100,RANDOM
tournament_2,0.5,0,348,34900,160.18355107307434,55502,56208.53,ONE_POINT,100,100,RANDOM
tournament_2,0.5,0,349,35000,160.62893056869507,55129,56123.64,ONE_POINT,100,100,RANDOM
tournament_2,0.5,0,350,35100,161.1040768623352,54975,55989.25,ONE_POINT,100,100,RANDOM
tournament_2,0.5,0,351,35200,161.520090341568,54975,55940.39,ONE_POINT,100,100,RANDOM
tournament_2,0.5,0,352,35300,161.92916750907898,54836,55818.8,ONE_POINT,100,100,RANDOM
tournament_2,0.5,0,353,35400,162.38012957572937,54730,55721.13,ONE_POINT,100,100,RANDOM
tournament_2,0.5,0,354,35500,162.80288314819336,54730,55686.96,ONE_POINT,100,100,RANDOM
tournament_2,0.5,0,355,35600,163.29347562789917,54730,55532.44,ONE_POINT,100,100,RANDOM
tournament_2,0.5,0,356,35700,163.74347567558289,54642,55369.7,ONE_POINT,100,100,RANDOM
tournament_2,0.5,0,357,35800,164.19317722320557,54642,55225.73,ONE_POINT,100,100,RANDOM
tournament_2,0.5,0,358,35900,164.63364171981812,54502,55122.92,ONE_POINT,100,100,RANDOM
tournament_2,0.5,0,359,36000,165.1010582447052,54502,55019.61,ONE_POINT,100,100,RANDOM
tournament_2,0.5,0,360,36100,165.54986786842346,54502,54929.22,ONE_POINT,100,100,RANDOM
tournament_2,0.5,0,361,36200,165.9716920852661,54502,54860.35,ONE_POINT,100,100,RANDOM
tournament_2,0.5,0,362,36300,166.4088442325592,54468,54867.56,ONE_POINT,100,100,RANDOM
tournament_2,0.5,0,363,36400,166.8529987335205,54085,54801.04,ONE_POINT,100,100,RANDOM
tournament_2,0.5,0,364,36500,167.31127882003784,54085,54756.68,ONE_POINT,100,100,RANDOM
tournament_2,0.5,0,365,36600,167.7328155040741,54085,54714.42,ONE_POINT,100,100,RANDOM
tournament_2,0.5,0,366,36700,168.18267154693604,54023,54591.05,ONE_POINT,100,100,RANDOM
tournament_2,0.5,0,367,36800,168.63360834121704,54023,54620.66,ONE_POINT,100,100,RANDOM
tournament_2,0.5,0,368,36900,169.1081566810608,54023,54518.34,ONE_POINT,100,100,RANDOM
tournament_2,0.5,0,369,37000,169.56067872047424,54023,54456.93,ONE_POINT,100,100,RANDOM
tournament_2,0.5,0,370,37100,170.0090823173523,53997,54382.76,ONE_POINT,100,100,RANDOM
tournament_2,0.5,0,371,37200,170.4594795703888,53881,54354.35,ONE_POINT,100,100,RANDOM
tournament_2,0.5,0,372,37300,170.91710352897644,53881,54295.23,ONE_POINT,100,100,RANDOM
tournament_2,0.5,0,373,37400,171.36688995361328,53841,54209.93,ONE_POINT,100,100,RANDOM
tournament_2,0.5,0,374,37500,171.81523418426514,53754,54154.98,ONE_POINT,100,100,RANDOM
tournament_2,0.5,0,375,37600,172.25353050231934,53754,54079.77,ONE_POINT,100,100,RANDOM
tournament_2,0.5,0,376,37700,172.6541883945465,53754,54039.01,ONE_POINT,100,100,RANDOM
tournament_2,0.5,0,377,37800,173.11049151420593,53677,54004.85,ONE_POINT,100,100,RANDOM
tournament_2,0.5,0,378,37900,173.59626388549805,53633,53935.97,ONE_POINT,100,100,RANDOM
tournament_2,0.5,0,379,38000,174.01511430740356,53482,53893.93,ONE_POINT,100,100,RANDOM
tournament_2,0.5,0,380,38100,174.44018173217773,53430,53888.84,ONE_POINT,100,100,RANDOM
tournament_2,0.5,0,381,38200,174.86407470703125,53430,53851.46,ONE_POINT,100,100,RANDOM
tournament_2,0.5,0,382,38300,175.29271841049194,53430,53802.75,ONE_POINT,100,100,RANDOM
tournament_2,0.5,0,383,38400,175.74387645721436,53313,53750.68,ONE_POINT,100,100,RANDOM
tournament_2,0.5,0,384,38500,176.18938851356506,53205,53656.65,ONE_POINT,100,100,RANDOM
tournament_2,0.5,0,385,38600,176.65193271636963,53205,53627.56,ONE_POINT,100,100,RANDOM
tournament_2,0.5,0,386,38700,177.08971452713013,53176,53593.56,ONE_POINT,100,100,RANDOM
tournament_2,0.5,0,387,38800,177.53930711746216,52957,53555.45,ONE_POINT,100,100,RANDOM
tournament_2,0.5,0,388,38900,177.95240712165833,52763,53533.21,ONE_POINT,100,100,RANDOM
tournament_2,0.5,0,389,39000,178.3792450428009,52763,53417.88,ONE_POINT,100,100,RANDOM
tournament_2,0.5,0,390,39100,178.83689975738525,52763,53336.08,ONE_POINT,100,100,RANDOM
tournament_2,0.5,0,391,39200,179.2822642326355,52720,53239.9,ONE_POINT,100,100,RANDOM
tournament_2,0.5,0,392,39300,179.72244310379028,52691,53179.17,ONE_POINT,100,100,RANDOM
tournament_2,0.5,0,393,39400,180.15779781341553,52356,53082.94,ONE_POINT,100,100,RANDOM
tournament_2,0.5,0,394,39500,180.57306098937988,52356,53090.31,ONE_POINT,100,100,RANDOM
tournament_2,0.5,0,395,39600,181.0203423500061,52331,52978.51,ONE_POINT,100,100,RANDOM
tournament_2,0.5,0,396,39700,181.47355127334595,52115,52973.57,ONE_POINT,100,100,RANDOM
tournament_2,0.5,0,397,39800,181.9237837791443,52059,52843.04,ONE_POINT,100,100,RANDOM
tournament_2,0.5,0,398,39900,182.37058758735657,52059,52769.25,ONE_POINT,100,100,RANDOM
tournament_2,0.5,0,399,40000,182.8204061985016,52019,52682.91,ONE_POINT,100,100,RANDOM
tournament_2,0.5,0,400,40100,183.2337031364441,52019,52644.27,ONE_POINT,100,100,RANDOM
tournament_2,0.5,0,401,40200,183.69422602653503,52019,52568.57,ONE_POINT,100,100,RANDOM
tournament_2,0.5,0,402,40300,184.14969420433044,52019,52440.58,ONE_POINT,100,100,RANDOM
tournament_2,0.5,0,403,40400,184.62625908851624,52019,52374.94,ONE_POINT,100,100,RANDOM
tournament_2,0.5,0,404,40500,185.07117867469788,51849,52266.44,ONE_POINT,100,100,RANDOM
tournament_2,0.5,0,405,40600,185.52108454704285,51784,52222.19,ONE_POINT,100,100,RANDOM
tournament_2,0.5,0,406,40700,185.96856331825256,51458,52254.39,ONE_POINT,100,100,RANDOM
tournament_2,0.5,0,407,40800,186.39165925979614,51458,52118.55,ONE_POINT,100,100,RANDOM
tournament_2,0.5,0,408,40900,186.84726667404175,51458,52046.14,ONE_POINT,100,100,RANDOM
tournament_2,0.5,0,409,41000,187.25268054008484,51365,51935.36,ONE_POINT,100,100,RANDOM
tournament_2,0.5,0,410,41100,187.69384813308716,51365,51879.64,ONE_POINT,100,100,RANDOM
tournament_2,0.5,0,411,41200,188.14490818977356,51297,51794.96,ONE_POINT,100,100,RANDOM
tournament_2,0.5,0,412,41300,188.58347845077515,51102,51744.96,ONE_POINT,100,100,RANDOM
tournament_2,0.5,0,413,41400,189.0230197906494,51032,51599.71,ONE_POINT,100,100,RANDOM
tournament_2,0.5,0,414,41500,189.46338725090027,51032,51487.03,ONE_POINT,100,100,RANDOM
tournament_2,0.5,0,415,41600,189.87499904632568,51010,51419.0,ONE_POINT,100,100,RANDOM
tournament_2,0.5,0,416,41700,190.30821061134338,51010,51388.05,ONE_POINT,100,100,RANDOM
tournament_2,0.5,0,417,41800,190.74287629127502,50837,51326.33,ONE_POINT,100,100,RANDOM
tournament_2,0.5,0,418,41900,191.20160555839539,50837,51273.32,ONE_POINT,100,100,RANDOM
tournament_2,0.5,0,419,42000,191.65144205093384,50702,51183.48,ONE_POINT,100,100,RANDOM
tournament_2,0.5,0,420,42100,192.08025479316711,50576,51121.85,ONE_POINT,100,100,RANDOM
tournament_2,0.5,0,421,42200,192.523344039917,50576,51030.63,ONE_POINT,100,100,RANDOM
tournament_2,0.5,0,422,42300,192.95969653129578,50556,50998.84,ONE_POINT,100,100,RANDOM
tournament_2,0.5,0,423,42400,193.4004249572754,50437,50966.62,ONE_POINT,100,100,RANDOM
tournament_2,0.5,0,424,42500,193.82874989509583,50437,50873.74,ONE_POINT,100,100,RANDOM
tournament_2,0.5,0,425,42600,194.24471735954285,50437,50828.61,ONE_POINT,100,100,RANDOM
tournament_2,0.5,0,426,42700,194.69055700302124,50386,50789.98,ONE_POINT,100,100,RANDOM
tournament_2,0.5,0,427,42800,195.16216397285461,50366,50696.91,ONE_POINT,100,100,RANDOM
tournament_2,0.5,0,428,42900,195.60896015167236,50284,50609.6,ONE_POINT,100,100,RANDOM
tournament_2,0.5,0,429,43000,196.06392788887024,50284,50581.72,ONE_POINT,100,100,RANDOM
tournament_2,0.5,0,430,43100,196.48612070083618,50032,50594.74,ONE_POINT,100,100,RANDOM
tournament_2,0.5,0,431,43200,196.9298973083496,49919,50479.79,ONE_POINT,100,100,RANDOM
tournament_2,0.5,0,432,43300,197.36300206184387,49919,50495.48,ONE_POINT,100,100,RANDOM
tournament_2,0.5,0,433,43400,197.80014944076538,49919,50403.91,ONE_POINT,100,100,RANDOM
tournament_2,0.5,0,434,43500,198.1992883682251,49745,50406.64,ONE_POINT,100,100,RANDOM
tournament_2,0.5,0,435,43600,198.6765296459198,49745,50285.51,ONE_POINT,100,100,RANDOM
tournament_2,0.5,0,436,43700,199.12315344810486,49745,50235.97,ONE_POINT,100,100,RANDOM
tournament_2,0.5,0,437,43800,199.56997919082642,49745,50194.7,ONE_POINT,100,100,RANDOM
tournament_2,0.5,0,438,43900,199.9997580051422,49745,50103.7,ONE_POINT,100,100,RANDOM
tournament_2,0.5,0,439,44000,200.4178867340088,49662,50010.63,ONE_POINT,100,100,RANDOM
tournament_2,0.5,0,440,44100,200.84480929374695,49662,50022.98,ONE_POINT,100,100,RANDOM
tournament_2,0.5,0,441,44200,201.28532600402832,49515,49964.42,ONE_POINT,100,100,RANDOM
tournament_2,0.5,0,442,44300,201.72422671318054,49515,49865.39,ONE_POINT,100,100,RANDOM
tournament_2,0.5,0,443,44400,202.17914724349976,49515,49880.12,ONE_POINT,100,100,RANDOM
tournament_2,0.5,0,444,44500,202.6048903465271,49499,49834.85,ONE_POINT,100,100,RANDOM
tournament_2,0.5,0,445,44600,203.03796315193176,49490,49761.94,ONE_POINT,100,100,RANDOM
tournament_2,0.5,0,446,44700,203.4794795513153,49474,49820.0,ONE_POINT,100,100,RANDOM
tournament_2,0.5,0,447,44800,203.95356702804565,49461,49724.17,ONE_POINT,100,100,RANDOM
tournament_2,0.5,0,448,44900,204.4055733680725,49442,49773.07,ONE_POINT,100,100,RANDOM
tournament_2,0.5,0,449,45000,204.93474411964417,49438,49768.67,ONE_POINT,100,100,RANDOM
tournament_2,0.5,0,450,45100,205.42305493354797,49309,49639.8,ONE_POINT,100,100,RANDOM
tournament_2,0.5,0,451,45200,205.89935636520386,49309,49614.97,ONE_POINT,100,100,RANDOM
tournament_2,0.5,0,452,45300,206.33705377578735,49309,49618.69,ONE_POINT,100,100,RANDOM
tournament_2,0.5,0,453,45400,206.86494183540344,49226,49550.6,ONE_POINT,100,100,RANDOM
tournament_2,0.5,0,454,45500,207.29424357414246,49152,49506.59,ONE_POINT,100,100,RANDOM
tournament_2,0.5,0,455,45600,207.7389941215515,49065,49410.17,ONE_POINT,100,100,RANDOM
tournament_2,0.5,0,456,45700,208.15751886367798,49065,49374.09,ONE_POINT,100,100,RANDOM
tournament_2,0.5,0,457,45800,208.61664652824402,49059,49344.27,ONE_POINT,100,100,RANDOM
tournament_2,0.5,0,458,45900,209.08361554145813,48898,49342.11,ONE_POINT,100,100,RANDOM
tournament_2,0.5,0,459,46000,209.52948641777039,48898,49318.2,ONE_POINT,100,100,RANDOM
tournament_2,0.5,0,460,46100,209.98410654067993,48838,49263.3,ONE_POINT,100,100,RANDOM
tournament_2,0.5,0,461,46200,210.43210625648499,48717,49189.23,ONE_POINT,100,100,RANDOM
tournament_2,0.5,0,462,46300,210.82818484306335,48717,49110.6,ONE_POINT,100,100,RANDOM
tournament_2,0.5,0,463,46400,211.26084566116333,48717,49089.2,ONE_POINT,100,100,RANDOM
tournament_2,0.5,0,464,46500,211.68789100646973,48717,49047.09,ONE_POINT,100,100,RANDOM
tournament_2,0.5,0,465,46600,212.1128454208374,48668,49001.14,ONE_POINT,100,100,RANDOM
tournament_2,0.5,0,466,46700,212.56347370147705,48353,48929.11,ONE_POINT,100,100,RANDOM
tournament_2,0.5,0,467,46800,213.00527620315552,48353,48858.25,ONE_POINT,100,100,RANDOM
tournament_2,0.5,0,468,46900,213.45682168006897,48353,48832.51,ONE_POINT,100,100,RANDOM
tournament_2,0.5,0,469,47000,213.93559885025024,48353,48768.83,ONE_POINT,100,100,RANDOM
tournament_2,0.5,0,470,47100,214.39152836799622,48353,48734.02,ONE_POINT,100,100,RANDOM
tournament_2,0.5,0,471,47200,214.80773448944092,48322,48778.01,ONE_POINT,100,100,RANDOM
tournament_2,0.5,0,472,47300,215.26925778388977,48322,48663.57,ONE_POINT,100,100,RANDOM
tournament_2,0.5,0,473,47400,215.69866681098938,48108,48608.25,ONE_POINT,100,100,RANDOM
tournament_2,0.5,0,474,47500,216.13226962089539,48108,48574.13,ONE_POINT,100,100,RANDOM
tournament_2,0.5,0,475,47600,216.54632234573364,48108,48524.99,ONE_POINT,100,100,RANDOM
tournament_2,0.5,0,476,47700,216.96340322494507,48108,48505.0,ONE_POINT,100,100,RANDOM
tournament_2,0.5,0,477,47800,217.39626717567444,48106,48448.2,ONE_POINT,100,100,RANDOM
tournament_2,0.5,0,478,47900,217.82905268669128,47904,48383.45,ONE_POINT,100,100,RANDOM
tournament_2,0.5,0,479,48000,218.26837921142578,47904,48360.72,ONE_POINT,100,100,RANDOM
tournament_2,0.5,0,480,48100,218.71413588523865,47904,48333.21,ONE_POINT,100,100,RANDOM
tournament_2,0.5,0,481,48200,219.15807437896729,47904,48281.52,ONE_POINT,100,100,RANDOM
tournament_2,0.5,0,482,48300,219.60899233818054,47795,48201.48,ONE_POINT,100,100,RANDOM
tournament_2,0.5,0,483,48400,220.0326850414276,47707,48204.08,ONE_POINT,100,100,RANDOM
tournament_2,0.5,0,484,48500,220.46756672859192,47707,48105.08,ONE_POINT,100,100,RANDOM
tournament_2,0.5,0,485,48600,220.92433547973633,47707,48063.14,ONE_POINT,100,100,RANDOM
tournament_2,0.5,0,486,48700,221.36762809753418,47660,47986.55,ONE_POINT,100,100,RANDOM
tournament_2,0.5,0,487,48800,221.7824194431305,47655,47948.32,ONE_POINT,100,100,RANDOM
tournament_2,0.5,0,488,48900,222.20480394363403,47582,47945.47,ONE_POINT,100,100,RANDOM
tournament_2,0.5,0,489,49000,222.64515614509583,47582,47880.66,ONE_POINT,100,100,RANDOM
tournament_2,0.5,0,490,49100,223.0859444141388,47436,47830.22,ONE_POINT,100,100,RANDOM
tournament_2,0.5,0,491,49200,223.55029273033142,47436,47789.76,ONE_POINT,100,100,RANDOM
tournament_2,0.5,0,492,49300,223.99253964424133,47436,47813.36,ONE_POINT,100,100,RANDOM
tournament_2,0.5,0,493,49400,224.49881196022034,47349,47779.5,ONE_POINT,100,100,RANDOM
tournament_2,0.5,0,494,49500,224.92604160308838,47349,47744.37,ONE_POINT,100,100,RANDOM
tournament_2,0.5,0,495,49600,225.37965488433838,47349,47687.25,ONE_POINT,100,100,RANDOM
tournament_2,0.5,0,496,49700,225.83739018440247,47318,47628.44,ONE_POINT,100,100,RANDOM
tournament_2,0.5,0,497,49800,226.27031421661377,47318,47612.36,ONE_POINT,100,100,RANDOM
tournament_2,0.5,0,498,49900,226.7082643508911,47221,47658.07,ONE_POINT,100,100,RANDOM
tournament_2,0.5,0,499,50000,227.168616771698,47221,47560.69,ONE_POINT,100,100,RANDOM
tournament_2,0.5,0,500,50100,227.62845969200134,47116,47487.24,ONE_POINT,100,100,RANDOM
