selection-name,num-features-mutation-strength,seed,num-generations,num-evaluations,time-elapsed,best-fitness,avg-fitness,crossover-method,population-size,num-points,initialization
tournament_2,0.25,0,1,200,0.46052026748657227,134707,146634.91,ONE_POINT,100,100,RANDOM
tournament_2,0.25,0,2,300,1.095893144607544,132902,143423.43,ONE_POINT,100,100,RANDOM
tournament_2,0.25,0,3,400,1.6752815246582031,129309,141070.17,ONE_POINT,100,100,RANDOM
tournament_2,0.25,0,4,500,2.2564666271209717,128310,138587.41,ONE_POINT,100,100,RANDOM
tournament_2,0.25,0,5,600,2.8382954597473145,128310,136565.88,ONE_POINT,100,100,RANDOM
tournament_2,0.25,0,6,700,3.457453727722168,122652,134766.66,ONE_POINT,100,100,RANDOM
tournament_2,0.25,0,7,800,4.052257776260376,121294,132379.76,ONE_POINT,100,100,RANDOM
tournament_2,0.25,0,8,900,4.6215598583221436,121040,129863.97,ONE_POINT,100,100,RANDOM
tournament_2,0.25,0,9,1000,5.2012107372283936,119604,127824.43,ONE_POINT,100,100,RANDOM
tournament_2,0.25,0,10,1100,5.798032522201538,119604,126535.67,ONE_POINT,100,100,RANDOM
tournament_2,0.25,0,11,1200,6.340482711791992,116784,124861.99,ONE_POINT,100,100,RANDOM
tournament_2,0.25,0,12,1300,6.913299322128296,116784,123499.97,ONE_POINT,100,100,RANDOM
tournament_2,0.25,0,13,1400,7.463281869888306,116191,121991.94,ONE_POINT,100,100,RANDOM
tournament_2,0.25,0,14,1500,8.014257192611694,115680,120890.18,ONE_POINT,100,100,RANDOM
tournament_2,0.25,0,15,1600,8.485755205154419,115680,119853.87,ONE_POINT,100,100,RANDOM
tournament_2,0.25,0,16,1700,8.968074560165405,113343,119007.84,ONE_POINT,100,100,RANDOM
tournament_2,0.25,0,17,1800,9.438876628875732,112532,118203.61,ONE_POINT,100,100,RANDOM
tournament_2,0.25,0,18,1900,9.922788143157959,112284,117023.41,ONE_POINT,100,100,RANDOM
tournament_2,0.25,0,19,2000,10.394947052001953,110323,115982.6,ONE_POINT,100,100,RANDOM
tournament_2,0.25,0,20,2100,10.847463846206665,109106,114821.27,ONE_POINT,100,100,RANDOM
tournament_2,0.25,0,21,2200,11.292089462280273,108733,113610.36,ONE_POINT,100,100,RANDOM
tournament_2,0.25,0,22,2300,11.731186389923096,107332,112361.95,ONE_POINT,100,100,RANDOM
tournament_2,0.25,0,23,2400,12.178056001663208,106388,111254.4,ONE_POINT,100,100,RANDOM
tournament_2,0.25,0,24,2500,12.624045372009277,104079,110365.68,ONE_POINT,100,100,RANDOM
tournament_2,0.25,0,25,2600,13.072957277297974,104079,109202.85,ONE_POINT,100,100,RANDOM
tournament_2,0.25,0,26,2700,13.5162034034729,104079,108336.27,ONE_POINT,100,100,RANDOM
tournament_2,0.25,0,27,2800,13.95512843132019,103579,107319.48,ONE_POINT,100,100,RANDOM
tournament_2,0.25,0,28,2900,14.394189357757568,102500,106420.06,ONE_POINT,100,100,RANDOM
tournament_2,0.25,0,29,3000,14.83937406539917,101902,105751.9,ONE_POINT,100,100,RANDOM
tournament_2,0.25,0,30,3100,15.29157829284668,101902,104932.18,ONE_POINT,100,100,RANDOM
tournament_2,0.25,0,31,3200,15.705568313598633,100621,104154.77,ONE_POINT,100,100,RANDOM
tournament_2,0.25,0,32,3300,16.13241195678711,100621,103453.76,ONE_POINT,100,100,RANDOM
tournament_2,0.25,0,33,3400,16.556596279144287,100545,102753.43,ONE_POINT,100,100,RANDOM
tournament_2,0.25,0,34,3500,16.99507236480713,100428,102231.47,ONE_POINT,100,100,RANDOM
tournament_2,0.25,0,35,3600,17.44666314125061,100027,101646.78,ONE_POINT,100,100,RANDOM
tournament_2,0.25,0,36,3700,17.90236735343933,99488,101197.21,ONE_POINT,100,100,RANDOM
tournament_2,0.25,0,37,3800,18.345677614212036,99325,100805.54,ONE_POINT,100,100,RANDOM
tournament_2,0.25,0,38,3900,18.782779693603516,98718,100491.86,ONE_POINT,100,100,RANDOM
tournament_2,0.25,0,39,4000,19.230034589767456,98516,100079.49,ONE_POINT,100,100,RANDOM
tournament_2,0.25,0,40,4100,19.67994499206543,96999,99558.95,ONE_POINT,100,100,RANDOM
tournament_2,0.25,0,41,4200,20.135082721710205,96568,99159.63,ONE_POINT,100,100,RANDOM
tournament_2,0.25,0,42,4300,20.57873249053955,96421,98805.08,ONE_POINT,100,100,RANDOM
tournament_2,0.25,0,43,4400,21.05777907371521,96421,98393.71,ONE_POINT,100,100,RANDOM
tournament_2,0.25,0,44,4500,21.501726150512695,96176,97934.84,ONE_POINT,100,100,RANDOM
tournament_2,0.25,0,45,4600,21.988293170928955,95768,97304.19,ONE_POINT,100,100,RANDOM
tournament_2,0.25,0,46,4700,22.427043199539185,95768,96967.74,ONE_POINT,100,100,RANDOM
tournament_2,0.25,0,47,4800,22.858576774597168,95435,96716.07,ONE_POINT,100,100,RANDOM
tournament_2,0.25,0,48,4900,23.343451738357544,95435,96520.85,ONE_POINT,100,100,RANDOM
tournament_2,0.25,0,49,5000,23.75938057899475,95240,96326.75,ONE_POINT,100,100,RANDOM
tournament_2,0.25,0,50,5100,24.241500854492188,94860,96154.59,ONE_POINT,100,100,RANDOM
tournament_2,0.25,0,51,5200,24.6610848903656,94604,95922.55,ONE_POINT,100,100,RANDOM
tournament_2,0.25,0,52,5300,25.117935180664062,94344,95680.88,ONE_POINT,100,100,RANDOM
tournament_2,0.25,0,53,5400,25.58552598953247,93925,95463.45,ONE_POINT,100,100,RANDOM
tournament_2,0.25,0,54,5500,26.016186237335205,93925,95223.02,ONE_POINT,100,100,RANDOM
tournament_2,0.25,0,55,5600,26.465511560440063,93801,94892.21,ONE_POINT,100,100,RANDOM
tournament_2,0.25,0,56,5700,26.893107891082764,93646,94618.68,ONE_POINT,100,100,RANDOM
tournament_2,0.25,0,57,5800,27.34248161315918,93131,94353.76,ONE_POINT,100,100,RANDOM
tournament_2,0.25,0,58,5900,27.776400089263916,93131,94153.34,ONE_POINT,100,100,RANDOM
tournament_2,0.25,0,59,6000,28.30176591873169,93131,94070.14,ONE_POINT,100,100,RANDOM
tournament_2,0.25,0,60,6100,28.76444935798645,93131,93932.2,ONE_POINT,100,100,RANDOM
tournament_2,0.25,0,61,6200,29.20681095123291,92623,93789.15,ONE_POINT,100,100,RANDOM
tournament_2,0.25,0,62,6300,29.640806198120117,92623,93577.84,ONE_POINT,100,100,RANDOM
tournament_2,0.25,0,63,6400,30.108763456344604,91788,93350.1,ONE_POINT,100,100,RANDOM
tournament_2,0.25,0,64,6500,30.569228172302246,91788,93117.97,ONE_POINT,100,100,RANDOM
tournament_2,0.25,0,65,6600,31.029825925827026,91788,92989.93,ONE_POINT,100,100,RANDOM
tournament_2,0.25,0,66,6700,31.45681071281433,91788,92746.7,ONE_POINT,100,100,RANDOM
tournament_2,0.25,0,67,6800,31.882078647613525,91024,92477.14,ONE_POINT,100,100,RANDOM
tournament_2,0.25,0,68,6900,32.34024786949158,91024,92243.93,ONE_POINT,100,100,RANDOM
tournament_2,0.25,0,69,7000,32.78385591506958,91024,92030.2,ONE_POINT,100,100,RANDOM
tournament_2,0.25,0,70,7100,33.232993841171265,91024,91902.82,ONE_POINT,100,100,RANDOM
tournament_2,0.25,0,71,7200,33.68860602378845,90885,91815.09,ONE_POINT,100,100,RANDOM
tournament_2,0.25,0,72,7300,34.13517904281616,90606,91599.91,ONE_POINT,100,100,RANDOM
tournament_2,0.25,0,73,7400,34.62853145599365,90596,91438.33,ONE_POINT,100,100,RANDOM
tournament_2,0.25,0,74,7500,35.0879328250885,89578,91258.2,ONE_POINT,100,100,RANDOM
tournament_2,0.25,0,75,7600,35.58738684654236,89578,91065.16,ONE_POINT,100,100,RANDOM
tournament_2,0.25,0,76,7700,36.06514763832092,89578,90908.59,ONE_POINT,100,100,RANDOM
tournament_2,0.25,0,77,7800,36.51594877243042,89125,90694.47,ONE_POINT,100,100,RANDOM
tournament_2,0.25,0,78,7900,36.9331316947937,89125,90429.97,ONE_POINT,100,100,RANDOM
tournament_2,0.25,0,79,8000,37.387903690338135,88705,90237.95,ONE_POINT,100,100,RANDOM
tournament_2,0.25,0,80,8100,37.844130516052246,88705,89981.74,ONE_POINT,100,100,RANDOM
tournament_2,0.25,0,81,8200,38.28398418426514,88229,89750.03,ONE_POINT,100,100,RANDOM
tournament_2,0.25,0,82,8300,38.74308681488037,88201,89500.57,ONE_POINT,100,100,RANDOM
tournament_2,0.25,0,83,8400,39.19805455207825,87759,89184.56,ONE_POINT,100,100,RANDOM
tournament_2,0.25,0,84,8500,39.64297699928284,87300,88926.82,ONE_POINT,100,100,RANDOM
tournament_2,0.25,0,85,8600,40.098942279815674,87255,88745.79,ONE_POINT,100,100,RANDOM
tournament_2,0.25,0,86,8700,40.53239846229553,87255,88498.38,ONE_POINT,100,100,RANDOM
tournament_2,0.25,0,87,8800,40.95369052886963,87255,88344.29,ONE_POINT,100,100,RANDOM
tournament_2,0.25,0,88,8900,41.39635515213013,87239,88162.44,ONE_POINT,100,100,RANDOM
tournament_2,0.25,0,89,9000,41.85423684120178,86553,88008.4,ONE_POINT,100,100,RANDOM
tournament_2,0.25,0,90,9100,42.3015513420105,86440,87904.38,ONE_POINT,100,100,RANDOM
tournament_2,0.25,0,91,9200,42.74552083015442,86440,87792.68,ONE_POINT,100,100,RANDOM
tournament_2,0.25,0,92,9300,43.20499110221863,86440,87579.13,ONE_POINT,100,100,RANDOM
tournament_2,0.25,0,93,9400,43.627495765686035,86440,87405.52,ONE_POINT,100,100,RANDOM
tournament_2,0.25,0,94,9500,44.06448674201965,86440,87314.62,ONE_POINT,100,100,RANDOM
tournament_2,0.25,0,95,9600,44.509480476379395,86271,87177.13,ONE_POINT,100,100,RANDOM
tournament_2,0.25,0,96,9700,44.95842623710632,86097,86957.43,ONE_POINT,100,100,RANDOM
tournament_2,0.25,0,97,9800,45.40102505683899,85948,86809.96,ONE_POINT,100,100,RANDOM
tournament_2,0.25,0,98,9900,45.83596062660217,85938,86670.72,ONE_POINT,100,100,RANDOM
tournament_2,0.25,0,99,10000,46.28059148788452,85938,86559.18,ONE_POINT,100,100,RANDOM
tournament_2,0.25,0,100,10100,46.71485137939453,85848,86423.88,ONE_POINT,100,100,RANDOM
tournament_2,0.25,0,101,10200,47.1709246635437,85744,86339.54,ONE_POINT,100,100,RANDOM
tournament_2,0.25,0,102,10300,47.637089014053345,85679,86220.99,ONE_POINT,100,100,RANDOM
tournament_2,0.25,0,103,10400,48.11656928062439,85635,86088.14,ONE_POINT,100,100,RANDOM
tournament_2,0.25,0,104,10500,48.58152675628662,85232,85983.05,ONE_POINT,100,100,RANDOM
tournament_2,0.25,0,105,10600,49.01742625236511,85142,85861.65,ONE_POINT,100,100,RANDOM
tournament_2,0.25,0,106,10700,49.45904088020325,85105,85767.8,ONE_POINT,100,100,RANDOM
tournament_2,0.25,0,107,10800,49.909857511520386,84796,85627.5,ONE_POINT,100,100,RANDOM
tournament_2,0.25,0,108,10900,50.4006724357605,84532,85497.11,ONE_POINT,100,100,RANDOM
tournament_2,0.25,0,109,11000,50.855268239974976,84432,85348.69,ONE_POINT,100,100,RANDOM
tournament_2,0.25,0,110,11100,51.25965476036072,84370,85221.26,ONE_POINT,100,100,RANDOM
tournament_2,0.25,0,111,11200,51.699381828308105,84118,85098.64,ONE_POINT,100,100,RANDOM
tournament_2,0.25,0,112,11300,52.1173677444458,84118,84969.48,ONE_POINT,100,100,RANDOM
tournament_2,0.25,0,113,11400,52.5599627494812,84107,84789.21,ONE_POINT,100,100,RANDOM
tournament_2,0.25,0,114,11500,52.968817949295044,83604,84601.4,ONE_POINT,100,100,RANDOM
tournament_2,0.25,0,115,11600,53.4115469455719,83604,84458.23,ONE_POINT,100,100,RANDOM
tournament_2,0.25,0,116,11700,53.84202170372009,83459,84303.83,ONE_POINT,100,100,RANDOM
tournament_2,0.25,0,117,11800,54.315863609313965,83338,84194.73,ONE_POINT,100,100,RANDOM
tournament_2,0.25,0,118,11900,54.74496102333069,83187,84010.51,ONE_POINT,100,100,RANDOM
tournament_2,0.25,0,119,12000,55.20222544670105,82645,83881.73,ONE_POINT,100,100,RANDOM
tournament_2,0.25,0,120,12100,55.640082359313965,82645,83776.16,ONE_POINT,100,100,RANDOM
tournament_2,0.25,0,121,12200,56.102686643600464,82645,83629.62,ONE_POINT,100,100,RANDOM
tournament_2,0.25,0,122,12300,56.594664096832275,82512,83557.52,ONE_POINT,100,100,RANDOM
tournament_2,0.25,0,123,12400,57.04402756690979,82367,83381.06,ONE_POINT,100,100,RANDOM
tournament_2,0.25,0,124,12500,57.481740951538086,82367,83205.02,ONE_POINT,100,100,RANDOM
tournament_2,0.25,0,125,12600,57.9114453792572,82151,83054.68,ONE_POINT,100,100,RANDOM
tournament_2,0.25,0,126,12700,58.362316370010376,82151,82921.18,ONE_POINT,100,100,RANDOM
tournament_2,0.25,0,127,12800,58.818065881729126,82014,82787.67,ONE_POINT,100,100,RANDOM
tournament_2,0.25,0,128,12900,59.25953197479248,81909,82615.46,ONE_POINT,100,100,RANDOM
tournament_2,0.25,0,129,13000,59.70209860801697,81827,82437.56,ONE_POINT,100,100,RANDOM
tournament_2,0.25,0,130,13100,60.14185810089111,81542,82305.93,ONE_POINT,100,100,RANDOM
tournament_2,0.25,0,131,13200,60.568647623062134,81205,82163.55,ONE_POINT,100,100,RANDOM
tournament_2,0.25,0,132,13300,61.03501892089844,81187,82027.06,ONE_POINT,100,100,RANDOM
tournament_2,0.25,0,133,13400,61.44829249382019,81187,81917.9,ONE_POINT,100,100,RANDOM
tournament_2,0.25,0,134,13500,61.89482092857361,81187,81795.33,ONE_POINT,100,100,RANDOM
tournament_2,0.25,0,135,13600,62.301860332489014,80808,81643.13,ONE_POINT,100,100,RANDOM
tournament_2,0.25,0,136,13700,62.76034379005432,80808,81532.78,ONE_POINT,100,100,RANDOM
tournament_2,0.25,0,137,13800,63.20852971076965,80530,81352.18,ONE_POINT,100,100,RANDOM
tournament_2,0.25,0,138,13900,63.66521668434143,80176,81223.01,ONE_POINT,100,100,RANDOM
tournament_2,0.25,0,139,14000,64.11505913734436,80162,81078.38,ONE_POINT,100,100,RANDOM
tournament_2,0.25,0,140,14100,64.55060958862305,80162,80957.82,ONE_POINT,100,100,RANDOM
tournament_2,0.25,0,141,14200,65.00889182090759,80156,80791.14,ONE_POINT,100,100,RANDOM
tournament_2,0.25,0,142,14300,65.4703528881073,80044,80645.32,ONE_POINT,100,100,RANDOM
tournament_2,0.25,0,143,14400,65.92670226097107,79731,80548.24,ONE_POINT,100,100,RANDOM
tournament_2,0.25,0,144,14500,66.38394379615784,79650,80408.56,ONE_POINT,100,100,RANDOM
tournament_2,0.25,0,145,14600,66.85501384735107,79650,80291.24,ONE_POINT,100,100,RANDOM
tournament_2,0.25,0,146,14700,67.2731351852417,79591,80181.76,ONE_POINT,100,100,RANDOM
tournament_2,0.25,0,147,14800,67.721262216568,79159,80054.53,ONE_POINT,100,100,RANDOM
tournament_2,0.25,0,148,14900,68.18854284286499,78853,79941.19,ONE_POINT,100,100,RANDOM
tournament_2,0.25,0,149,15000,68.61665678024292,78853,79766.65,ONE_POINT,100,100,RANDOM
tournament_2,0.25,0,150,15100,69.10343790054321,78853,79661.74,ONE_POINT,100,100,RANDOM
tournament_2,0.25,0,151,15200,69.57078909873962,78660,79512.8,ONE_POINT,100,100,RANDOM
tournament_2,0.25,0,152,15300,70.02475452423096,78531,79336.35,ONE_POINT,100,100,RANDOM
tournament_2,0.25,0,153,15400,70.49258351325989,78410,79164.37,ONE_POINT,100,100,RANDOM
tournament_2,0.25,0,154,15500,70.95533919334412,78206,78981.47,ONE_POINT,100,100,RANDOM
tournament_2,0.25,0,155,15600,71.38214182853699,78107,78800.57,ONE_POINT,100,100,RANDOM
tournament_2,0.25,0,156,15700,71.8814959526062,78044,78628.44,ONE_POINT,100,100,RANDOM
tournament_2,0.25,0,157,15800,72.3499128818512,77874,78495.85,ONE_POINT,100,100,RANDOM
tournament_2,0.25,0,158,15900,72.81052279472351,77874,78406.31,ONE_POINT,100,100,RANDOM
tournament_2,0.25,0,159,16000,73.28503632545471,77874,78312.34,ONE_POINT,100,100,RANDOM
tournament_2,0.25,0,160,16100,73.7480981349945,77635,78190.27,ONE_POINT,100,100,RANDOM
tournament_2,0.25,0,161,16200,74.20833325386047,77626,78126.43,ONE_POINT,100,100,RANDOM
tournament_2,0.25,0,162,16300,74.64777684211731,77615,78009.29,ONE_POINT,100,100,RANDOM
tournament_2,0.25,0,163,16400,75.11415505409241,77572,77939.33,ONE_POINT,100,100,RANDOM
tournament_2,0.25,0,164,16500,75.54243540763855,77384,77846.58,ONE_POINT,100,100,RANDOM
tournament_2,0.25,0,165,16600,75.98906469345093,77221,77739.75,ONE_POINT,100,100,RANDOM
tournament_2,0.25,0,166,16700,76.43931126594543,77000,77637.75,ONE_POINT,100,100,RANDOM
tournament_2,0.25,0,167,16800,76.8914589881897,76847,77532.74,ONE_POINT,100,100,RANDOM
tournament_2,0.25,0,168,16900,77.34974431991577,76765,77428.76,ONE_POINT,100,100,RANDOM
tournament_2,0.25,0,169,17000,77.82234573364258,76748,77367.22,ONE_POINT,100,100,RANDOM
tournament_2,0.25,0,170,17100,78.2989501953125,76474,77286.05,ONE_POINT,100,100,RANDOM
tournament_2,0.25,0,171,17200,78.7662079334259,76474,77103.8,ONE_POINT,100,100,RANDOM
tournament_2,0.25,0,172,17300,79.27388024330139,76125,76922.62,ONE_POINT,100,100,RANDOM
tournament_2,0.25,0,173,17400,79.81706023216248,76125,76829.04,ONE_POINT,100,100,RANDOM
tournament_2,0.25,0,174,17500,80.22781133651733,76046,76653.97,ONE_POINT,100,100,RANDOM
tournament_2,0.25,0,175,17600,80.70974063873291,75940,76526.89,ONE_POINT,100,100,RANDOM
tournament_2,0.25,0,176,17700,81.14294123649597,75598,76392.64,ONE_POINT,100,100,RANDOM
tournament_2,0.25,0,177,17800,81.6322729587555,75598,76291.06,ONE_POINT,100,100,RANDOM
tournament_2,0.25,0,178,17900,82.08263754844666,75598,76199.31,ONE_POINT,100,100,RANDOM
tournament_2,0.25,0,179,18000,82.6233594417572,75561,76063.72,ONE_POINT,100,100,RANDOM
tournament_2,0.25,0,180,18100,83.13584780693054,75191,75966.58,ONE_POINT,100,100,RANDOM
tournament_2,0.25,0,181,18200,83.65351986885071,75191,75859.98,ONE_POINT,100,100,RANDOM
tournament_2,0.25,0,182,18300,84.14495587348938,75191,75725.48,ONE_POINT,100,100,RANDOM
tournament_2,0.25,0,183,18400,84.6296329498291,75191,75603.0,ONE_POINT,100,100,RANDOM
tournament_2,0.25,0,184,18500,85.08756041526794,75006,75531.8,ONE_POINT,100,100,RANDOM
tournament_2,0.25,0,185,18600,85.5672037601471,74934,75443.13,ONE_POINT,100,100,RANDOM
tournament_2,0.25,0,186,18700,86.06643199920654,74527,75342.72,ONE_POINT,100,100,RANDOM
tournament_2,0.25,0,187,18800,86.51242303848267,74302,75223.79,ONE_POINT,100,100,RANDOM
tournament_2,0.25,0,188,18900,86.9743263721466,74180,75104.19,ONE_POINT,100,100,RANDOM
tournament_2,0.25,0,189,19000,87.45410251617432,74180,74951.73,ONE_POINT,100,100,RANDOM
tournament_2,0.25,0,190,19100,87.91448187828064,73944,74787.27,ONE_POINT,100,100,RANDOM
tournament_2,0.25,0,191,19200,88.41972279548645,73723,74622.49,ONE_POINT,100,100,RANDOM
tournament_2,0.25,0,192,19300,88.83665466308594,73723,74484.67,ONE_POINT,100,100,RANDOM
tournament_2,0.25,0,193,19400,89.28103685379028,73614,74309.54,ONE_POINT,100,100,RANDOM
tournament_2,0.25,0,194,19500,89.72380876541138,73369,74173.6,ONE_POINT,100,100,RANDOM
tournament_2,0.25,0,195,19600,90.1280837059021,73369,74067.62,ONE_POINT,100,100,RANDOM
tournament_2,0.25,0,196,19700,90.54691743850708,73335,73998.67,ONE_POINT,100,100,RANDOM
tournament_2,0.25,0,197,19800,90.98900556564331,73238,73887.38,ONE_POINT,100,100,RANDOM
tournament_2,0.25,0,198,19900,91.43197393417358,73003,73795.73,ONE_POINT,100,100,RANDOM
tournament_2,0.25,0,199,20000,91.88827633857727,73003,73674.38,ONE_POINT,100,100,RANDOM
tournament_2,0.25,0,200,20100,92.34995698928833,72709,73573.93,ONE_POINT,100,100,RANDOM
tournament_2,0.25,0,201,20200,92.81862330436707,72709,73420.16,ONE_POINT,100,100,RANDOM
tournament_2,0.25,0,202,20300,93.26597118377686,72641,73290.83,ONE_POINT,100,100,RANDOM
tournament_2,0.25,0,203,20400,93.7087607383728,72541,73182.8,ONE_POINT,100,100,RANDOM
tournament_2,0.25,0,204,20500,94.145836353302,72413,73070.38,ONE_POINT,100,100,RANDOM
tournament_2,0.25,0,205,20600,94.59316754341125,72413,72978.95,ONE_POINT,100,100,RANDOM
tournament_2,0.25,0,206,20700,95.0418004989624,72384,72888.1,ONE_POINT,100,100,RANDOM
tournament_2,0.25,0,207,20800,95.48891568183899,72064,72779.07,ONE_POINT,100,100,RANDOM
tournament_2,0.25,0,208,20900,95.96060228347778,72064,72682.13,ONE_POINT,100,100,RANDOM
tournament_2,0.25,0,209,21000,96.39098238945007,72064,72589.0,ONE_POINT,100,100,RANDOM
tournament_2,0.25,0,210,21100,96.845449924469,72003,72499.09,ONE_POINT,100,100,RANDOM
tournament_2,0.25,0,211,21200,97.2984790802002,71819,72370.85,ONE_POINT,100,100,RANDOM
tournament_2,0.25,0,212,21300,97.7455530166626,71543,72225.54,ONE_POINT,100,100,RANDOM
tournament_2,0.25,0,213,21400,98.19213771820068,71543,72120.52,ONE_POINT,100,100,RANDOM
tournament_2,0.25,0,214,21500,98.64989686012268,71479,72002.8,ONE_POINT,100,100,RANDOM
tournament_2,0.25,0,215,21600,99.0893874168396,71479,71926.68,ONE_POINT,100,100,RANDOM
tournament_2,0.25,0,216,21700,99.5511326789856,71075,71824.43,ONE_POINT,100,100,RANDOM
tournament_2,0.25,0,217,21800,99.99942326545715,71024,71736.85,ONE_POINT,100,100,RANDOM
tournament_2,0.25,0,218,21900,100.48949027061462,70892,71660.43,ONE_POINT,100,100,RANDOM
tournament_2,0.25,0,219,22000,100.94000816345215,70892,71548.55,ONE_POINT,100,100,RANDOM
tournament_2,0.25,0,220,22100,101.40274667739868,70892,71440.47,ONE_POINT,100,100,RANDOM
tournament_2,0.25,0,221,22200,101.86003613471985,70884,71318.36,ONE_POINT,100,100,RANDOM
tournament_2,0.25,0,222,22300,102.3223032951355,70763,71202.83,ONE_POINT,100,100,RANDOM
tournament_2,0.25,0,223,22400,102.79169058799744,70682,71134.75,ONE_POINT,100,100,RANDOM
tournament_2,0.25,0,224,22500,103.24927830696106,70509,71025.69,ONE_POINT,100,100,RANDOM
tournament_2,0.25,0,225,22600,103.72367286682129,70509,70939.31,ONE_POINT,100,100,RANDOM
tournament_2,0.25,0,226,22700,104.17439436912537,70480,70865.54,ONE_POINT,100,100,RANDOM
tournament_2,0.25,0,227,22800,104.65927648544312,70084,70788.79,ONE_POINT,100,100,RANDOM
tournament_2,0.25,0,228,22900,105.09653949737549,69915,70690.26,ONE_POINT,100,100,RANDOM
tournament_2,0.25,0,229,23000,105.56776070594788,69915,70664.07,ONE_POINT,100,100,RANDOM
tournament_2,0.25,0,230,23100,106.02458167076111,69915,70565.21,ONE_POINT,100,100,RANDOM
tournament_2,0.25,0,231,23200,106.498055934906,69915,70499.63,ONE_POINT,100,100,RANDOM
tournament_2,0.25,0,232,23300,106.94482493400574,69905,70410.82,ONE_POINT,100,100,RANDOM
tournament_2,0.25,0,233,23400,107.40485548973083,69905,70320.52,ONE_POINT,100,100,RANDOM
tournament_2,0.25,0,234,23500,107.85992622375488,69600,70226.47,ONE_POINT,100,100,RANDOM
tournament_2,0.25,0,235,23600,108.29878497123718,69600,70122.25,ONE_POINT,100,100,RANDOM
tournament_2,0.25,0,236,23700,108.76307487487793,69600,70060.19,ONE_POINT,100,100,RANDOM
tournament_2,0.25,0,237,23800,109.22582292556763,69573,69959.86,ONE_POINT,100,100,RANDOM
tournament_2,0.25,0,238,23900,109.64564776420593,69452,69872.21,ONE_POINT,100,100,RANDOM
tournament_2,0.25,0,239,24000,110.11473679542542,69418,69797.2,ONE_POINT,100,100,RANDOM
tournament_2,0.25,0,240,24100,110.59778833389282,69121,69712.35,ONE_POINT,100,100,RANDOM
tournament_2,0.25,0,241,24200,111.0265040397644,69121,69627.14,ONE_POINT,100,100,RANDOM
tournament_2,0.25,0,242,24300,111.45582604408264,69121,69552.9,ONE_POINT,100,100,RANDOM
tournament_2,0.25,0,243,24400,111.92226552963257,69004,69477.18,ONE_POINT,100,100,RANDOM
tournament_2,0.25,0,244,24500,112.38063478469849,68986,69409.21,ONE_POINT,100,100,RANDOM
tournament_2,0.25,0,245,24600,112.85354137420654,68743,69298.35,ONE_POINT,100,100,RANDOM
tournament_2,0.25,0,246,24700,113.33010530471802,68364,69176.96,ONE_POINT,100,100,RANDOM
tournament_2,0.25,0,247,24800,113.77410173416138,68364,69092.51,ONE_POINT,100,100,RANDOM
tournament_2,0.25,0,248,24900,114.23756814002991,68364,68995.78,ONE_POINT,100,100,RANDOM
tournament_2,0.25,0,249,25000,114.68146896362305,68291,68889.21,ONE_POINT,100,100,RANDOM
tournament_2,0.25,0,250,25100,115.12520623207092,68187,68794.5,ONE_POINT,100,100,RANDOM
tournament_2,0.25,0,251,25200,115.57983088493347,68187,68695.16,ONE_POINT,100,100,RANDOM
tournament_2,0.25,0,252,25300,116.03056740760803,68163,68605.03,ONE_POINT,100,100,RANDOM
tournament_2,0.25,0,253,25400,116.47621154785156,67941,68473.99,ONE_POINT,100,100,RANDOM
tournament_2,0.25,0,254,25500,116.92947745323181,67805,68393.4,ONE_POINT,100,100,RANDOM
tournament_2,0.25,0,255,25600,117.38697409629822,67738,68312.9,ONE_POINT,100,100,RANDOM
tournament_2,0.25,0,256,25700,117.83795142173767,67738,68212.38,ONE_POINT,100,100,RANDOM
tournament_2,0.25,0,257,25800,118.28744459152222,67705,68111.67,ONE_POINT,100,100,RANDOM
tournament_2,0.25,0,258,25900,118.80294108390808,67610,68014.05,ONE_POINT,100,100,RANDOM
tournament_2,0.25,0,259,26000,119.26569747924805,67477,67930.64,ONE_POINT,100,100,RANDOM
tournament_2,0.25,0,260,26100,119.7250816822052,67477,67875.92,ONE_POINT,100,100,RANDOM
tournament_2,0.25,0,261,26200,120.18202662467957,67367,67792.86,ONE_POINT,100,100,RANDOM
tournament_2,0.25,0,262,26300,120.72120332717896,67325,67708.81,ONE_POINT,100,100,RANDOM
tournament_2,0.25,0,263,26400,121.16520643234253,67273,67625.47,ONE_POINT,100,100,RANDOM
tournament_2,0.25,0,264,26500,121.66960954666138,67181,67528.28,ONE_POINT,100,100,RANDOM
tournament_2,0.25,0,265,26600,122.14441847801208,67013,67446.54,ONE_POINT,100,100,RANDOM
tournament_2,0.25,0,266,26700,122.6629056930542,67013,67394.43,ONE_POINT,100,100,RANDOM
tournament_2,0.25,0,267,26800,123.11615109443665,67013,67338.63,ONE_POINT,100,100,RANDOM
tournament_2,0.25,0,268,26900,123.57541728019714,66942,67277.55,ONE_POINT,100,100,RANDOM
tournament_2,0.25,0,269,27000,124.04187560081482,66853,67212.9,ONE_POINT,100,100,RANDOM
tournament_2,0.25,0,270,27100,124.51626586914062,66802,67134.59,ONE_POINT,100,100,RANDOM
tournament_2,0.25,0,271,27200,124.98775506019592,66675,67080.01,ONE_POINT,100,100,RANDOM
tournament_2,0.25,0,272,27300,125.43942618370056,66662,67012.41,ONE_POINT,100,100,RANDOM
tournament_2,0.25,0,273,27400,125.88351559638977,66651,66983.44,ONE_POINT,100,100,RANDOM
tournament_2,0.25,0,274,27500,126.33279132843018,66620,66915.22,ONE_POINT,100,100,RANDOM
tournament_2,0.25,0,275,27600,126.76259088516235,66462,66839.32,ONE_POINT,100,100,RANDOM
tournament_2,0.25,0,276,27700,127.24949860572815,66336,66776.71,ONE_POINT,100,100,RANDOM
tournament_2,0.25,0,277,27800,127.74321222305298,66336,66744.88,ONE_POINT,100,100,RANDOM
tournament_2,0.25,0,278,27900,128.20555782318115,66191,66653.9,ONE_POINT,100,100,RANDOM
tournament_2,0.25,0,279,28000,128.66429591178894,66174,66602.46,ONE_POINT,100,100,RANDOM
tournament_2,0.25,0,280,28100,129.12545680999756,66139,66537.69,ONE_POINT,100,100,RANDOM
tournament_2,0.25,0,281,28200,129.58705806732178,66139,66471.32,ONE_POINT,100,100,RANDOM
tournament_2,0.25,0,282,28300,130.07543778419495,66024,66409.48,ONE_POINT,100,100,RANDOM
tournament_2,0.25,0,283,28400,130.51516485214233,65756,66320.71,ONE_POINT,100,100,RANDOM
tournament_2,0.25,0,284,28500,130.95422649383545,65756,66232.98,ONE_POINT,100,100,RANDOM
tournament_2,0.25,0,285,28600,131.41379642486572,65754,66153.02,ONE_POINT,100,100,RANDOM
tournament_2,0.25,0,286,28700,131.85157871246338,65579,66097.47,ONE_POINT,100,100,RANDOM
tournament_2,0.25,0,287,28800,132.32606172561646,65577,66019.97,ONE_POINT,100,100,RANDOM
tournament_2,0.25,0,288,28900,132.7666153907776,65516,65946.96,ONE_POINT,100,100,RANDOM
tournament_2,0.25,0,289,29000,133.2272012233734,65414,65853.06,ONE_POINT,100,100,RANDOM
tournament_2,0.25,0,290,29100,133.67664456367493,65171,65763.82,ONE_POINT,100,100,RANDOM
tournament_2,0.25,0,291,29200,134.21811318397522,65169,65666.31,ONE_POINT,100,100,RANDOM
tournament_2,0.25,0,292,29300,134.70767998695374,65033,65580.7,ONE_POINT,100,100,RANDOM
tournament_2,0.25,0,293,29400,135.16194820404053,65033,65506.99,ONE_POINT,100,100,RANDOM
tournament_2,0.25,0,294,29500,135.6306915283203,65033,65463.44,ONE_POINT,100,100,RANDOM
tournament_2,0.25,0,295,29600,136.0973243713379,64877,65364.95,ONE_POINT,100,100,RANDOM
tournament_2,0.25,0,296,29700,136.53939151763916,64835,65329.36,ONE_POINT,100,100,RANDOM
tournament_2,0.25,0,297,29800,137.00263357162476,64835,65261.44,ONE_POINT,100,100,RANDOM
tournament_2,0.25,0,298,29900,137.46982645988464,64783,65153.43,ONE_POINT,100,100,RANDOM
tournament_2,0.25,0,299,30000,137.91996312141418,64783,65102.72,ONE_POINT,100,100,RANDOM
tournament_2,0.25,0,300,30100,138.3894600868225,64717,64992.04,ONE_POINT,100,100,RANDOM
tournament_2,0.25,0,301,30200,138.83930087089539,64574,64944.03,ONE_POINT,100,100,RANDOM
tournament_2,0.25,0,302,30300,139.30743288993835,64494,64878.2,ONE_POINT,100,100,RANDOM
tournament_2,0.25,0,303,30400,139.78264164924622,64389,64810.34,ONE_POINT,100,100,RANDOM
tournament_2,0.25,0,304,30500,140.2515549659729,64255,64748.89,ONE_POINT,100,100,RANDOM
tournament_2,0.25,0,305,30600,140.7592077255249,64255,64666.96,ONE_POINT,100,100,RANDOM
tournament_2,0.25,0,306,30700,141.25958824157715,64128,64596.5,ONE_POINT,100,100,RANDOM
tournament_2,0.25,0,307,30800,141.75468182563782,64047,64497.19,ONE_POINT,100,100,RANDOM
tournament_2,0.25,0,308,30900,142.22601890563965,63979,64468.0,ONE_POINT,100,100,RANDOM
tournament_2,0.25,0,309,31000,142.66529488563538,63919,64366.73,ONE_POINT,100,100,RANDOM
tournament_2,0.25,0,310,31100,143.12573289871216,63894,64289.4,ONE_POINT,100,100,RANDOM
tournament_2,0.25,0,311,31200,143.57452726364136,63894,64236.14,ONE_POINT,100,100,RANDOM
tournament_2,0.25,0,312,31300,144.00639033317566,63784,64176.76,ONE_POINT,100,100,RANDOM
tournament_2,0.25,0,313,31400,144.47441983222961,63771,64106.15,ONE_POINT,100,100,RANDOM
tournament_2,0.25,0,314,31500,144.92181253433228,63746,64002.28,ONE_POINT,100,100,RANDOM
tournament_2,0.25,0,315,31600,145.35191440582275,63718,63945.44,ONE_POINT,100,100,RANDOM
tournament_2,0.25,0,316,31700,145.794175863266,63600,63907.12,ONE_POINT,100,100,RANDOM
tournament_2,0.25,0,317,31800,146.2485499382019,63546,63850.64,ONE_POINT,100,100,RANDOM
tournament_2,0.25,0,318,31900,146.696875333786,63437,63809.52,ONE_POINT,100,100,RANDOM
tournament_2,0.25,0,319,32000,147.17178535461426,63387,63737.79,ONE_POINT,100,100,RANDOM
tournament_2,0.25,0,320,32100,147.60589337348938,63382,63672.04,ONE_POINT,100,100,RANDOM
tournament_2,0.25,0,321,32200,148.06277799606323,62974,63638.94,ONE_POINT,100,100,RANDOM
tournament_2,0.25,0,322,32300,148.51351141929626,62974,63557.29,ONE_POINT,100,100,RANDOM
tournament_2,0.25,0,323,32400,148.9787585735321,62974,63473.05,ONE_POINT,100,100,RANDOM
tournament_2,0.25,0,324,32500,149.41623854637146,62974,63401.94,ONE_POINT,100,100,RANDOM
tournament_2,0.25,0,325,32600,149.8698809146881,62974,63320.76,ONE_POINT,100,100,RANDOM
tournament_2,0.25,0,326,32700,150.33499717712402,62767,63267.91,ONE_POINT,100,100,RANDOM
tournament_2,0.25,0,327,32800,150.79330778121948,62767,63170.6,ONE_POINT,100,100,RANDOM
tournament_2,0.25,0,328,32900,151.24832701683044,62760,63097.53,ONE_POINT,100,100,RANDOM
tournament_2,0.25,0,329,33000,151.69728112220764,62743,63020.44,ONE_POINT,100,100,RANDOM
tournament_2,0.25,0,330,33100,152.16224145889282,62736,62976.92,ONE_POINT,100,100,RANDOM
tournament_2,0.25,0,331,33200,152.6037793159485,62640,62936.22,ONE_POINT,100,100,RANDOM
tournament_2,0.25,0,332,33300,153.0528974533081,62550,62858.46,ONE_POINT,100,100,RANDOM
tournament_2,0.25,0,333,33400,153.48553228378296,62386,62793.18,ONE_POINT,100,100,RANDOM
tournament_2,0.25,0,334,33500,153.94116258621216,62386,62759.04,ONE_POINT,100,100,RANDOM
tournament_2,0.25,0,335,33600,154.4193525314331,62386,62695.19,ONE_POINT,100,100,RANDOM
tournament_2,0.25,0,336,33700,154.88093948364258,62378,62638.66,ONE_POINT,100,100,RANDOM
tournament_2,0.25,0,337,33800,155.32852411270142,62321,62598.87,ONE_POINT,100,100,RANDOM
tournament_2,0.25,0,338,33900,155.78575658798218,62143,62548.6,ONE_POINT,100,100,RANDOM
tournament_2,0.25,0,339,34000,156.23122453689575,62041,62526.73,ONE_POINT,100,100,RANDOM
tournament_2,0.25,0,340,34100,156.6713411808014,62041,62428.99,ONE_POINT,100,100,RANDOM
tournament_2,0.25,0,341,34200,157.11003756523132,61930,62358.61,ONE_POINT,100,100,RANDOM
tournament_2,0.25,0,342,34300,157.62477040290833,61767,62291.65,ONE_POINT,100,100,RANDOM
tournament_2,0.25,0,343,34400,158.05428671836853,61718,62207.08,ONE_POINT,100,100,RANDOM
tournament_2,0.25,0,344,34500,158.5339479446411,61718,62148.64,ONE_POINT,100,100,RANDOM
tournament_2,0.25,0,345,34600,158.99969291687012,61718,62071.82,ONE_POINT,100,100,RANDOM
tournament_2,0.25,0,346,34700,159.48344159126282,61648,61999.12,ONE_POINT,100,100,RANDOM
tournament_2,0.25,0,347,34800,159.94426894187927,61648,61946.11,ONE_POINT,100,100,RANDOM
tournament_2,0.25,0,348,34900,160.39830493927002,61577,61914.85,ONE_POINT,100,100,RANDOM
tournament_2,0.25,0,349,35000,160.86595702171326,61561,61830.65,ONE_POINT,100,100,RANDOM
tournament_2,0.25,0,350,35100,161.3203408718109,61500,61784.52,ONE_POINT,100,100,RANDOM
tournament_2,0.25,0,351,35200,161.7567298412323,61470,61718.82,ONE_POINT,100,100,RANDOM
tournament_2,0.25,0,352,35300,162.22611331939697,61130,61649.08,ONE_POINT,100,100,RANDOM
tournament_2,0.25,0,353,35400,162.68409538269043,61130,61617.66,ONE_POINT,100,100,RANDOM
tournament_2,0.25,0,354,35500,163.1195216178894,61124,61557.58,ONE_POINT,100,100,RANDOM
tournament_2,0.25,0,355,35600,163.5553092956543,61113,61505.91,ONE_POINT,100,100,RANDOM
tournament_2,0.25,0,356,35700,164.00360941886902,61113,61465.04,ONE_POINT,100,100,RANDOM
tournament_2,0.25,0,357,35800,164.5046682357788,60930,61385.21,ONE_POINT,100,100,RANDOM
tournament_2,0.25,0,358,35900,164.94284319877625,60930,61321.46,ONE_POINT,100,100,RANDOM
tournament_2,0.25,0,359,36000,165.39716911315918,60930,61263.41,ONE_POINT,100,100,RANDOM
tournament_2,0.25,0,360,36100,165.8253231048584,60831,61190.05,ONE_POINT,100,100,RANDOM
tournament_2,0.25,0,361,36200,166.30836510658264,60831,61109.2,ONE_POINT,100,100,RANDOM
tournament_2,0.25,0,362,36300,166.80071568489075,60691,61044.18,ONE_POINT,100,100,RANDOM
tournament_2,0.25,0,363,36400,167.22546458244324,60691,60986.0,ONE_POINT,100,100,RANDOM
tournament_2,0.25,0,364,36500,167.71094942092896,60522,60945.63,ONE_POINT,100,100,RANDOM
tournament_2,0.25,0,365,36600,168.1662995815277,60489,60887.67,ONE_POINT,100,100,RANDOM
tournament_2,0.25,0,366,36700,168.6142749786377,60386,60817.97,ONE_POINT,100,100,RANDOM
tournament_2,0.25,0,367,36800,169.07085013389587,60386,60793.18,ONE_POINT,100,100,RANDOM
tournament_2,0.25,0,368,36900,169.5038285255432,60386,60740.37,ONE_POINT,100,100,RANDOM
tournament_2,0.25,0,369,37000,169.9608302116394,60281,60704.7,ONE_POINT,100,100,RANDOM
tournament_2,0.25,0,370,37100,170.41828322410583,60251,60612.32,ONE_POINT,100,100,RANDOM
tournament_2,0.25,0,371,37200,170.88636684417725,60073,60538.73,ONE_POINT,100,100,RANDOM
tournament_2,0.25,0,372,37300,171.31076884269714,60073,60497.27,ONE_POINT,100,100,RANDOM
tournament_2,0.25,0,373,37400,171.77860832214355,60034,60397.06,ONE_POINT,100,100,RANDOM
tournament_2,0.25,0,374,37500,172.2487347126007,59945,60328.02,ONE_POINT,100,100,RANDOM
tournament_2,0.25,0,375,37600,172.69951963424683,59895,60274.68,ONE_POINT,100,100,RANDOM
tournament_2,0.25,0,376,37700,173.17095017433167,59830,60217.12,ONE_POINT,100,100,RANDOM
tournament_2,0.25,0,377,37800,173.73664045333862,59830,60156.25,ONE_POINT,100,100,RANDOM
tournament_2,0.25,0,378,37900,174.19797253608704,59667,60104.69,ONE_POINT,100,100,RANDOM
tournament_2,0.25,0,379,38000,174.6422529220581,59611,60028.49,ONE_POINT,100,100,RANDOM
tournament_2,0.25,0,380,38100,175.09085822105408,59527,60000.9,ONE_POINT,100,100,RANDOM
tournament_2,0.25,0,381,38200,175.52940487861633,59471,59929.57,ONE_POINT,100,100,RANDOM
tournament_2,0.25,0,382,38300,175.98811197280884,59405,59840.58,ONE_POINT,100,100,RANDOM
tournament_2,0.25,0,383,38400,176.4271948337555,59220,59747.65,ONE_POINT,100,100,RANDOM
tournament_2,0.25,0,384,38500,176.89070582389832,59220,59648.98,ONE_POINT,100,100,RANDOM
tournament_2,0.25,0,385,38600,177.31738448143005,59199,59555.62,ONE_POINT,100,100,RANDOM
tournament_2,0.25,0,386,38700,177.77140927314758,59093,59515.27,ONE_POINT,100,100,RANDOM
tournament_2,0.25,0,387,38800,178.2398386001587,59093,59474.03,ONE_POINT,100,100,RANDOM
tournament_2,0.25,0,388,38900,178.67594289779663,58801,59402.51,ONE_POINT,100,100,RANDOM
tournament_2,0.25,0,389,39000,179.13981199264526,58801,59324.29,ONE_POINT,100,100,RANDOM
tournament_2,0.25,0,390,39100,179.59700727462769,58801,59276.85,ONE_POINT,100,100,RANDOM
tournament_2,0.25,0,391,39200,180.14657831192017,58675,59194.09,ONE_POINT,100,100,RANDOM
tournament_2,0.25,0,392,39300,180.58448004722595,58675,59116.31,ONE_POINT,100,100,RANDOM
tournament_2,0.25,0,393,39400,181.03864669799805,58675,59044.44,ONE_POINT,100,100,RANDOM
tournament_2,0.25,0,394,39500,181.50666880607605,58559,58974.66,ONE_POINT,100,100,RANDOM
tournament_2,0.25,0,395,39600,181.9789969921112,58499,58873.21,ONE_POINT,100,100,RANDOM
tournament_2,0.25,0,396,39700,182.43457007408142,58395,58837.64,ONE_POINT,100,100,RANDOM
tournament_2,0.25,0,397,39800,182.92397618293762,58395,58764.46,ONE_POINT,100,100,RANDOM
tournament_2,0.25,0,398,39900,183.44990873336792,58329,58680.53,ONE_POINT,100,100,RANDOM
tournament_2,0.25,0,399,40000,183.92083954811096,58308,58612.14,ONE_POINT,100,100,RANDOM
tournament_2,0.25,0,400,40100,184.40916800498962,58256,58577.24,ONE_POINT,100,100,RANDOM
tournament_2,0.25,0,401,40200,184.85562348365784,58240,58540.02,ONE_POINT,100,100,RANDOM
tournament_2,0.25,0,402,40300,185.29836249351501,58173,58458.64,ONE_POINT,100,100,RANDOM
tournament_2,0.25,0,403,40400,185.77178311347961,58045,58386.45,ONE_POINT,100,100,RANDOM
tournament_2,0.25,0,404,40500,186.232342004776,57948,58321.16,ONE_POINT,100,100,RANDOM
tournament_2,0.25,0,405,40600,186.6866180896759,57906,58259.65,ONE_POINT,100,100,RANDOM
tournament_2,0.25,0,406,40700,187.14437580108643,57906,58220.88,ONE_POINT,100,100,RANDOM
tournament_2,0.25,0,407,40800,187.5970401763916,57770,58179.45,ONE_POINT,100,100,RANDOM
tournament_2,0.25,0,408,40900,188.0460147857666,57611,58070.42,ONE_POINT,100,100,RANDOM
tournament_2,0.25,0,409,41000,188.50243973731995,57611,58006.75,ONE_POINT,100,100,RANDOM
tournament_2,0.25,0,410,41100,188.9460277557373,57611,57949.47,ONE_POINT,100,100,RANDOM
tournament_2,0.25,0,411,41200,189.380530834198,57577,57915.49,ONE_POINT,100,100,RANDOM
tournament_2,0.25,0,412,41300,189.83842658996582,57494,57869.26,ONE_POINT,100,100,RANDOM
tournament_2,0.25,0,413,41400,190.330974817276,57453,57763.89,ONE_POINT,100,100,RANDOM
tournament_2,0.25,0,414,41500,190.794442653656,57341,57711.61,ONE_POINT,100,100,RANDOM
tournament_2,0.25,0,415,41600,191.2441725730896,57341,57637.37,ONE_POINT,100,100,RANDOM
tournament_2,0.25,0,416,41700,191.7158088684082,57341,57597.01,ONE_POINT,100,100,RANDOM
tournament_2,0.25,0,417,41800,192.12683629989624,57341,57573.16,ONE_POINT,100,100,RANDOM
tournament_2,0.25,0,418,41900,192.5821030139923,57228,57534.93,ONE_POINT,100,100,RANDOM
tournament_2,0.25,0,419,42000,193.02946281433105,57228,57503.12,ONE_POINT,100,100,RANDOM
tournament_2,0.25,0,420,42100,193.48564457893372,57163,57451.71,ONE_POINT,100,100,RANDOM
tournament_2,0.25,0,421,42200,193.9389190673828,57002,57391.47,ONE_POINT,100,100,RANDOM
tournament_2,0.25,0,422,42300,194.37745428085327,57002,57352.37,ONE_POINT,100,100,RANDOM
tournament_2,0.25,0,423,42400,194.8339445590973,56846,57304.09,ONE_POINT,100,100,RANDOM
tournament_2,0.25,0,424,42500,195.2905535697937,56846,57244.73,ONE_POINT,100,100,RANDOM
tournament_2,0.25,0,425,42600,195.75559186935425,56792,57188.53,ONE_POINT,100,100,RANDOM
tournament_2,0.25,0,426,42700,196.2209906578064,56630,57132.91,ONE_POINT,100,100,RANDOM
tournament_2,0.25,0,427,42800,196.69615721702576,56630,57048.35,ONE_POINT,100,100,RANDOM
tournament_2,0.25,0,428,42900,197.13880825042725,56630,57037.12,ONE_POINT,100,100,RANDOM
tournament_2,0.25,0,429,43000,197.59320378303528,56630,56976.99,ONE_POINT,100,100,RANDOM
tournament_2,0.25,0,430,43100,198.05312156677246,56571,56917.54,ONE_POINT,100,100,RANDOM
tournament_2,0.25,0,431,43200,198.51962399482727,56503,56848.45,ONE_POINT,100,100,RANDOM
tournament_2,0.25,0,432,43300,198.98093485832214,56427,56823.75,ONE_POINT,100,100,RANDOM
tournament_2,0.25,0,433,43400,199.42814445495605,56392,56708.79,ONE_POINT,100,100,RANDOM
tournament_2,0.25,0,434,43500,199.88102531433105,56186,56671.05,ONE_POINT,100,100,RANDOM
tournament_2,0.25,0,435,43600,200.36116409301758,56186,56612.05,ONE_POINT,100,100,RANDOM
tournament_2,0.25,0,436,43700,200.82128071784973,56186,56552.37,ONE_POINT,100,100,RANDOM
tournament_2,0.25,0,437,43800,201.27876663208008,56186,56507.19,ONE_POINT,100,100,RANDOM
tournament_2,0.25,0,438,43900,201.722891330719,56178,56456.28,ONE_POINT,100,100,RANDOM
tournament_2,0.25,0,439,44000,202.15933275222778,56121,56407.03,ONE_POINT,100,100,RANDOM
tournament_2,0.25,0,440,44100,202.59904789924622,56119,56366.93,ONE_POINT,100,100,RANDOM
tournament_2,0.25,0,441,44200,203.02169942855835,56022,56328.16,ONE_POINT,100,100,RANDOM
tournament_2,0.25,0,442,44300,203.44274282455444,56010,56260.99,ONE_POINT,100,100,RANDOM
tournament_2,0.25,0,443,44400,203.90647983551025,56010,56255.93,ONE_POINT,100,100,RANDOM
tournament_2,0.25,0,444,44500,204.33663296699524,55900,56207.17,ONE_POINT,100,100,RANDOM
tournament_2,0.25,0,445,44600,204.79972529411316,55892,56143.31,ONE_POINT,100,100,RANDOM
tournament_2,0.25,0,446,44700,205.25887155532837,55718,56115.13,ONE_POINT,100,100,RANDOM
tournament_2,0.25,0,447,44800,205.7426519393921,55634,56056.3,ONE_POINT,100,100,RANDOM
tournament_2,0.25,0,448,44900,206.23797059059143,55634,56018.43,ONE_POINT,100,100,RANDOM
tournament_2,0.25,0,449,45000,206.69825339317322,55634,56008.04,ONE_POINT,100,100,RANDOM
tournament_2,0.25,0,450,45100,207.1364107131958,55634,55922.97,ONE_POINT,100,100,RANDOM
tournament_2,0.25,0,451,45200,207.55297303199768,55597,55916.19,ONE_POINT,100,100,RANDOM
tournament_2,0.25,0,452,45300,207.9840440750122,55533,55866.41,ONE_POINT,100,100,RANDOM
tournament_2,0.25,0,453,45400,208.5096936225891,55297,55772.17,ONE_POINT,100,100,RANDOM
tournament_2,0.25,0,454,45500,208.9590196609497,55297,55718.39,ONE_POINT,100,100,RANDOM
tournament_2,0.25,0,455,45600,209.3896565437317,55297,55674.82,ONE_POINT,100,100,RANDOM
tournament_2,0.25,0,456,45700,209.84314608573914,55297,55653.89,ONE_POINT,100,100,RANDOM
tournament_2,0.25,0,457,45800,210.2954912185669,55269,55581.78,ONE_POINT,100,100,RANDOM
tournament_2,0.25,0,458,45900,210.73540925979614,55262,55557.01,ONE_POINT,100,100,RANDOM
tournament_2,0.25,0,459,46000,211.18125343322754,55230,55512.14,ONE_POINT,100,100,RANDOM
tournament_2,0.25,0,460,46100,211.6409182548523,55184,55461.72,ONE_POINT,100,100,RANDOM
tournament_2,0.25,0,461,46200,212.1321394443512,55183,55403.7,ONE_POINT,100,100,RANDOM
tournament_2,0.25,0,462,46300,212.59295988082886,55118,55343.07,ONE_POINT,100,100,RANDOM
tournament_2,0.25,0,463,46400,213.13467741012573,55045,55313.71,ONE_POINT,100,100,RANDOM
tournament_2,0.25,0,464,46500,213.53420639038086,55041,55273.11,ONE_POINT,100,100,RANDOM
tournament_2,0.25,0,465,46600,213.94414234161377,55041,55225.45,ONE_POINT,100,100,RANDOM
tournament_2,0.25,0,466,46700,214.38625931739807,54999,55193.85,ONE_POINT,100,100,RANDOM
tournament_2,0.25,0,467,46800,214.83073115348816,54874,55137.37,ONE_POINT,100,100,RANDOM
tournament_2,0.25,0,468,46900,215.29908442497253,54849,55116.07,ONE_POINT,100,100,RANDOM
tournament_2,0.25,0,469,47000,215.75051069259644,54849,55083.39,ONE_POINT,100,100,RANDOM
tournament_2,0.25,0,470,47100,216.19427156448364,54837,55052.23,ONE_POINT,100,100,RANDOM
tournament_2,0.25,0,471,47200,216.6318554878235,54814,55047.34,ONE_POINT,100,100,RANDOM
tournament_2,0.25,0,472,47300,217.12221026420593,54754,54988.69,ONE_POINT,100,100,RANDOM
tournament_2,0.25,0,473,47400,217.5824418067932,54673,54963.57,ONE_POINT,100,100,RANDOM
tournament_2,0.25,0,474,47500,218.06415033340454,54597,54908.37,ONE_POINT,100,100,RANDOM
tournament_2,0.25,0,475,47600,218.55022048950195,54568,54895.71,ONE_POINT,100,100,RANDOM
tournament_2,0.25,0,476,47700,218.99933767318726,54568,54842.07,ONE_POINT,100,100,RANDOM
tournament_2,0.25,0,477,47800,219.44383239746094,54510,54796.14,ONE_POINT,100,100,RANDOM
tournament_2,0.25,0,478,47900,219.89983916282654,54411,54760.53,ONE_POINT,100,100,RANDOM
tournament_2,0.25,0,479,48000,220.33307313919067,54411,54721.46,ONE_POINT,100,100,RANDOM
tournament_2,0.25,0,480,48100,220.77253675460815,54411,54711.92,ONE_POINT,100,100,RANDOM
tournament_2,0.25,0,481,48200,221.20718121528625,54362,54637.92,ONE_POINT,100,100,RANDOM
tournament_2,0.25,0,482,48300,221.65967917442322,54299,54584.57,ONE_POINT,100,100,RANDOM
tournament_2,0.25,0,483,48400,222.10508751869202,54261,54579.77,ONE_POINT,100,100,RANDOM
tournament_2,0.25,0,484,48500,222.53597402572632,54261,54515.67,ONE_POINT,100,100,RANDOM
tournament_2,0.25,0,485,48600,222.97611546516418,54257,54462.28,ONE_POINT,100,100,RANDOM
tournament_2,0.25,0,486,48700,223.42944383621216,54229,54449.42,ONE_POINT,100,100,RANDOM
tournament_2,0.25,0,487,48800,223.88457441329956,54199,54411.25,ONE_POINT,100,100,RANDOM
tournament_2,0.25,0,488,48900,224.32233500480652,54199,54349.16,ONE_POINT,100,100,RANDOM
tournament_2,0.25,0,489,49000,224.77377557754517,54185,54338.04,ONE_POINT,100,100,RANDOM
tournament_2,0.25,0,490,49100,225.23478078842163,54098,54276.98,ONE_POINT,100,100,RANDOM
tournament_2,0.25,0,491,49200,225.68683242797852,54010,54250.73,ONE_POINT,100,100,RANDOM
tournament_2,0.25,0,492,49300,226.15048170089722,54010,54233.94,ONE_POINT,100,100,RANDOM
tournament_2,0.25,0,493,49400,226.59645915031433,54010,54211.75,ONE_POINT,100,100,RANDOM
tournament_2,0.25,0,494,49500,227.059152841568,53991,54184.89,ONE_POINT,100,100,RANDOM
tournament_2,0.25,0,495,49600,227.48155784606934,53991,54173.74,ONE_POINT,100,100,RANDOM
tournament_2,0.25,0,496,49700,227.8910620212555,53928,54157.04,ONE_POINT,100,100,RANDOM
tournament_2,0.25,0,497,49800,228.3317220211029,53928,54105.45,ONE_POINT,100,100,RANDOM
tournament_2,0.25,0,498,49900,228.78053545951843,53928,54110.39,ONE_POINT,100,100,RANDOM
tournament_2,0.25,0,499,50000,229.25076293945312,53901,54057.64,ONE_POINT,100,100,RANDOM
tournament_2,0.25,0,500,50100,229.6806399822235,53882,54019.08,ONE_POINT,100,100,RANDOM
