truncation_60,0.5,0,1,200,0.31296420097351074,134707,144743.98,ONE_POINT,100,100,RANDOM
truncation_60,0.5,0,2,300,0.7690505981445312,127456,141333.67,ONE_POINT,100,100,RANDOM
truncation_60,0.5,0,3,400,1.290846586227417,126924,138927.62,ONE_POINT,100,100,RANDOM
truncation_60,0.5,0,4,500,1.7346127033233643,123486,137334.66,ONE_POINT,100,100,RANDOM
truncation_60,0.5,0,5,600,2.157402992248535,123486,135213.67,ONE_POINT,100,100,RANDOM
truncation_60,0.5,0,6,700,2.598723888397217,123486,134036.31,ONE_POINT,100,100,RANDOM
truncation_60,0.5,0,7,800,3.0356650352478027,123278,132208.03,ONE_POINT,100,100,RANDOM
truncation_60,0.5,0,8,900,3.518096923828125,120377,130514.43,ONE_POINT,100,100,RANDOM
truncation_60,0.5,0,9,1000,3.964860439300537,120377,129388.53,ONE_POINT,100,100,RANDOM
truncation_60,0.5,0,10,1100,4.392862558364868,120377,127835.26,ONE_POINT,100,100,RANDOM
truncation_60,0.5,0,11,1200,4.825199604034424,120377,127174.99,ONE_POINT,100,100,RANDOM
truncation_60,0.5,0,12,1300,5.2616095542907715,120377,126446.96,ONE_POINT,100,100,RANDOM
truncation_60,0.5,0,13,1400,5.705412149429321,120377,125270.15,ONE_POINT,100,100,RANDOM
truncation_60,0.5,0,14,1500,6.150485038757324,117998,124163.58,ONE_POINT,100,100,RANDOM
truncation_60,0.5,0,15,1600,6.610012769699097,117288,122389.08,ONE_POINT,100,100,RANDOM
truncation_60,0.5,0,16,1700,7.041503667831421,115639,121236.06,ONE_POINT,100,100,RANDOM
truncation_60,0.5,0,17,1800,7.491108655929565,115639,120212.7,ONE_POINT,100,100,RANDOM
truncation_60,0.5,0,18,1900,7.9371960163116455,115639,119782.25,ONE_POINT,100,100,RANDOM
truncation_60,0.5,0,19,2000,8.37389850616455,115639,119190.91,ONE_POINT,100,100,RANDOM
truncation_60,0.5,0,20,2100,8.817351818084717,114803,118574.81,ONE_POINT,100,100,RANDOM
truncation_60,0.5,0,21,2200,9.288390159606934,114266,118001.97,ONE_POINT,100,100,RANDOM
truncation_60,0.5,0,22,2300,9.740495443344116,114002,117465.15,ONE_POINT,100,100,RANDOM
truncation_60,0.5,0,23,2400,10.165977954864502,113412,116696.87,ONE_POINT,100,100,RANDOM
truncation_60,0.5,0,24,2500,10.632422685623169,113390,116106.05,ONE_POINT,100,100,RANDOM
truncation_60,0.5,0,25,2600,11.063623905181885,112286,115533.39,ONE_POINT,100,100,RANDOM
truncation_60,0.5,0,26,2700,11.507730960845947,111658,115056.61,ONE_POINT,100,100,RANDOM
truncation_60,0.5,0,27,2800,11.948649406433105,110249,114595.51,ONE_POINT,100,100,RANDOM
truncation_60,0.5,0,28,2900,12.44699764251709,110249,114080.37,ONE_POINT,100,100,RANDOM
truncation_60,0.5,0,29,3000,12.881949663162231,110249,113573.53,ONE_POINT,100,100,RANDOM
truncation_60,0.5,0,30,3100,13.324157953262329,110249,113130.54,ONE_POINT,100,100,RANDOM
truncation_60,0.5,0,31,3200,13.768291473388672,109690,112595.21,ONE_POINT,100,100,RANDOM
truncation_60,0.5,0,32,3300,14.202208995819092,108471,111957.68,ONE_POINT,100,100,RANDOM
truncation_60,0.5,0,33,3400,14.62777590751648,108471,111447.08,ONE_POINT,100,100,RANDOM
truncation_60,0.5,0,34,3500,15.082573175430298,108471,111058.46,ONE_POINT,100,100,RANDOM
truncation_60,0.5,0,35,3600,15.526118278503418,108214,110803.41,ONE_POINT,100,100,RANDOM
truncation_60,0.5,0,36,3700,16.027963876724243,108214,110373.12,ONE_POINT,100,100,RANDOM
truncation_60,0.5,0,37,3800,16.45200490951538,106098,110046.06,ONE_POINT,100,100,RANDOM
truncation_60,0.5,0,38,3900,16.92071843147278,106098,109848.54,ONE_POINT,100,100,RANDOM
truncation_60,0.5,0,39,4000,17.370433807373047,106098,109522.39,ONE_POINT,100,100,RANDOM
truncation_60,0.5,0,40,4100,17.80447244644165,106098,109243.34,ONE_POINT,100,100,RANDOM
truncation_60,0.5,0,41,4200,18.233837127685547,105095,108744.83,ONE_POINT,100,100,RANDOM
truncation_60,0.5,0,42,4300,18.675244092941284,105095,108532.21,ONE_POINT,100,100,RANDOM
truncation_60,0.5,0,43,4400,19.15658402442932,105095,108376.24,ONE_POINT,100,100,RANDOM
truncation_60,0.5,0,44,4500,19.605306386947632,104226,108082.67,ONE_POINT,100,100,RANDOM
truncation_60,0.5,0,45,4600,20.047842741012573,104226,107832.04,ONE_POINT,100,100,RANDOM
truncation_60,0.5,0,46,4700,20.490818738937378,103231,107551.44,ONE_POINT,100,100,RANDOM
truncation_60,0.5,0,47,4800,20.91841220855713,103231,106905.1,ONE_POINT,100,100,RANDOM
truncation_60,0.5,0,48,4900,21.389097213745117,103231,106568.98,ONE_POINT,100,100,RANDOM
truncation_60,0.5,0,49,5000,21.817922592163086,103231,106053.49,ONE_POINT,100,100,RANDOM
truncation_60,0.5,0,50,5100,22.33057475090027,100691,105376.46,ONE_POINT,100,100,RANDOM
truncation_60,0.5,0,51,5200,22.775696992874146,100691,104849.29,ONE_POINT,100,100,RANDOM
truncation_60,0.5,0,52,5300,23.20953679084778,100553,104263.33,ONE_POINT,100,100,RANDOM
truncation_60,0.5,0,53,5400,23.669535636901855,100553,103528.25,ONE_POINT,100,100,RANDOM
truncation_60,0.5,0,54,5500,24.10848069190979,100553,103021.01,ONE_POINT,100,100,RANDOM
truncation_60,0.5,0,55,5600,24.548369646072388,99839,102444.27,ONE_POINT,100,100,RANDOM
truncation_60,0.5,0,56,5700,24.97943878173828,98997,102010.73,ONE_POINT,100,100,RANDOM
truncation_60,0.5,0,57,5800,25.448184967041016,98997,101504.67,ONE_POINT,100,100,RANDOM
truncation_60,0.5,0,58,5900,25.921395301818848,98997,101044.24,ONE_POINT,100,100,RANDOM
truncation_60,0.5,0,59,6000,26.373317003250122,98986,100781.28,ONE_POINT,100,100,RANDOM
truncation_60,0.5,0,60,6100,26.80831813812256,98986,100323.75,ONE_POINT,100,100,RANDOM
truncation_60,0.5,0,61,6200,27.23092007637024,98089,100019.16,ONE_POINT,100,100,RANDOM
truncation_60,0.5,0,62,6300,27.675082683563232,98089,99748.29,ONE_POINT,100,100,RANDOM
truncation_60,0.5,0,63,6400,28.168915033340454,97930,99333.31,ONE_POINT,100,100,RANDOM
truncation_60,0.5,0,64,6500,28.621711015701294,97300,99007.91,ONE_POINT,100,100,RANDOM
truncation_60,0.5,0,65,6600,29.046745777130127,97300,98647.34,ONE_POINT,100,100,RANDOM
truncation_60,0.5,0,66,6700,29.48590874671936,96930,98303.95,ONE_POINT,100,100,RANDOM
truncation_60,0.5,0,67,6800,29.920032024383545,96658,98019.25,ONE_POINT,100,100,RANDOM
truncation_60,0.5,0,68,6900,30.367029428482056,96511,97767.68,ONE_POINT,100,100,RANDOM
truncation_60,0.5,0,69,7000,30.807141304016113,95897,97601.26,ONE_POINT,100,100,RANDOM
truncation_60,0.5,0,70,7100,31.283307313919067,95650,97371.4,ONE_POINT,100,100,RANDOM
truncation_60,0.5,0,71,7200,31.74541187286377,95597,97050.79,ONE_POINT,100,100,RANDOM
truncation_60,0.5,0,72,7300,32.2317328453064,95597,96854.77,ONE_POINT,100,100,RANDOM
truncation_60,0.5,0,73,7400,32.70217847824097,95597,96643.09,ONE_POINT,100,100,RANDOM
truncation_60,0.5,0,74,7500,33.14161658287048,95521,96415.15,ONE_POINT,100,100,RANDOM
truncation_60,0.5,0,75,7600,33.584057092666626,95095,96195.07,ONE_POINT,100,100,RANDOM
truncation_60,0.5,0,76,7700,34.02370834350586,94873,95935.31,ONE_POINT,100,100,RANDOM
truncation_60,0.5,0,77,7800,34.48433232307434,94873,95809.4,ONE_POINT,100,100,RANDOM
truncation_60,0.5,0,78,7900,34.967509269714355,93496,95685.25,ONE_POINT,100,100,RANDOM
truncation_60,0.5,0,79,8000,35.40286326408386,93496,95504.55,ONE_POINT,100,100,RANDOM
truncation_60,0.5,0,80,8100,35.84183645248413,93496,95318.28,ONE_POINT,100,100,RANDOM
truncation_60,0.5,0,81,8200,36.26650333404541,93496,95145.12,ONE_POINT,100,100,RANDOM
truncation_60,0.5,0,82,8300,36.706958055496216,93496,94887.26,ONE_POINT,100,100,RANDOM
truncation_60,0.5,0,83,8400,37.14334797859192,93496,94695.41,ONE_POINT,100,100,RANDOM
truncation_60,0.5,0,84,8500,37.66973423957825,93496,94478.76,ONE_POINT,100,100,RANDOM
truncation_60,0.5,0,85,8600,38.11672019958496,93336,94215.68,ONE_POINT,100,100,RANDOM
truncation_60,0.5,0,86,8700,38.549920320510864,92864,94046.36,ONE_POINT,100,100,RANDOM
truncation_60,0.5,0,87,8800,39.05267930030823,92864,93848.54,ONE_POINT,100,100,RANDOM
truncation_60,0.5,0,88,8900,39.484957695007324,92864,93649.42,ONE_POINT,100,100,RANDOM
truncation_60,0.5,0,89,9000,39.908936500549316,92262,93417.83,ONE_POINT,100,100,RANDOM
truncation_60,0.5,0,90,9100,40.341570138931274,92154,93227.45,ONE_POINT,100,100,RANDOM
truncation_60,0.5,0,91,9200,40.773993492126465,91613,92986.11,ONE_POINT,100,100,RANDOM
truncation_60,0.5,0,92,9300,41.24376344680786,91613,92784.9,ONE_POINT,100,100,RANDOM
truncation_60,0.5,0,93,9400,41.73019099235535,91228,92593.3,ONE_POINT,100,100,RANDOM
truncation_60,0.5,0,94,9500,42.175084352493286,91124,92369.82,ONE_POINT,100,100,RANDOM
truncation_60,0.5,0,95,9600,42.59855675697327,91107,92160.7,ONE_POINT,100,100,RANDOM
truncation_60,0.5,0,96,9700,43.050225496292114,91050,91997.04,ONE_POINT,100,100,RANDOM
truncation_60,0.5,0,97,9800,43.511090993881226,90984,91878.38,ONE_POINT,100,100,RANDOM
truncation_60,0.5,0,98,9900,43.954033851623535,90984,91748.24,ONE_POINT,100,100,RANDOM
truncation_60,0.5,0,99,10000,44.38159966468811,90621,91564.04,ONE_POINT,100,100,RANDOM
truncation_60,0.5,0,100,10100,44.86719012260437,90434,91354.28,ONE_POINT,100,100,RANDOM
truncation_60,0.5,0,101,10200,45.32724857330322,89946,91188.3,ONE_POINT,100,100,RANDOM
truncation_60,0.5,0,102,10300,45.77816820144653,89946,91035.55,ONE_POINT,100,100,RANDOM
truncation_60,0.5,0,103,10400,46.20592761039734,89946,90868.28,ONE_POINT,100,100,RANDOM
truncation_60,0.5,0,104,10500,46.645216941833496,89706,90750.83,ONE_POINT,100,100,RANDOM
truncation_60,0.5,0,105,10600,47.08047318458557,89424,90600.55,ONE_POINT,100,100,RANDOM
truncation_60,0.5,0,106,10700,47.52848744392395,89215,90402.24,ONE_POINT,100,100,RANDOM
truncation_60,0.5,0,107,10800,47.975653648376465,89069,90210.75,ONE_POINT,100,100,RANDOM
truncation_60,0.5,0,108,10900,48.4537353515625,88989,89987.0,ONE_POINT,100,100,RANDOM
truncation_60,0.5,0,109,11000,48.88576912879944,88866,89775.35,ONE_POINT,100,100,RANDOM
truncation_60,0.5,0,110,11100,49.31912422180176,88866,89632.14,ONE_POINT,100,100,RANDOM
truncation_60,0.5,0,111,11200,49.75315976142883,88842,89456.22,ONE_POINT,100,100,RANDOM
truncation_60,0.5,0,112,11300,50.21099281311035,88665,89363.81,ONE_POINT,100,100,RANDOM
truncation_60,0.5,0,113,11400,50.6820228099823,88369,89246.58,ONE_POINT,100,100,RANDOM
truncation_60,0.5,0,114,11500,51.12491273880005,88369,89156.96,ONE_POINT,100,100,RANDOM
truncation_60,0.5,0,115,11600,51.56682372093201,87965,88973.49,ONE_POINT,100,100,RANDOM
truncation_60,0.5,0,116,11700,52.006232500076294,87959,88848.12,ONE_POINT,100,100,RANDOM
truncation_60,0.5,0,117,11800,52.45450019836426,87843,88716.26,ONE_POINT,100,100,RANDOM
truncation_60,0.5,0,118,11900,52.90972447395325,87843,88561.39,ONE_POINT,100,100,RANDOM
truncation_60,0.5,0,119,12000,53.326908349990845,87248,88399.41,ONE_POINT,100,100,RANDOM
truncation_60,0.5,0,120,12100,53.86955952644348,87212,88191.13,ONE_POINT,100,100,RANDOM
truncation_60,0.5,0,121,12200,54.29254722595215,87178,87978.58,ONE_POINT,100,100,RANDOM
truncation_60,0.5,0,122,12300,54.746819734573364,87160,87858.49,ONE_POINT,100,100,RANDOM
truncation_60,0.5,0,123,12400,55.16731142997742,86687,87736.74,ONE_POINT,100,100,RANDOM
truncation_60,0.5,0,124,12500,55.6027193069458,86687,87626.72,ONE_POINT,100,100,RANDOM
truncation_60,0.5,0,125,12600,56.05233430862427,86687,87472.59,ONE_POINT,100,100,RANDOM
truncation_60,0.5,0,126,12700,56.537012338638306,86687,87361.01,ONE_POINT,100,100,RANDOM
truncation_60,0.5,0,127,12800,56.98448348045349,86495,87247.17,ONE_POINT,100,100,RANDOM
truncation_60,0.5,0,128,12900,57.42529225349426,85822,87082.23,ONE_POINT,100,100,RANDOM
truncation_60,0.5,0,129,13000,57.85247802734375,85822,86935.35,ONE_POINT,100,100,RANDOM
truncation_60,0.5,0,130,13100,58.29763460159302,85822,86827.93,ONE_POINT,100,100,RANDOM
truncation_60,0.5,0,131,13200,58.726295471191406,85822,86750.22,ONE_POINT,100,100,RANDOM
truncation_60,0.5,0,132,13300,59.182674169540405,85822,86683.29,ONE_POINT,100,100,RANDOM
truncation_60,0.5,0,133,13400,59.65452003479004,85603,86563.12,ONE_POINT,100,100,RANDOM
truncation_60,0.5,0,134,13500,60.11629366874695,85490,86479.25,ONE_POINT,100,100,RANDOM
truncation_60,0.5,0,135,13600,60.5402295589447,85441,86318.09,ONE_POINT,100,100,RANDOM
truncation_60,0.5,0,136,13700,60.98045992851257,84952,86150.5,ONE_POINT,100,100,RANDOM
truncation_60,0.5,0,137,13800,61.42672824859619,84952,85967.92,ONE_POINT,100,100,RANDOM
truncation_60,0.5,0,138,13900,61.86656641960144,84952,85778.62,ONE_POINT,100,100,RANDOM
truncation_60,0.5,0,139,14000,62.30883002281189,84270,85606.97,ONE_POINT,100,100,RANDOM
truncation_60,0.5,0,140,14100,62.82108116149902,84270,85428.99,ONE_POINT,100,100,RANDOM
truncation_60,0.5,0,141,14200,63.275559425354004,84270,85326.19,ONE_POINT,100,100,RANDOM
truncation_60,0.5,0,142,14300,63.72701048851013,84270,85143.94,ONE_POINT,100,100,RANDOM
truncation_60,0.5,0,143,14400,64.15686225891113,84045,84961.77,ONE_POINT,100,100,RANDOM
truncation_60,0.5,0,144,14500,64.6138653755188,83986,84757.45,ONE_POINT,100,100,RANDOM
truncation_60,0.5,0,145,14600,65.06724858283997,83805,84594.61,ONE_POINT,100,100,RANDOM
truncation_60,0.5,0,146,14700,65.5059163570404,83707,84518.96,ONE_POINT,100,100,RANDOM
truncation_60,0.5,0,147,14800,66.00244474411011,83384,84377.9,ONE_POINT,100,100,RANDOM
truncation_60,0.5,0,148,14900,66.4571623802185,83384,84254.85,ONE_POINT,100,100,RANDOM
truncation_60,0.5,0,149,15000,66.89596438407898,83360,84181.38,ONE_POINT,100,100,RANDOM
truncation_60,0.5,0,150,15100,67.34059762954712,83360,84111.22,ONE_POINT,100,100,RANDOM
truncation_60,0.5,0,151,15200,67.81555938720703,83201,84060.29,ONE_POINT,100,100,RANDOM
truncation_60,0.5,0,152,15300,68.28361558914185,83201,83974.56,ONE_POINT,100,100,RANDOM
truncation_60,0.5,0,153,15400,68.77141070365906,82745,83908.43,ONE_POINT,100,100,RANDOM
truncation_60,0.5,0,154,15500,69.2836081981659,82745,83805.67,ONE_POINT,100,100,RANDOM
truncation_60,0.5,0,155,15600,69.71273946762085,82745,83719.81,ONE_POINT,100,100,RANDOM
truncation_60,0.5,0,156,15700,70.17029285430908,82745,83639.24,ONE_POINT,100,100,RANDOM
truncation_60,0.5,0,157,15800,70.61892461776733,82680,83548.22,ONE_POINT,100,100,RANDOM
truncation_60,0.5,0,158,15900,71.06035327911377,82516,83472.51,ONE_POINT,100,100,RANDOM
truncation_60,0.5,0,159,16000,71.49777841567993,82326,83379.74,ONE_POINT,100,100,RANDOM
truncation_60,0.5,0,160,16100,71.94332075119019,82326,83251.17,ONE_POINT,100,100,RANDOM
truncation_60,0.5,0,161,16200,72.44470262527466,82243,83117.16,ONE_POINT,100,100,RANDOM
truncation_60,0.5,0,162,16300,72.89120173454285,81903,82993.43,ONE_POINT,100,100,RANDOM
truncation_60,0.5,0,163,16400,73.32922101020813,81903,82888.84,ONE_POINT,100,100,RANDOM
truncation_60,0.5,0,164,16500,73.77241015434265,81903,82781.91,ONE_POINT,100,100,RANDOM
truncation_60,0.5,0,165,16600,74.19311118125916,81675,82705.01,ONE_POINT,100,100,RANDOM
truncation_60,0.5,0,166,16700,74.6611750125885,81675,82606.75,ONE_POINT,100,100,RANDOM
truncation_60,0.5,0,167,16800,75.11229181289673,81603,82505.44,ONE_POINT,100,100,RANDOM
truncation_60,0.5,0,168,16900,75.54926300048828,81603,82337.62,ONE_POINT,100,100,RANDOM
truncation_60,0.5,0,169,17000,76.01429200172424,81603,82224.57,ONE_POINT,100,100,RANDOM
truncation_60,0.5,0,170,17100,76.44978213310242,81107,82079.93,ONE_POINT,100,100,RANDOM
truncation_60,0.5,0,171,17200,76.91861915588379,80864,81888.77,ONE_POINT,100,100,RANDOM
truncation_60,0.5,0,172,17300,77.37347102165222,80659,81717.29,ONE_POINT,100,100,RANDOM
truncation_60,0.5,0,173,17400,77.80718350410461,80595,81552.48,ONE_POINT,100,100,RANDOM
truncation_60,0.5,0,174,17500,78.24640560150146,80595,81388.96,ONE_POINT,100,100,RANDOM
truncation_60,0.5,0,175,17600,78.73042941093445,80496,81226.59,ONE_POINT,100,100,RANDOM
truncation_60,0.5,0,176,17700,79.20415043830872,80457,81087.47,ONE_POINT,100,100,RANDOM
truncation_60,0.5,0,177,17800,79.62077498435974,80135,81015.07,ONE_POINT,100,100,RANDOM
truncation_60,0.5,0,178,17900,80.06365656852722,80135,80940.21,ONE_POINT,100,100,RANDOM
truncation_60,0.5,0,179,18000,80.4936170578003,80002,80852.63,ONE_POINT,100,100,RANDOM
truncation_60,0.5,0,180,18100,80.9348955154419,79962,80691.38,ONE_POINT,100,100,RANDOM
truncation_60,0.5,0,181,18200,81.38580703735352,79706,80593.46,ONE_POINT,100,100,RANDOM
truncation_60,0.5,0,182,18300,81.83936309814453,79706,80512.65,ONE_POINT,100,100,RANDOM
truncation_60,0.5,0,183,18400,82.30305075645447,79334,80384.48,ONE_POINT,100,100,RANDOM
truncation_60,0.5,0,184,18500,82.75453543663025,79242,80200.81,ONE_POINT,100,100,RANDOM
truncation_60,0.5,0,185,18600,83.2142767906189,78910,80074.56,ONE_POINT,100,100,RANDOM
truncation_60,0.5,0,186,18700,83.66790294647217,78910,79963.84,ONE_POINT,100,100,RANDOM
truncation_60,0.5,0,187,18800,84.08734798431396,78745,79716.61,ONE_POINT,100,100,RANDOM
truncation_60,0.5,0,188,18900,84.53650188446045,78745,79516.6,ONE_POINT,100,100,RANDOM
truncation_60,0.5,0,189,19000,84.95694637298584,78703,79306.99,ONE_POINT,100,100,RANDOM
truncation_60,0.5,0,190,19100,85.46514391899109,78512,79123.41,ONE_POINT,100,100,RANDOM
truncation_60,0.5,0,191,19200,85.92083859443665,78320,78982.09,ONE_POINT,100,100,RANDOM
truncation_60,0.5,0,192,19300,86.3619532585144,78273,78809.81,ONE_POINT,100,100,RANDOM
truncation_60,0.5,0,193,19400,86.77894997596741,77950,78671.85,ONE_POINT,100,100,RANDOM
truncation_60,0.5,0,194,19500,87.220947265625,77634,78545.76,ONE_POINT,100,100,RANDOM
truncation_60,0.5,0,195,19600,87.75612688064575,77443,78436.12,ONE_POINT,100,100,RANDOM
truncation_60,0.5,0,196,19700,88.19197583198547,77443,78345.67,ONE_POINT,100,100,RANDOM
truncation_60,0.5,0,197,19800,88.62187552452087,77434,78228.66,ONE_POINT,100,100,RANDOM
truncation_60,0.5,0,198,19900,89.06343507766724,77434,78118.94,ONE_POINT,100,100,RANDOM
truncation_60,0.5,0,199,20000,89.53349924087524,77214,77986.32,ONE_POINT,100,100,RANDOM
truncation_60,0.5,0,200,20100,89.99919724464417,77164,77816.9,ONE_POINT,100,100,RANDOM
truncation_60,0.5,0,201,20200,90.43631625175476,77056,77700.09,ONE_POINT,100,100,RANDOM
truncation_60,0.5,0,202,20300,90.92182850837708,76781,77554.66,ONE_POINT,100,100,RANDOM
truncation_60,0.5,0,203,20400,91.3560471534729,76781,77460.74,ONE_POINT,100,100,RANDOM
truncation_60,0.5,0,204,20500,91.84958672523499,76629,77383.63,ONE_POINT,100,100,RANDOM
truncation_60,0.5,0,205,20600,92.31460285186768,76427,77244.67,ONE_POINT,100,100,RANDOM
truncation_60,0.5,0,206,20700,92.75918173789978,76310,77109.11,ONE_POINT,100,100,RANDOM
truncation_60,0.5,0,207,20800,93.18551778793335,76197,76948.52,ONE_POINT,100,100,RANDOM
truncation_60,0.5,0,208,20900,93.64153480529785,76197,76817.5,ONE_POINT,100,100,RANDOM
truncation_60,0.5,0,209,21000,94.11079335212708,75855,76707.38,ONE_POINT,100,100,RANDOM
truncation_60,0.5,0,210,21100,94.56634092330933,75710,76578.59,ONE_POINT,100,100,RANDOM
truncation_60,0.5,0,211,21200,94.9913682937622,75473,76476.92,ONE_POINT,100,100,RANDOM
truncation_60,0.5,0,212,21300,95.43516111373901,75473,76321.29,ONE_POINT,100,100,RANDOM
truncation_60,0.5,0,213,21400,95.88400936126709,75473,76288.54,ONE_POINT,100,100,RANDOM
truncation_60,0.5,0,214,21500,96.31784701347351,75473,76142.4,ONE_POINT,100,100,RANDOM
truncation_60,0.5,0,215,21600,96.76307439804077,74850,76045.93,ONE_POINT,100,100,RANDOM
truncation_60,0.5,0,216,21700,97.24880027770996,74555,75866.51,ONE_POINT,100,100,RANDOM
truncation_60,0.5,0,217,21800,97.68293714523315,74555,75743.21,ONE_POINT,100,100,RANDOM
truncation_60,0.5,0,218,21900,98.13025307655334,74555,75616.15,ONE_POINT,100,100,RANDOM
truncation_60,0.5,0,219,22000,98.55446219444275,74526,75457.17,ONE_POINT,100,100,RANDOM
truncation_60,0.5,0,220,22100,99.0047402381897,74450,75298.53,ONE_POINT,100,100,RANDOM
truncation_60,0.5,0,221,22200,99.44560956954956,74302,75146.85,ONE_POINT,100,100,RANDOM
truncation_60,0.5,0,222,22300,99.89851522445679,74301,74963.64,ONE_POINT,100,100,RANDOM
truncation_60,0.5,0,223,22400,100.3665144443512,74080,74786.11,ONE_POINT,100,100,RANDOM
truncation_60,0.5,0,224,22500,100.8053708076477,73684,74637.43,ONE_POINT,100,100,RANDOM
truncation_60,0.5,0,225,22600,101.24223899841309,73684,74475.22,ONE_POINT,100,100,RANDOM
truncation_60,0.5,0,226,22700,101.68100786209106,73597,74374.05,ONE_POINT,100,100,RANDOM
truncation_60,0.5,0,227,22800,102.12304759025574,73130,74213.63,ONE_POINT,100,100,RANDOM
truncation_60,0.5,0,228,22900,102.56243920326233,72932,74135.49,ONE_POINT,100,100,RANDOM
truncation_60,0.5,0,229,23000,102.9888367652893,72932,73990.53,ONE_POINT,100,100,RANDOM
truncation_60,0.5,0,230,23100,103.49219393730164,72911,73811.58,ONE_POINT,100,100,RANDOM
truncation_60,0.5,0,231,23200,103.91774678230286,72713,73661.17,ONE_POINT,100,100,RANDOM
truncation_60,0.5,0,232,23300,104.36767315864563,72705,73544.2,ONE_POINT,100,100,RANDOM
truncation_60,0.5,0,233,23400,104.80252814292908,72546,73436.48,ONE_POINT,100,100,RANDOM
truncation_60,0.5,0,234,23500,105.24875473976135,72546,73331.45,ONE_POINT,100,100,RANDOM
truncation_60,0.5,0,235,23600,105.68269491195679,72546,73260.5,ONE_POINT,100,100,RANDOM
truncation_60,0.5,0,236,23700,106.15537333488464,72546,73211.65,ONE_POINT,100,100,RANDOM
truncation_60,0.5,0,237,23800,106.61283111572266,72546,73160.35,ONE_POINT,100,100,RANDOM
truncation_60,0.5,0,238,23900,107.05637001991272,72546,73079.93,ONE_POINT,100,100,RANDOM
truncation_60,0.5,0,239,24000,107.49898433685303,72411,72997.22,ONE_POINT,100,100,RANDOM
truncation_60,0.5,0,240,24100,107.95774483680725,72389,72920.1,ONE_POINT,100,100,RANDOM
truncation_60,0.5,0,241,24200,108.39133882522583,72170,72842.17,ONE_POINT,100,100,RANDOM
truncation_60,0.5,0,242,24300,108.82915782928467,72170,72766.28,ONE_POINT,100,100,RANDOM
truncation_60,0.5,0,243,24400,109.2629075050354,72170,72725.43,ONE_POINT,100,100,RANDOM
truncation_60,0.5,0,244,24500,109.74630951881409,72170,72666.67,ONE_POINT,100,100,RANDOM
truncation_60,0.5,0,245,24600,110.18339467048645,72170,72627.18,ONE_POINT,100,100,RANDOM
truncation_60,0.5,0,246,24700,110.70245385169983,72170,72568.47,ONE_POINT,100,100,RANDOM
truncation_60,0.5,0,247,24800,111.12463212013245,72170,72503.42,ONE_POINT,100,100,RANDOM
truncation_60,0.5,0,248,24900,111.56794691085815,71991,72456.81,ONE_POINT,100,100,RANDOM
truncation_60,0.5,0,249,25000,112.01231789588928,71991,72380.58,ONE_POINT,100,100,RANDOM
truncation_60,0.5,0,250,25100,112.5203595161438,71845,72283.22,ONE_POINT,100,100,RANDOM
truncation_60,0.5,0,251,25200,112.97735500335693,71696,72201.17,ONE_POINT,100,100,RANDOM
truncation_60,0.5,0,252,25300,113.45867109298706,71525,72092.49,ONE_POINT,100,100,RANDOM
truncation_60,0.5,0,253,25400,113.880455493927,70940,72008.32,ONE_POINT,100,100,RANDOM
truncation_60,0.5,0,254,25500,114.33775186538696,70885,71957.14,ONE_POINT,100,100,RANDOM
truncation_60,0.5,0,255,25600,114.7639434337616,70885,71909.56,ONE_POINT,100,100,RANDOM
truncation_60,0.5,0,256,25700,115.19341278076172,70885,71838.72,ONE_POINT,100,100,RANDOM
truncation_60,0.5,0,257,25800,115.6172034740448,70885,71733.09,ONE_POINT,100,100,RANDOM
truncation_60,0.5,0,258,25900,116.06936526298523,70463,71651.09,ONE_POINT,100,100,RANDOM
truncation_60,0.5,0,259,26000,116.55420994758606,70463,71538.31,ONE_POINT,100,100,RANDOM
truncation_60,0.5,0,260,26100,117.0060772895813,70463,71419.13,ONE_POINT,100,100,RANDOM
truncation_60,0.5,0,261,26200,117.43630719184875,70463,71361.85,ONE_POINT,100,100,RANDOM
truncation_60,0.5,0,262,26300,117.86846351623535,70463,71289.6,ONE_POINT,100,100,RANDOM
truncation_60,0.5,0,263,26400,118.28864002227783,70393,71251.25,ONE_POINT,100,100,RANDOM
truncation_60,0.5,0,264,26500,118.7754487991333,70393,71176.67,ONE_POINT,100,100,RANDOM
truncation_60,0.5,0,265,26600,119.24611353874207,70344,71011.23,ONE_POINT,100,100,RANDOM
truncation_60,0.5,0,266,26700,119.68352675437927,70314,70840.52,ONE_POINT,100,100,RANDOM
truncation_60,0.5,0,267,26800,120.10323023796082,69965,70698.24,ONE_POINT,100,100,RANDOM
truncation_60,0.5,0,268,26900,120.55681467056274,69965,70615.59,ONE_POINT,100,100,RANDOM
truncation_60,0.5,0,269,27000,121.02437400817871,69917,70506.88,ONE_POINT,100,100,RANDOM
truncation_60,0.5,0,270,27100,121.46149563789368,69899,70475.08,ONE_POINT,100,100,RANDOM
truncation_60,0.5,0,271,27200,121.89589428901672,69897,70416.95,ONE_POINT,100,100,RANDOM
truncation_60,0.5,0,272,27300,122.38411498069763,69880,70357.67,ONE_POINT,100,100,RANDOM
truncation_60,0.5,0,273,27400,122.83232522010803,69445,70303.13,ONE_POINT,100,100,RANDOM
truncation_60,0.5,0,274,27500,123.30440211296082,69445,70279.39,ONE_POINT,100,100,RANDOM
truncation_60,0.5,0,275,27600,123.73978114128113,69293,70227.64,ONE_POINT,100,100,RANDOM
truncation_60,0.5,0,276,27700,124.17915868759155,69293,70170.77,ONE_POINT,100,100,RANDOM
truncation_60,0.5,0,277,27800,124.60950970649719,69293,70084.67,ONE_POINT,100,100,RANDOM
truncation_60,0.5,0,278,27900,125.06579542160034,69293,69986.8,ONE_POINT,100,100,RANDOM
truncation_60,0.5,0,279,28000,125.55468392372131,68955,69897.98,ONE_POINT,100,100,RANDOM
truncation_60,0.5,0,280,28100,125.99305510520935,68955,69819.66,ONE_POINT,100,100,RANDOM
truncation_60,0.5,0,281,28200,126.4269630908966,68865,69717.33,ONE_POINT,100,100,RANDOM
truncation_60,0.5,0,282,28300,126.87375617027283,68865,69635.79,ONE_POINT,100,100,RANDOM
truncation_60,0.5,0,283,28400,127.32107758522034,68785,69555.56,ONE_POINT,100,100,RANDOM
truncation_60,0.5,0,284,28500,127.7712025642395,68443,69430.11,ONE_POINT,100,100,RANDOM
truncation_60,0.5,0,285,28600,128.19771146774292,68443,69296.41,ONE_POINT,100,100,RANDOM
truncation_60,0.5,0,286,28700,128.68962621688843,68265,69226.96,ONE_POINT,100,100,RANDOM
truncation_60,0.5,0,287,28800,129.26254081726074,68265,69107.29,ONE_POINT,100,100,RANDOM
truncation_60,0.5,0,288,28900,129.91644287109375,68234,68982.4,ONE_POINT,100,100,RANDOM
truncation_60,0.5,0,289,29000,130.39955615997314,68093,68854.3,ONE_POINT,100,100,RANDOM
truncation_60,0.5,0,290,29100,130.87538814544678,68093,68760.92,ONE_POINT,100,100,RANDOM
truncation_60,0.5,0,291,29200,131.33669352531433,68093,68676.26,ONE_POINT,100,100,RANDOM
truncation_60,0.5,0,292,29300,131.77223300933838,67855,68567.79,ONE_POINT,100,100,RANDOM
truncation_60,0.5,0,293,29400,132.21783566474915,67855,68489.14,ONE_POINT,100,100,RANDOM
truncation_60,0.5,0,294,29500,132.68838095664978,67697,68429.6,ONE_POINT,100,100,RANDOM
truncation_60,0.5,0,295,29600,133.1199004650116,67697,68337.46,ONE_POINT,100,100,RANDOM
truncation_60,0.5,0,296,29700,133.5777771472931,67634,68243.21,ONE_POINT,100,100,RANDOM
truncation_60,0.5,0,297,29800,134.05303597450256,67423,68152.16,ONE_POINT,100,100,RANDOM
truncation_60,0.5,0,298,29900,134.50622844696045,67210,67989.48,ONE_POINT,100,100,RANDOM
truncation_60,0.5,0,299,30000,134.94799637794495,67077,67812.83,ONE_POINT,100,100,RANDOM
truncation_60,0.5,0,300,30100,135.3824861049652,67023,67661.45,ONE_POINT,100,100,RANDOM
truncation_60,0.5,0,301,30200,135.86171102523804,67023,67579.38,ONE_POINT,100,100,RANDOM
truncation_60,0.5,0,302,30300,136.29775428771973,66919,67516.03,ONE_POINT,100,100,RANDOM
truncation_60,0.5,0,303,30400,136.73825526237488,66919,67444.72,ONE_POINT,100,100,RANDOM
truncation_60,0.5,0,304,30500,137.18431973457336,66919,67376.4,ONE_POINT,100,100,RANDOM
truncation_60,0.5,0,305,30600,137.64516472816467,66764,67325.51,ONE_POINT,100,100,RANDOM
truncation_60,0.5,0,306,30700,138.1033434867859,66764,67291.61,ONE_POINT,100,100,RANDOM
truncation_60,0.5,0,307,30800,138.54438829421997,66739,67213.07,ONE_POINT,100,100,RANDOM
truncation_60,0.5,0,308,30900,139.0462703704834,66739,67140.17,ONE_POINT,100,100,RANDOM
truncation_60,0.5,0,309,31000,139.47578024864197,66598,67079.0,ONE_POINT,100,100,RANDOM
truncation_60,0.5,0,310,31100,139.92654943466187,66598,67004.72,ONE_POINT,100,100,RANDOM
truncation_60,0.5,0,311,31200,140.36411118507385,66569,66939.83,ONE_POINT,100,100,RANDOM
truncation_60,0.5,0,312,31300,140.82210993766785,66459,66883.45,ONE_POINT,100,100,RANDOM
truncation_60,0.5,0,313,31400,141.25681805610657,66459,66828.75,ONE_POINT,100,100,RANDOM
truncation_60,0.5,0,314,31500,141.71493005752563,66191,66778.14,ONE_POINT,100,100,RANDOM
truncation_60,0.5,0,315,31600,142.20062255859375,66191,66732.42,ONE_POINT,100,100,RANDOM
truncation_60,0.5,0,316,31700,142.63562202453613,66191,66680.29,ONE_POINT,100,100,RANDOM
truncation_60,0.5,0,317,31800,143.06897830963135,66191,66619.39,ONE_POINT,100,100,RANDOM
truncation_60,0.5,0,318,31900,143.50384902954102,66191,66559.77,ONE_POINT,100,100,RANDOM
truncation_60,0.5,0,319,32000,143.93178462982178,66050,66503.04,ONE_POINT,100,100,RANDOM
truncation_60,0.5,0,320,32100,144.3787715435028,66050,66452.29,ONE_POINT,100,100,RANDOM
truncation_60,0.5,0,321,32200,144.8084397315979,65248,66385.31,ONE_POINT,100,100,RANDOM
truncation_60,0.5,0,322,32300,145.31290650367737,65248,66327.87,ONE_POINT,100,100,RANDOM
truncation_60,0.5,0,323,32400,145.7427682876587,65248,66239.94,ONE_POINT,100,100,RANDOM
truncation_60,0.5,0,324,32500,146.19755792617798,65248,66162.8,ONE_POINT,100,100,RANDOM
truncation_60,0.5,0,325,32600,146.6299376487732,65248,66100.04,ONE_POINT,100,100,RANDOM
truncation_60,0.5,0,326,32700,147.07040214538574,65248,66010.93,ONE_POINT,100,100,RANDOM
truncation_60,0.5,0,327,32800,147.51495552062988,65248,65941.38,ONE_POINT,100,100,RANDOM
truncation_60,0.5,0,328,32900,147.945814371109,65248,65852.9,ONE_POINT,100,100,RANDOM
truncation_60,0.5,0,329,33000,148.42215585708618,65248,65766.09,ONE_POINT,100,100,RANDOM
truncation_60,0.5,0,330,33100,148.8614318370819,65248,65701.19,ONE_POINT,100,100,RANDOM
truncation_60,0.5,0,331,33200,149.27979588508606,64716,65606.95,ONE_POINT,100,100,RANDOM
truncation_60,0.5,0,332,33300,149.73725509643555,64716,65533.72,ONE_POINT,100,100,RANDOM
truncation_60,0.5,0,333,33400,150.17564463615417,64716,65465.08,ONE_POINT,100,100,RANDOM
truncation_60,0.5,0,334,33500,150.6155436038971,64716,65393.09,ONE_POINT,100,100,RANDOM
truncation_60,0.5,0,335,33600,151.0433268547058,64716,65302.88,ONE_POINT,100,100,RANDOM
truncation_60,0.5,0,336,33700,151.47569227218628,64716,65256.24,ONE_POINT,100,100,RANDOM
truncation_60,0.5,0,337,33800,151.9668459892273,64716,65225.51,ONE_POINT,100,100,RANDOM
truncation_60,0.5,0,338,33900,152.41329765319824,64710,65159.86,ONE_POINT,100,100,RANDOM
truncation_60,0.5,0,339,34000,152.83649063110352,64622,65062.26,ONE_POINT,100,100,RANDOM
truncation_60,0.5,0,340,34100,153.2725281715393,64447,64989.13,ONE_POINT,100,100,RANDOM
truncation_60,0.5,0,341,34200,153.7110288143158,64447,64924.02,ONE_POINT,100,100,RANDOM
truncation_60,0.5,0,342,34300,154.16620755195618,64310,64865.01,ONE_POINT,100,100,RANDOM
truncation_60,0.5,0,343,34400,154.64871501922607,63528,64772.8,ONE_POINT,100,100,RANDOM
truncation_60,0.5,0,344,34500,155.09086537361145,63287,64690.86,ONE_POINT,100,100,RANDOM
truncation_60,0.5,0,345,34600,155.50906109809875,63287,64634.18,ONE_POINT,100,100,RANDOM
truncation_60,0.5,0,346,34700,155.94799947738647,63287,64574.09,ONE_POINT,100,100,RANDOM
truncation_60,0.5,0,347,34800,156.41315293312073,63287,64467.19,ONE_POINT,100,100,RANDOM
truncation_60,0.5,0,348,34900,156.8648509979248,63287,64367.77,ONE_POINT,100,100,RANDOM
truncation_60,0.5,0,349,35000,157.29276585578918,63287,64279.5,ONE_POINT,100,100,RANDOM
truncation_60,0.5,0,350,35100,157.75091290473938,63287,64186.05,ONE_POINT,100,100,RANDOM
truncation_60,0.5,0,351,35200,158.1898593902588,63159,64089.16,ONE_POINT,100,100,RANDOM
truncation_60,0.5,0,352,35300,158.6615288257599,63159,63987.74,ONE_POINT,100,100,RANDOM
truncation_60,0.5,0,353,35400,159.09679794311523,63159,63887.84,ONE_POINT,100,100,RANDOM
truncation_60,0.5,0,354,35500,159.5419681072235,63009,63784.51,ONE_POINT,100,100,RANDOM
truncation_60,0.5,0,355,35600,159.98307418823242,62956,63631.85,ONE_POINT,100,100,RANDOM
truncation_60,0.5,0,356,35700,160.4446222782135,62632,63504.38,ONE_POINT,100,100,RANDOM
truncation_60,0.5,0,357,35800,160.9494903087616,62632,63391.19,ONE_POINT,100,100,RANDOM
truncation_60,0.5,0,358,35900,161.37899804115295,62632,63289.22,ONE_POINT,100,100,RANDOM
truncation_60,0.5,0,359,36000,161.81272077560425,62632,63233.67,ONE_POINT,100,100,RANDOM
truncation_60,0.5,0,360,36100,162.24545073509216,62632,63185.92,ONE_POINT,100,100,RANDOM
truncation_60,0.5,0,361,36200,162.72014117240906,62632,63110.99,ONE_POINT,100,100,RANDOM
truncation_60,0.5,0,362,36300,163.18155169487,62555,63016.48,ONE_POINT,100,100,RANDOM
truncation_60,0.5,0,363,36400,163.5996606349945,62555,62969.59,ONE_POINT,100,100,RANDOM
truncation_60,0.5,0,364,36500,164.02867197990417,62144,62910.1,ONE_POINT,100,100,RANDOM
truncation_60,0.5,0,365,36600,164.46139287948608,62144,62848.95,ONE_POINT,100,100,RANDOM
truncation_60,0.5,0,366,36700,164.89976739883423,62144,62758.05,ONE_POINT,100,100,RANDOM
truncation_60,0.5,0,367,36800,165.36518669128418,62056,62689.12,ONE_POINT,100,100,RANDOM
truncation_60,0.5,0,368,36900,165.8078646659851,62056,62640.24,ONE_POINT,100,100,RANDOM
truncation_60,0.5,0,369,37000,166.2611744403839,61883,62553.15,ONE_POINT,100,100,RANDOM
truncation_60,0.5,0,370,37100,166.691175699234,61883,62447.26,ONE_POINT,100,100,RANDOM
truncation_60,0.5,0,371,37200,167.1430733203888,61869,62343.4,ONE_POINT,100,100,RANDOM
truncation_60,0.5,0,372,37300,167.60117626190186,61790,62266.84,ONE_POINT,100,100,RANDOM
truncation_60,0.5,0,373,37400,168.0411081314087,61585,62213.25,ONE_POINT,100,100,RANDOM
truncation_60,0.5,0,374,37500,168.4902377128601,61585,62136.02,ONE_POINT,100,100,RANDOM
truncation_60,0.5,0,375,37600,168.9232258796692,61585,62060.55,ONE_POINT,100,100,RANDOM
truncation_60,0.5,0,376,37700,169.42201113700867,61585,61980.17,ONE_POINT,100,100,RANDOM
truncation_60,0.5,0,377,37800,169.8678276538849,61263,61898.06,ONE_POINT,100,100,RANDOM
truncation_60,0.5,0,378,37900,170.29965233802795,61263,61806.64,ONE_POINT,100,100,RANDOM
truncation_60,0.5,0,379,38000,170.71920824050903,61120,61734.07,ONE_POINT,100,100,RANDOM
truncation_60,0.5,0,380,38100,171.1763608455658,61120,61695.8,ONE_POINT,100,100,RANDOM
truncation_60,0.5,0,381,38200,171.63190126419067,61119,61637.97,ONE_POINT,100,100,RANDOM
truncation_60,0.5,0,382,38300,172.08469367027283,61069,61555.64,ONE_POINT,100,100,RANDOM
truncation_60,0.5,0,383,38400,172.5440592765808,61069,61473.9,ONE_POINT,100,100,RANDOM
truncation_60,0.5,0,384,38500,173.0033712387085,60890,61409.09,ONE_POINT,100,100,RANDOM
truncation_60,0.5,0,385,38600,173.45942401885986,60890,61358.6,ONE_POINT,100,100,RANDOM
truncation_60,0.5,0,386,38700,173.88411140441895,60715,61295.76,ONE_POINT,100,100,RANDOM
truncation_60,0.5,0,387,38800,174.34154868125916,60715,61237.46,ONE_POINT,100,100,RANDOM
truncation_60,0.5,0,388,38900,174.76206851005554,60518,61157.54,ONE_POINT,100,100,RANDOM
truncation_60,0.5,0,389,39000,175.2018768787384,60518,61033.02,ONE_POINT,100,100,RANDOM
truncation_60,0.5,0,390,39100,175.6482126712799,60518,60931.93,ONE_POINT,100,100,RANDOM
truncation_60,0.5,0,391,39200,176.15854167938232,60244,60819.7,ONE_POINT,100,100,RANDOM
truncation_60,0.5,0,392,39300,176.59029364585876,60244,60763.86,ONE_POINT,100,100,RANDOM
truncation_60,0.5,0,393,39400,177.01715636253357,60244,60713.14,ONE_POINT,100,100,RANDOM
truncation_60,0.5,0,394,39500,177.43738222122192,60161,60675.06,ONE_POINT,100,100,RANDOM
truncation_60,0.5,0,395,39600,177.8728928565979,60085,60617.32,ONE_POINT,100,100,RANDOM
truncation_60,0.5,0,396,39700,178.29639768600464,60085,60562.66,ONE_POINT,100,100,RANDOM
truncation_60,0.5,0,397,39800,178.74564671516418,60085,60509.54,ONE_POINT,100,100,RANDOM
truncation_60,0.5,0,398,39900,179.22010016441345,60054,60441.05,ONE_POINT,100,100,RANDOM
truncation_60,0.5,0,399,40000,179.67903089523315,59996,60370.25,ONE_POINT,100,100,RANDOM
truncation_60,0.5,0,400,40100,180.10274505615234,59983,60314.57,ONE_POINT,100,100,RANDOM
truncation_60,0.5,0,401,40200,180.55968236923218,59898,60264.85,ONE_POINT,100,100,RANDOM
truncation_60,0.5,0,402,40300,181.00520944595337,59695,60199.42,ONE_POINT,100,100,RANDOM
truncation_60,0.5,0,403,40400,181.41907501220703,59643,60154.43,ONE_POINT,100,100,RANDOM
truncation_60,0.5,0,404,40500,181.95196986198425,59643,60099.62,ONE_POINT,100,100,RANDOM
truncation_60,0.5,0,405,40600,182.3755226135254,59624,60048.45,ONE_POINT,100,100,RANDOM
truncation_60,0.5,0,406,40700,182.8112654685974,59624,59966.18,ONE_POINT,100,100,RANDOM
truncation_60,0.5,0,407,40800,183.26415014266968,59540,59905.27,ONE_POINT,100,100,RANDOM
truncation_60,0.5,0,408,40900,183.7010715007782,59540,59854.85,ONE_POINT,100,100,RANDOM
truncation_60,0.5,0,409,41000,184.12482166290283,59306,59781.53,ONE_POINT,100,100,RANDOM
truncation_60,0.5,0,410,41100,184.56483721733093,59076,59736.57,ONE_POINT,100,100,RANDOM
truncation_60,0.5,0,411,41200,185.03485989570618,58979,59696.4,ONE_POINT,100,100,RANDOM
truncation_60,0.5,0,412,41300,185.48365449905396,58979,59630.75,ONE_POINT,100,100,RANDOM
truncation_60,0.5,0,413,41400,185.913818359375,58941,59555.31,ONE_POINT,100,100,RANDOM
truncation_60,0.5,0,414,41500,186.35640215873718,58886,59477.4,ONE_POINT,100,100,RANDOM
truncation_60,0.5,0,415,41600,186.80736994743347,58870,59352.82,ONE_POINT,100,100,RANDOM
truncation_60,0.5,0,416,41700,187.284419298172,58749,59186.79,ONE_POINT,100,100,RANDOM
truncation_60,0.5,0,417,41800,187.7151951789856,58684,59084.21,ONE_POINT,100,100,RANDOM
truncation_60,0.5,0,418,41900,188.2028169631958,58684,58980.3,ONE_POINT,100,100,RANDOM
truncation_60,0.5,0,419,42000,188.6447355747223,58603,58906.27,ONE_POINT,100,100,RANDOM
truncation_60,0.5,0,420,42100,189.09476733207703,58603,58880.54,ONE_POINT,100,100,RANDOM
truncation_60,0.5,0,421,42200,189.5371835231781,58595,58841.64,ONE_POINT,100,100,RANDOM
truncation_60,0.5,0,422,42300,189.98416018486023,58429,58819.77,ONE_POINT,100,100,RANDOM
truncation_60,0.5,0,423,42400,190.49064779281616,58429,58787.94,ONE_POINT,100,100,RANDOM
truncation_60,0.5,0,424,42500,190.9145383834839,58429,58756.44,ONE_POINT,100,100,RANDOM
truncation_60,0.5,0,425,42600,191.36851930618286,58353,58714.3,ONE_POINT,100,100,RANDOM
truncation_60,0.5,0,426,42700,191.8166208267212,58353,58664.93,ONE_POINT,100,100,RANDOM
truncation_60,0.5,0,427,42800,192.27154660224915,58237,58627.56,ONE_POINT,100,100,RANDOM
truncation_60,0.5,0,428,42900,192.7060649394989,58237,58588.45,ONE_POINT,100,100,RANDOM
truncation_60,0.5,0,429,43000,193.13658380508423,58135,58541.64,ONE_POINT,100,100,RANDOM
truncation_60,0.5,0,430,43100,193.62085604667664,58135,58486.15,ONE_POINT,100,100,RANDOM
truncation_60,0.5,0,431,43200,194.07620406150818,58135,58434.95,ONE_POINT,100,100,RANDOM
truncation_60,0.5,0,432,43300,194.509765625,57999,58388.41,ONE_POINT,100,100,RANDOM
truncation_60,0.5,0,433,43400,194.9429714679718,57974,58350.93,ONE_POINT,100,100,RANDOM
truncation_60,0.5,0,434,43500,195.37592840194702,57924,58283.75,ONE_POINT,100,100,RANDOM
truncation_60,0.5,0,435,43600,195.8137104511261,57844,58221.72,ONE_POINT,100,100,RANDOM
truncation_60,0.5,0,436,43700,196.2627091407776,57728,58140.07,ONE_POINT,100,100,RANDOM
truncation_60,0.5,0,437,43800,196.708420753479,57710,58078.28,ONE_POINT,100,100,RANDOM
truncation_60,0.5,0,438,43900,197.12945866584778,57666,58010.95,ONE_POINT,100,100,RANDOM
truncation_60,0.5,0,439,44000,197.64561820030212,57433,57951.37,ONE_POINT,100,100,RANDOM
truncation_60,0.5,0,440,44100,198.07297611236572,57380,57908.32,ONE_POINT,100,100,RANDOM
truncation_60,0.5,0,441,44200,198.5728316307068,57380,57867.07,ONE_POINT,100,100,RANDOM
truncation_60,0.5,0,442,44300,199.00614142417908,57380,57824.13,ONE_POINT,100,100,RANDOM
truncation_60,0.5,0,443,44400,199.4576141834259,57362,57776.18,ONE_POINT,100,100,RANDOM
truncation_60,0.5,0,444,44500,199.90121293067932,57362,57701.8,ONE_POINT,100,100,RANDOM
truncation_60,0.5,0,445,44600,200.32650995254517,57108,57666.36,ONE_POINT,100,100,RANDOM
truncation_60,0.5,0,446,44700,200.83972144126892,57108,57618.01,ONE_POINT,100,100,RANDOM
truncation_60,0.5,0,447,44800,201.2599437236786,57066,57565.43,ONE_POINT,100,100,RANDOM
truncation_60,0.5,0,448,44900,201.71980619430542,56986,57527.27,ONE_POINT,100,100,RANDOM
truncation_60,0.5,0,449,45000,202.14001274108887,56986,57513.87,ONE_POINT,100,100,RANDOM
truncation_60,0.5,0,450,45100,202.58258986473083,56986,57473.38,ONE_POINT,100,100,RANDOM
truncation_60,0.5,0,451,45200,203.04830121994019,56986,57421.32,ONE_POINT,100,100,RANDOM
truncation_60,0.5,0,452,45300,203.52973747253418,56986,57374.16,ONE_POINT,100,100,RANDOM
truncation_60,0.5,0,453,45400,203.95572113990784,56986,57329.67,ONE_POINT,100,100,RANDOM
truncation_60,0.5,0,454,45500,204.38484930992126,56923,57282.05,ONE_POINT,100,100,RANDOM
truncation_60,0.5,0,455,45600,204.82829546928406,56923,57211.25,ONE_POINT,100,100,RANDOM
truncation_60,0.5,0,456,45700,205.27088499069214,56866,57167.98,ONE_POINT,100,100,RANDOM
truncation_60,0.5,0,457,45800,205.7289686203003,56771,57130.47,ONE_POINT,100,100,RANDOM
truncation_60,0.5,0,458,45900,206.16481924057007,56761,57102.06,ONE_POINT,100,100,RANDOM
truncation_60,0.5,0,459,46000,206.66137194633484,56761,57075.57,ONE_POINT,100,100,RANDOM
truncation_60,0.5,0,460,46100,207.15304446220398,56761,57042.22,ONE_POINT,100,100,RANDOM
truncation_60,0.5,0,461,46200,207.5962734222412,56761,57004.39,ONE_POINT,100,100,RANDOM
truncation_60,0.5,0,462,46300,208.0417709350586,56571,56944.43,ONE_POINT,100,100,RANDOM
truncation_60,0.5,0,463,46400,208.4706826210022,56571,56888.12,ONE_POINT,100,100,RANDOM
truncation_60,0.5,0,464,46500,208.94935178756714,56375,56858.86,ONE_POINT,100,100,RANDOM
truncation_60,0.5,0,465,46600,209.38171553611755,56375,56834.46,ONE_POINT,100,100,RANDOM
truncation_60,0.5,0,466,46700,209.83901953697205,56375,56810.99,ONE_POINT,100,100,RANDOM
truncation_60,0.5,0,467,46800,210.2599060535431,56375,56778.74,ONE_POINT,100,100,RANDOM
truncation_60,0.5,0,468,46900,210.7085108757019,56375,56741.39,ONE_POINT,100,100,RANDOM
truncation_60,0.5,0,469,47000,211.13736987113953,56375,56720.33,ONE_POINT,100,100,RANDOM
truncation_60,0.5,0,470,47100,211.58275055885315,56375,56678.15,ONE_POINT,100,100,RANDOM
truncation_60,0.5,0,471,47200,212.02212524414062,56206,56650.43,ONE_POINT,100,100,RANDOM
truncation_60,0.5,0,472,47300,212.5035593509674,56193,56622.98,ONE_POINT,100,100,RANDOM
truncation_60,0.5,0,473,47400,212.9274718761444,56193,56595.47,ONE_POINT,100,100,RANDOM
truncation_60,0.5,0,474,47500,213.3752098083496,56193,56561.12,ONE_POINT,100,100,RANDOM
truncation_60,0.5,0,475,47600,213.80700755119324,56193,56537.79,ONE_POINT,100,100,RANDOM
truncation_60,0.5,0,476,47700,214.24178385734558,56193,56515.06,ONE_POINT,100,100,RANDOM
truncation_60,0.5,0,477,47800,214.67801213264465,56193,56488.62,ONE_POINT,100,100,RANDOM
truncation_60,0.5,0,478,47900,215.158029794693,56190,56458.87,ONE_POINT,100,100,RANDOM
truncation_60,0.5,0,479,48000,215.59917211532593,56134,56427.72,ONE_POINT,100,100,RANDOM
truncation_60,0.5,0,480,48100,216.05938982963562,56134,56409.35,ONE_POINT,100,100,RANDOM
truncation_60,0.5,0,481,48200,216.48610281944275,56134,56382.15,ONE_POINT,100,100,RANDOM
truncation_60,0.5,0,482,48300,216.93264508247375,56037,56354.86,ONE_POINT,100,100,RANDOM
truncation_60,0.5,0,483,48400,217.39451718330383,56020,56311.98,ONE_POINT,100,100,RANDOM
truncation_60,0.5,0,484,48500,217.84562468528748,55968,56263.24,ONE_POINT,100,100,RANDOM
truncation_60,0.5,0,485,48600,218.33227467536926,55897,56223.02,ONE_POINT,100,100,RANDOM
truncation_60,0.5,0,486,48700,218.76878547668457,55897,56194.9,ONE_POINT,100,100,RANDOM
truncation_60,0.5,0,487,48800,219.20393300056458,55897,56160.58,ONE_POINT,100,100,RANDOM
truncation_60,0.5,0,488,48900,219.64268946647644,55866,56120.0,ONE_POINT,100,100,RANDOM
truncation_60,0.5,0,489,49000,220.10716652870178,55791,56074.6,ONE_POINT,100,100,RANDOM
truncation_60,0.5,0,490,49100,220.56155443191528,55791,56042.41,ONE_POINT,100,100,RANDOM
truncation_60,0.5,0,491,49200,221.05503153800964,55684,56013.85,ONE_POINT,100,100,RANDOM
truncation_60,0.5,0,492,49300,221.4762318134308,55623,55978.2,ONE_POINT,100,100,RANDOM
truncation_60,0.5,0,493,49400,221.9315686225891,55623,55950.14,ONE_POINT,100,100,RANDOM
truncation_60,0.5,0,494,49500,222.35005044937134,55623,55914.7,ONE_POINT,100,100,RANDOM
truncation_60,0.5,0,495,49600,222.7930953502655,55566,55893.81,ONE_POINT,100,100,RANDOM
truncation_60,0.5,0,496,49700,223.2255620956421,55566,55865.06,ONE_POINT,100,100,RANDOM
truncation_60,0.5,0,497,49800,223.71688270568848,55566,55839.16,ONE_POINT,100,100,RANDOM
truncation_60,0.5,0,498,49900,224.1472225189209,55566,55820.82,ONE_POINT,100,100,RANDOM
truncation_60,0.5,0,499,50000,224.56819772720337,55470,55790.01,ONE_POINT,100,100,RANDOM
truncation_60,0.5,0,500,50100,225.0215528011322,55361,55751.63,ONE_POINT,100,100,RANDOM
truncation_60,0.5,20,1,200,0.3114316463470459,136512,147255.73,ONE_POINT,100,100,RANDOM
truncation_60,0.5,20,2,300,0.7802910804748535,132327,144639.54,ONE_POINT,100,100,RANDOM
truncation_60,0.5,20,3,400,1.2571191787719727,132327,142389.25,ONE_POINT,100,100,RANDOM
truncation_60,0.5,20,4,500,1.718329906463623,128988,140634.18,ONE_POINT,100,100,RANDOM
truncation_60,0.5,20,5,600,2.214587688446045,127484,138986.16,ONE_POINT,100,100,RANDOM
truncation_60,0.5,20,6,700,2.684948205947876,127025,137111.58,ONE_POINT,100,100,RANDOM
truncation_60,0.5,20,7,800,3.1118171215057373,127025,135414.48,ONE_POINT,100,100,RANDOM
truncation_60,0.5,20,8,900,3.5602169036865234,125298,133396.63,ONE_POINT,100,100,RANDOM
truncation_60,0.5,20,9,1000,3.991995334625244,124089,131917.52,ONE_POINT,100,100,RANDOM
truncation_60,0.5,20,10,1100,4.450148344039917,124089,130588.66,ONE_POINT,100,100,RANDOM
truncation_60,0.5,20,11,1200,4.885448932647705,123651,129303.41,ONE_POINT,100,100,RANDOM
truncation_60,0.5,20,12,1300,5.346898317337036,122823,128356.7,ONE_POINT,100,100,RANDOM
truncation_60,0.5,20,13,1400,5.851787567138672,121994,127271.14,ONE_POINT,100,100,RANDOM
truncation_60,0.5,20,14,1500,6.282164096832275,121360,126597.79,ONE_POINT,100,100,RANDOM
truncation_60,0.5,20,15,1600,6.727635860443115,120992,125977.06,ONE_POINT,100,100,RANDOM
truncation_60,0.5,20,16,1700,7.157620191574097,120683,125199.94,ONE_POINT,100,100,RANDOM
truncation_60,0.5,20,17,1800,7.585019588470459,118835,124405.17,ONE_POINT,100,100,RANDOM
truncation_60,0.5,20,18,1900,8.022467374801636,118835,123521.53,ONE_POINT,100,100,RANDOM
truncation_60,0.5,20,19,2000,8.52146053314209,118211,122860.25,ONE_POINT,100,100,RANDOM
truncation_60,0.5,20,20,2100,8.949718236923218,118211,122163.01,ONE_POINT,100,100,RANDOM
truncation_60,0.5,20,21,2200,9.381929874420166,116461,121333.8,ONE_POINT,100,100,RANDOM
truncation_60,0.5,20,22,2300,9.833255529403687,115374,120593.6,ONE_POINT,100,100,RANDOM
truncation_60,0.5,20,23,2400,10.27171540260315,115374,120000.12,ONE_POINT,100,100,RANDOM
truncation_60,0.5,20,24,2500,10.711475849151611,115374,119066.96,ONE_POINT,100,100,RANDOM
truncation_60,0.5,20,25,2600,11.184073686599731,115374,118540.96,ONE_POINT,100,100,RANDOM
truncation_60,0.5,20,26,2700,11.62972640991211,114884,117567.22,ONE_POINT,100,100,RANDOM
truncation_60,0.5,20,27,2800,12.047942399978638,114192,116848.59,ONE_POINT,100,100,RANDOM
truncation_60,0.5,20,28,2900,12.520892858505249,113699,116457.52,ONE_POINT,100,100,RANDOM
truncation_60,0.5,20,29,3000,12.951700925827026,113699,115968.14,ONE_POINT,100,100,RANDOM
truncation_60,0.5,20,30,3100,13.396376371383667,113257,115464.4,ONE_POINT,100,100,RANDOM
truncation_60,0.5,20,31,3200,13.82854437828064,113193,114988.04,ONE_POINT,100,100,RANDOM
truncation_60,0.5,20,32,3300,14.312957763671875,111055,114504.58,ONE_POINT,100,100,RANDOM
truncation_60,0.5,20,33,3400,14.758939504623413,111055,113935.21,ONE_POINT,100,100,RANDOM
truncation_60,0.5,20,34,3500,15.199482679367065,111055,113472.85,ONE_POINT,100,100,RANDOM
truncation_60,0.5,20,35,3600,15.634026765823364,110751,112865.15,ONE_POINT,100,100,RANDOM
truncation_60,0.5,20,36,3700,16.059799671173096,110040,112283.29,ONE_POINT,100,100,RANDOM
truncation_60,0.5,20,37,3800,16.492127180099487,109675,111725.22,ONE_POINT,100,100,RANDOM
truncation_60,0.5,20,38,3900,16.987738609313965,109263,111177.62,ONE_POINT,100,100,RANDOM
truncation_60,0.5,20,39,4000,17.417972087860107,108697,110673.45,ONE_POINT,100,100,RANDOM
truncation_60,0.5,20,40,4100,17.848633289337158,107888,110088.64,ONE_POINT,100,100,RANDOM
truncation_60,0.5,20,41,4200,18.279327154159546,107762,109665.21,ONE_POINT,100,100,RANDOM
truncation_60,0.5,20,42,4300,18.703357696533203,106948,109340.72,ONE_POINT,100,100,RANDOM
truncation_60,0.5,20,43,4400,19.172537565231323,106948,108991.63,ONE_POINT,100,100,RANDOM
truncation_60,0.5,20,44,4500,19.592567443847656,106396,108674.67,ONE_POINT,100,100,RANDOM
truncation_60,0.5,20,45,4600,20.069902181625366,105943,108399.01,ONE_POINT,100,100,RANDOM
truncation_60,0.5,20,46,4700,20.488866567611694,105943,108063.27,ONE_POINT,100,100,RANDOM
truncation_60,0.5,20,47,4800,20.94538640975952,105470,107717.47,ONE_POINT,100,100,RANDOM
truncation_60,0.5,20,48,4900,21.418282985687256,105470,107302.68,ONE_POINT,100,100,RANDOM
truncation_60,0.5,20,49,5000,21.854721069335938,104817,106865.7,ONE_POINT,100,100,RANDOM
truncation_60,0.5,20,50,5100,22.270461082458496,104817,106538.31,ONE_POINT,100,100,RANDOM
truncation_60,0.5,20,51,5200,22.738435745239258,103621,106263.64,ONE_POINT,100,100,RANDOM
truncation_60,0.5,20,52,5300,23.207958698272705,103621,105828.0,ONE_POINT,100,100,RANDOM
truncation_60,0.5,20,53,5400,23.656900644302368,103621,105465.3,ONE_POINT,100,100,RANDOM
truncation_60,0.5,20,54,5500,24.101003646850586,103173,105047.42,ONE_POINT,100,100,RANDOM
truncation_60,0.5,20,55,5600,24.537327766418457,103173,104698.02,ONE_POINT,100,100,RANDOM
truncation_60,0.5,20,56,5700,24.972299575805664,103128,104327.33,ONE_POINT,100,100,RANDOM
truncation_60,0.5,20,57,5800,25.48524236679077,102688,103994.69,ONE_POINT,100,100,RANDOM
truncation_60,0.5,20,58,5900,25.92820715904236,101748,103676.73,ONE_POINT,100,100,RANDOM
truncation_60,0.5,20,59,6000,26.35657787322998,101668,103347.46,ONE_POINT,100,100,RANDOM
truncation_60,0.5,20,60,6100,26.792794704437256,101495,103026.43,ONE_POINT,100,100,RANDOM
truncation_60,0.5,20,61,6200,27.224825143814087,101447,102801.66,ONE_POINT,100,100,RANDOM
truncation_60,0.5,20,62,6300,27.672130823135376,101447,102605.89,ONE_POINT,100,100,RANDOM
truncation_60,0.5,20,63,6400,28.09706950187683,101025,102503.76,ONE_POINT,100,100,RANDOM
truncation_60,0.5,20,64,6500,28.593894481658936,100857,102273.43,ONE_POINT,100,100,RANDOM
truncation_60,0.5,20,65,6600,29.015832901000977,100599,102112.08,ONE_POINT,100,100,RANDOM
truncation_60,0.5,20,66,6700,29.523839235305786,100599,101922.3,ONE_POINT,100,100,RANDOM
truncation_60,0.5,20,67,6800,29.96570372581482,100493,101685.14,ONE_POINT,100,100,RANDOM
truncation_60,0.5,20,68,6900,30.40174126625061,100382,101494.05,ONE_POINT,100,100,RANDOM
truncation_60,0.5,20,69,7000,30.84187340736389,100350,101268.27,ONE_POINT,100,100,RANDOM
truncation_60,0.5,20,70,7100,31.32962679862976,100106,101134.37,ONE_POINT,100,100,RANDOM
truncation_60,0.5,20,71,7200,31.79112410545349,99710,101002.7,ONE_POINT,100,100,RANDOM
truncation_60,0.5,20,72,7300,32.24456238746643,99710,100769.67,ONE_POINT,100,100,RANDOM
truncation_60,0.5,20,73,7400,32.6707808971405,99396,100625.6,ONE_POINT,100,100,RANDOM
truncation_60,0.5,20,74,7500,33.108654737472534,99396,100493.06,ONE_POINT,100,100,RANDOM
truncation_60,0.5,20,75,7600,33.55511546134949,99146,100378.7,ONE_POINT,100,100,RANDOM
truncation_60,0.5,20,76,7700,33.98996424674988,98861,100212.08,ONE_POINT,100,100,RANDOM
truncation_60,0.5,20,77,7800,34.489649295806885,97896,100014.49,ONE_POINT,100,100,RANDOM
truncation_60,0.5,20,78,7900,34.91990113258362,97896,99768.61,ONE_POINT,100,100,RANDOM
truncation_60,0.5,20,79,8000,35.356722593307495,97896,99566.19,ONE_POINT,100,100,RANDOM
truncation_60,0.5,20,80,8100,35.78974914550781,97774,99266.89,ONE_POINT,100,100,RANDOM
truncation_60,0.5,20,81,8200,36.238601207733154,97690,99039.17,ONE_POINT,100,100,RANDOM
truncation_60,0.5,20,82,8300,36.68327522277832,97106,98823.92,ONE_POINT,100,100,RANDOM
truncation_60,0.5,20,83,8400,37.12571716308594,97043,98653.2,ONE_POINT,100,100,RANDOM
truncation_60,0.5,20,84,8500,37.600754261016846,96539,98318.23,ONE_POINT,100,100,RANDOM
truncation_60,0.5,20,85,8600,38.05694055557251,96539,98012.52,ONE_POINT,100,100,RANDOM
truncation_60,0.5,20,86,8700,38.498090505599976,96288,97734.64,ONE_POINT,100,100,RANDOM
truncation_60,0.5,20,87,8800,38.97034740447998,95600,97611.49,ONE_POINT,100,100,RANDOM
truncation_60,0.5,20,88,8900,39.38381218910217,95600,97498.16,ONE_POINT,100,100,RANDOM
truncation_60,0.5,20,89,9000,39.83985996246338,95600,97241.55,ONE_POINT,100,100,RANDOM
truncation_60,0.5,20,90,9100,40.330074310302734,95600,96973.56,ONE_POINT,100,100,RANDOM
truncation_60,0.5,20,91,9200,40.76879620552063,95600,96731.44,ONE_POINT,100,100,RANDOM
truncation_60,0.5,20,92,9300,41.209001541137695,95517,96527.21,ONE_POINT,100,100,RANDOM
truncation_60,0.5,20,93,9400,41.644469261169434,95444,96377.2,ONE_POINT,100,100,RANDOM
truncation_60,0.5,20,94,9500,42.08812165260315,95018,96197.27,ONE_POINT,100,100,RANDOM
truncation_60,0.5,20,95,9600,42.55684041976929,95018,96089.54,ONE_POINT,100,100,RANDOM
truncation_60,0.5,20,96,9700,42.984856843948364,94959,95875.84,ONE_POINT,100,100,RANDOM
truncation_60,0.5,20,97,9800,43.49170660972595,94900,95765.51,ONE_POINT,100,100,RANDOM
truncation_60,0.5,20,98,9900,43.92754507064819,94365,95575.81,ONE_POINT,100,100,RANDOM
truncation_60,0.5,20,99,10000,44.376163482666016,94365,95387.36,ONE_POINT,100,100,RANDOM
truncation_60,0.5,20,100,10100,44.79304790496826,94365,95175.27,ONE_POINT,100,100,RANDOM
truncation_60,0.5,20,101,10200,45.23919343948364,94161,95083.09,ONE_POINT,100,100,RANDOM
truncation_60,0.5,20,102,10300,45.69328451156616,93701,94937.71,ONE_POINT,100,100,RANDOM
truncation_60,0.5,20,103,10400,46.14180374145508,93701,94844.85,ONE_POINT,100,100,RANDOM
truncation_60,0.5,20,104,10500,46.618138790130615,93701,94796.29,ONE_POINT,100,100,RANDOM
truncation_60,0.5,20,105,10600,47.04761362075806,93701,94673.78,ONE_POINT,100,100,RANDOM
truncation_60,0.5,20,106,10700,47.47294497489929,93701,94559.38,ONE_POINT,100,100,RANDOM
truncation_60,0.5,20,107,10800,47.92442989349365,93501,94407.13,ONE_POINT,100,100,RANDOM
truncation_60,0.5,20,108,10900,48.36555624008179,93334,94282.5,ONE_POINT,100,100,RANDOM
truncation_60,0.5,20,109,11000,48.80965781211853,93334,94198.86,ONE_POINT,100,100,RANDOM
truncation_60,0.5,20,110,11100,49.2831552028656,92936,94035.24,ONE_POINT,100,100,RANDOM
truncation_60,0.5,20,111,11200,49.71718764305115,92936,93900.46,ONE_POINT,100,100,RANDOM
truncation_60,0.5,20,112,11300,50.180201053619385,92675,93734.55,ONE_POINT,100,100,RANDOM
truncation_60,0.5,20,113,11400,50.62442135810852,91421,93513.31,ONE_POINT,100,100,RANDOM
truncation_60,0.5,20,114,11500,51.054272174835205,91048,93218.36,ONE_POINT,100,100,RANDOM
truncation_60,0.5,20,115,11600,51.48233127593994,90637,92904.68,ONE_POINT,100,100,RANDOM
truncation_60,0.5,20,116,11700,51.9623486995697,90637,92693.52,ONE_POINT,100,100,RANDOM
truncation_60,0.5,20,117,11800,52.41526699066162,90637,92526.4,ONE_POINT,100,100,RANDOM
truncation_60,0.5,20,118,11900,52.87563228607178,90637,92281.26,ONE_POINT,100,100,RANDOM
truncation_60,0.5,20,119,12000,53.3165442943573,90343,92060.05,ONE_POINT,100,100,RANDOM
truncation_60,0.5,20,120,12100,53.75006151199341,90343,91827.93,ONE_POINT,100,100,RANDOM
truncation_60,0.5,20,121,12200,54.20417499542236,90343,91576.43,ONE_POINT,100,100,RANDOM
truncation_60,0.5,20,122,12300,54.64904546737671,90077,91319.3,ONE_POINT,100,100,RANDOM
truncation_60,0.5,20,123,12400,55.09409713745117,89629,91151.86,ONE_POINT,100,100,RANDOM
truncation_60,0.5,20,124,12500,55.581148862838745,89500,90929.8,ONE_POINT,100,100,RANDOM
truncation_60,0.5,20,125,12600,56.02502369880676,89500,90770.17,ONE_POINT,100,100,RANDOM
truncation_60,0.5,20,126,12700,56.47993850708008,89500,90617.43,ONE_POINT,100,100,RANDOM
truncation_60,0.5,20,127,12800,56.918379068374634,89500,90469.1,ONE_POINT,100,100,RANDOM
truncation_60,0.5,20,128,12900,57.34604525566101,89500,90325.72,ONE_POINT,100,100,RANDOM
truncation_60,0.5,20,129,13000,57.79679584503174,89500,90185.09,ONE_POINT,100,100,RANDOM
truncation_60,0.5,20,130,13100,58.2469425201416,89286,90089.38,ONE_POINT,100,100,RANDOM
truncation_60,0.5,20,131,13200,58.73087120056152,89286,89976.29,ONE_POINT,100,100,RANDOM
truncation_60,0.5,20,132,13300,59.16066002845764,89209,89836.51,ONE_POINT,100,100,RANDOM
truncation_60,0.5,20,133,13400,59.607370376586914,88929,89732.05,ONE_POINT,100,100,RANDOM
truncation_60,0.5,20,134,13500,60.036543130874634,88648,89562.94,ONE_POINT,100,100,RANDOM
truncation_60,0.5,20,135,13600,60.479212522506714,88648,89436.86,ONE_POINT,100,100,RANDOM
truncation_60,0.5,20,136,13700,60.936318159103394,88022,89333.93,ONE_POINT,100,100,RANDOM
truncation_60,0.5,20,137,13800,61.4126501083374,87938,89241.16,ONE_POINT,100,100,RANDOM
truncation_60,0.5,20,138,13900,61.8480441570282,87938,89061.25,ONE_POINT,100,100,RANDOM
truncation_60,0.5,20,139,14000,62.27566170692444,87938,88970.76,ONE_POINT,100,100,RANDOM
truncation_60,0.5,20,140,14100,62.70535683631897,87741,88862.51,ONE_POINT,100,100,RANDOM
truncation_60,0.5,20,141,14200,63.18380856513977,87591,88709.32,ONE_POINT,100,100,RANDOM
truncation_60,0.5,20,142,14300,63.62764024734497,87591,88598.22,ONE_POINT,100,100,RANDOM
truncation_60,0.5,20,143,14400,64.10361409187317,87591,88506.91,ONE_POINT,100,100,RANDOM
truncation_60,0.5,20,144,14500,64.5224199295044,87412,88345.87,ONE_POINT,100,100,RANDOM
truncation_60,0.5,20,145,14600,64.96721506118774,87061,88225.71,ONE_POINT,100,100,RANDOM
truncation_60,0.5,20,146,14700,65.41952061653137,86465,88011.17,ONE_POINT,100,100,RANDOM
truncation_60,0.5,20,147,14800,65.86322832107544,86465,87826.13,ONE_POINT,100,100,RANDOM
truncation_60,0.5,20,148,14900,66.29279732704163,86465,87686.97,ONE_POINT,100,100,RANDOM
truncation_60,0.5,20,149,15000,66.76856994628906,86465,87522.73,ONE_POINT,100,100,RANDOM
truncation_60,0.5,20,150,15100,67.20951652526855,86465,87359.56,ONE_POINT,100,100,RANDOM
truncation_60,0.5,20,151,15200,67.67661356925964,85720,87145.18,ONE_POINT,100,100,RANDOM
truncation_60,0.5,20,152,15300,68.10529685020447,85720,86942.51,ONE_POINT,100,100,RANDOM
truncation_60,0.5,20,153,15400,68.55570960044861,85258,86687.55,ONE_POINT,100,100,RANDOM
truncation_60,0.5,20,154,15500,68.98590588569641,84769,86550.59,ONE_POINT,100,100,RANDOM
truncation_60,0.5,20,155,15600,69.4530029296875,84611,86311.78,ONE_POINT,100,100,RANDOM
truncation_60,0.5,20,156,15700,69.93392038345337,84611,86130.29,ONE_POINT,100,100,RANDOM
truncation_60,0.5,20,157,15800,70.39572596549988,84611,85844.63,ONE_POINT,100,100,RANDOM
truncation_60,0.5,20,158,15900,70.81775903701782,84330,85624.05,ONE_POINT,100,100,RANDOM
truncation_60,0.5,20,159,16000,71.24537301063538,84330,85252.17,ONE_POINT,100,100,RANDOM
truncation_60,0.5,20,160,16100,71.67187166213989,83977,84884.74,ONE_POINT,100,100,RANDOM
truncation_60,0.5,20,161,16200,72.12134861946106,83600,84603.71,ONE_POINT,100,100,RANDOM
truncation_60,0.5,20,162,16300,72.60299324989319,83600,84379.91,ONE_POINT,100,100,RANDOM
truncation_60,0.5,20,163,16400,73.058114528656,83518,84232.5,ONE_POINT,100,100,RANDOM
truncation_60,0.5,20,164,16500,73.4985146522522,82940,84125.17,ONE_POINT,100,100,RANDOM
truncation_60,0.5,20,165,16600,73.94671750068665,82800,83948.01,ONE_POINT,100,100,RANDOM
truncation_60,0.5,20,166,16700,74.37971830368042,82800,83845.75,ONE_POINT,100,100,RANDOM
truncation_60,0.5,20,167,16800,74.81943869590759,82535,83640.0,ONE_POINT,100,100,RANDOM
truncation_60,0.5,20,168,16900,75.25089859962463,82535,83505.54,ONE_POINT,100,100,RANDOM
truncation_60,0.5,20,169,17000,75.75965595245361,82446,83291.89,ONE_POINT,100,100,RANDOM
truncation_60,0.5,20,170,17100,76.18067717552185,82336,83098.19,ONE_POINT,100,100,RANDOM
truncation_60,0.5,20,171,17200,76.63501238822937,82336,82970.4,ONE_POINT,100,100,RANDOM
truncation_60,0.5,20,172,17300,77.05950736999512,82100,82861.0,ONE_POINT,100,100,RANDOM
truncation_60,0.5,20,173,17400,77.50339579582214,82092,82792.12,ONE_POINT,100,100,RANDOM
truncation_60,0.5,20,174,17500,77.99131631851196,81674,82723.15,ONE_POINT,100,100,RANDOM
truncation_60,0.5,20,175,17600,78.42053365707397,81674,82526.14,ONE_POINT,100,100,RANDOM
truncation_60,0.5,20,176,17700,78.90284943580627,81506,82363.62,ONE_POINT,100,100,RANDOM
truncation_60,0.5,20,177,17800,79.33789086341858,81506,82170.72,ONE_POINT,100,100,RANDOM
truncation_60,0.5,20,178,17900,79.78967595100403,81183,81998.94,ONE_POINT,100,100,RANDOM
truncation_60,0.5,20,179,18000,80.21183776855469,80501,81879.78,ONE_POINT,100,100,RANDOM
truncation_60,0.5,20,180,18100,80.64920735359192,80501,81735.11,ONE_POINT,100,100,RANDOM
truncation_60,0.5,20,181,18200,81.12634992599487,80430,81576.89,ONE_POINT,100,100,RANDOM
truncation_60,0.5,20,182,18300,81.60469245910645,80430,81445.61,ONE_POINT,100,100,RANDOM
truncation_60,0.5,20,183,18400,82.04040360450745,80429,81297.75,ONE_POINT,100,100,RANDOM
truncation_60,0.5,20,184,18500,82.5112612247467,80174,81172.76,ONE_POINT,100,100,RANDOM
truncation_60,0.5,20,185,18600,82.99515151977539,80174,81042.77,ONE_POINT,100,100,RANDOM
truncation_60,0.5,20,186,18700,83.4226655960083,79968,80974.6,ONE_POINT,100,100,RANDOM
truncation_60,0.5,20,187,18800,83.85722541809082,79836,80902.0,ONE_POINT,100,100,RANDOM
truncation_60,0.5,20,188,18900,84.29316210746765,79836,80831.61,ONE_POINT,100,100,RANDOM
truncation_60,0.5,20,189,19000,84.80119395256042,79836,80711.03,ONE_POINT,100,100,RANDOM
truncation_60,0.5,20,190,19100,85.23380637168884,79329,80552.31,ONE_POINT,100,100,RANDOM
truncation_60,0.5,20,191,19200,85.66587233543396,79329,80435.11,ONE_POINT,100,100,RANDOM
truncation_60,0.5,20,192,19300,86.11161994934082,79329,80282.21,ONE_POINT,100,100,RANDOM
truncation_60,0.5,20,193,19400,86.55543065071106,79309,80129.58,ONE_POINT,100,100,RANDOM
truncation_60,0.5,20,194,19500,86.982497215271,79304,80028.38,ONE_POINT,100,100,RANDOM
truncation_60,0.5,20,195,19600,87.45368814468384,78942,79891.11,ONE_POINT,100,100,RANDOM
truncation_60,0.5,20,196,19700,87.88864493370056,78711,79733.51,ONE_POINT,100,100,RANDOM
truncation_60,0.5,20,197,19800,88.34041237831116,78711,79646.69,ONE_POINT,100,100,RANDOM
truncation_60,0.5,20,198,19900,88.76011371612549,77900,79496.23,ONE_POINT,100,100,RANDOM
truncation_60,0.5,20,199,20000,89.2070107460022,77900,79446.68,ONE_POINT,100,100,RANDOM
truncation_60,0.5,20,200,20100,89.63947057723999,77900,79347.42,ONE_POINT,100,100,RANDOM
truncation_60,0.5,20,201,20200,90.1520676612854,77900,79250.26,ONE_POINT,100,100,RANDOM
truncation_60,0.5,20,202,20300,90.58569574356079,77849,79156.59,ONE_POINT,100,100,RANDOM
truncation_60,0.5,20,203,20400,91.01531600952148,77482,78932.34,ONE_POINT,100,100,RANDOM
truncation_60,0.5,20,204,20500,91.43299555778503,76621,78686.46,ONE_POINT,100,100,RANDOM
truncation_60,0.5,20,205,20600,91.91673302650452,76621,78389.96,ONE_POINT,100,100,RANDOM
truncation_60,0.5,20,206,20700,92.36469197273254,76621,78036.53,ONE_POINT,100,100,RANDOM
truncation_60,0.5,20,207,20800,92.86090517044067,76261,77731.91,ONE_POINT,100,100,RANDOM
truncation_60,0.5,20,208,20900,93.29508423805237,76199,77486.06,ONE_POINT,100,100,RANDOM
truncation_60,0.5,20,209,21000,93.73004937171936,76158,77275.23,ONE_POINT,100,100,RANDOM
truncation_60,0.5,20,210,21100,94.17865180969238,76158,77084.95,ONE_POINT,100,100,RANDOM
truncation_60,0.5,20,211,21200,94.62680721282959,76145,76910.45,ONE_POINT,100,100,RANDOM
truncation_60,0.5,20,212,21300,95.06366848945618,76091,76770.05,ONE_POINT,100,100,RANDOM
truncation_60,0.5,20,213,21400,95.55174922943115,75934,76645.77,ONE_POINT,100,100,RANDOM
truncation_60,0.5,20,214,21500,95.97277808189392,75740,76463.5,ONE_POINT,100,100,RANDOM
truncation_60,0.5,20,215,21600,96.42626214027405,74924,76285.29,ONE_POINT,100,100,RANDOM
truncation_60,0.5,20,216,21700,96.86939406394958,74924,76178.58,ONE_POINT,100,100,RANDOM
truncation_60,0.5,20,217,21800,97.3105571269989,74802,76046.98,ONE_POINT,100,100,RANDOM
truncation_60,0.5,20,218,21900,97.73969507217407,74802,75936.96,ONE_POINT,100,100,RANDOM
truncation_60,0.5,20,219,22000,98.17838954925537,74802,75861.23,ONE_POINT,100,100,RANDOM
truncation_60,0.5,20,220,22100,98.66586899757385,74802,75688.01,ONE_POINT,100,100,RANDOM
truncation_60,0.5,20,221,22200,99.14300632476807,74335,75590.77,ONE_POINT,100,100,RANDOM
truncation_60,0.5,20,222,22300,99.57625722885132,74335,75497.49,ONE_POINT,100,100,RANDOM
truncation_60,0.5,20,223,22400,100.00604438781738,74335,75359.32,ONE_POINT,100,100,RANDOM
truncation_60,0.5,20,224,22500,100.44791293144226,74335,75244.93,ONE_POINT,100,100,RANDOM
truncation_60,0.5,20,225,22600,100.91216325759888,74287,75116.82,ONE_POINT,100,100,RANDOM
truncation_60,0.5,20,226,22700,101.39341974258423,73840,74937.14,ONE_POINT,100,100,RANDOM
truncation_60,0.5,20,227,22800,101.82991290092468,73840,74790.63,ONE_POINT,100,100,RANDOM
truncation_60,0.5,20,228,22900,102.26420092582703,73840,74697.38,ONE_POINT,100,100,RANDOM
truncation_60,0.5,20,229,23000,102.69304370880127,73504,74606.01,ONE_POINT,100,100,RANDOM
truncation_60,0.5,20,230,23100,103.15875697135925,73504,74490.5,ONE_POINT,100,100,RANDOM
truncation_60,0.5,20,231,23200,103.58546781539917,73504,74376.88,ONE_POINT,100,100,RANDOM
truncation_60,0.5,20,232,23300,104.0358726978302,73504,74292.67,ONE_POINT,100,100,RANDOM
truncation_60,0.5,20,233,23400,104.47379088401794,73504,74135.68,ONE_POINT,100,100,RANDOM
truncation_60,0.5,20,234,23500,104.91606092453003,73504,74017.32,ONE_POINT,100,100,RANDOM
truncation_60,0.5,20,235,23600,105.35521793365479,73266,73888.41,ONE_POINT,100,100,RANDOM
truncation_60,0.5,20,236,23700,105.80568218231201,73266,73774.37,ONE_POINT,100,100,RANDOM
truncation_60,0.5,20,237,23800,106.22904515266418,73266,73693.85,ONE_POINT,100,100,RANDOM
truncation_60,0.5,20,238,23900,106.66178631782532,73095,73607.31,ONE_POINT,100,100,RANDOM
truncation_60,0.5,20,239,24000,107.1486599445343,73030,73539.49,ONE_POINT,100,100,RANDOM
truncation_60,0.5,20,240,24100,107.59771800041199,72665,73478.41,ONE_POINT,100,100,RANDOM
truncation_60,0.5,20,241,24200,108.02251052856445,72650,73404.22,ONE_POINT,100,100,RANDOM
truncation_60,0.5,20,242,24300,108.44706201553345,72635,73300.0,ONE_POINT,100,100,RANDOM
truncation_60,0.5,20,243,24400,108.88914179801941,72371,73231.66,ONE_POINT,100,100,RANDOM
truncation_60,0.5,20,244,24500,109.3484046459198,72371,73147.51,ONE_POINT,100,100,RANDOM
truncation_60,0.5,20,245,24600,109.83622908592224,72371,73066.55,ONE_POINT,100,100,RANDOM
truncation_60,0.5,20,246,24700,110.26828193664551,72259,72962.54,ONE_POINT,100,100,RANDOM
truncation_60,0.5,20,247,24800,110.69536828994751,71839,72848.18,ONE_POINT,100,100,RANDOM
truncation_60,0.5,20,248,24900,111.13354921340942,71839,72745.81,ONE_POINT,100,100,RANDOM
truncation_60,0.5,20,249,25000,111.58514618873596,71839,72630.22,ONE_POINT,100,100,RANDOM
truncation_60,0.5,20,250,25100,112.0563452243805,71807,72516.67,ONE_POINT,100,100,RANDOM
truncation_60,0.5,20,251,25200,112.49443578720093,71807,72440.82,ONE_POINT,100,100,RANDOM
truncation_60,0.5,20,252,25300,112.96973586082458,71712,72331.03,ONE_POINT,100,100,RANDOM
truncation_60,0.5,20,253,25400,113.42186403274536,71610,72208.65,ONE_POINT,100,100,RANDOM
truncation_60,0.5,20,254,25500,113.85072922706604,71610,72156.01,ONE_POINT,100,100,RANDOM
truncation_60,0.5,20,255,25600,114.29108095169067,71556,72079.52,ONE_POINT,100,100,RANDOM
truncation_60,0.5,20,256,25700,114.72297072410583,71509,72038.99,ONE_POINT,100,100,RANDOM
truncation_60,0.5,20,257,25800,115.2163655757904,71096,71992.07,ONE_POINT,100,100,RANDOM
truncation_60,0.5,20,258,25900,115.66325306892395,71096,71945.64,ONE_POINT,100,100,RANDOM
truncation_60,0.5,20,259,26000,116.09826302528381,71013,71855.99,ONE_POINT,100,100,RANDOM
truncation_60,0.5,20,260,26100,116.54804158210754,71013,71760.41,ONE_POINT,100,100,RANDOM
truncation_60,0.5,20,261,26200,116.97696495056152,71013,71689.88,ONE_POINT,100,100,RANDOM
truncation_60,0.5,20,262,26300,117.3960452079773,70718,71577.9,ONE_POINT,100,100,RANDOM
truncation_60,0.5,20,263,26400,117.8891954421997,70718,71459.25,ONE_POINT,100,100,RANDOM
truncation_60,0.5,20,264,26500,118.32735633850098,70718,71381.51,ONE_POINT,100,100,RANDOM
truncation_60,0.5,20,265,26600,118.76816868782043,70712,71349.13,ONE_POINT,100,100,RANDOM
truncation_60,0.5,20,266,26700,119.20322394371033,70532,71278.11,ONE_POINT,100,100,RANDOM
truncation_60,0.5,20,267,26800,119.65730595588684,70527,71182.16,ONE_POINT,100,100,RANDOM
truncation_60,0.5,20,268,26900,120.08272814750671,70400,71090.72,ONE_POINT,100,100,RANDOM
truncation_60,0.5,20,269,27000,120.5583803653717,70400,70980.78,ONE_POINT,100,100,RANDOM
truncation_60,0.5,20,270,27100,120.98325657844543,70400,70875.18,ONE_POINT,100,100,RANDOM
truncation_60,0.5,20,271,27200,121.46558737754822,70051,70764.97,ONE_POINT,100,100,RANDOM
truncation_60,0.5,20,272,27300,121.9473819732666,70051,70677.33,ONE_POINT,100,100,RANDOM
truncation_60,0.5,20,273,27400,122.3796718120575,69913,70598.23,ONE_POINT,100,100,RANDOM
truncation_60,0.5,20,274,27500,122.83776569366455,69913,70554.29,ONE_POINT,100,100,RANDOM
truncation_60,0.5,20,275,27600,123.31692099571228,69913,70485.04,ONE_POINT,100,100,RANDOM
truncation_60,0.5,20,276,27700,123.82996463775635,69913,70419.12,ONE_POINT,100,100,RANDOM
truncation_60,0.5,20,277,27800,124.27827334403992,69913,70339.9,ONE_POINT,100,100,RANDOM
truncation_60,0.5,20,278,27900,124.71630311012268,69780,70252.22,ONE_POINT,100,100,RANDOM
truncation_60,0.5,20,279,28000,125.16367888450623,69546,70144.44,ONE_POINT,100,100,RANDOM
truncation_60,0.5,20,280,28100,125.60541319847107,69384,70059.76,ONE_POINT,100,100,RANDOM
truncation_60,0.5,20,281,28200,126.05131483078003,69273,69896.5,ONE_POINT,100,100,RANDOM
truncation_60,0.5,20,282,28300,126.49158048629761,69273,69789.93,ONE_POINT,100,100,RANDOM
truncation_60,0.5,20,283,28400,126.96902203559875,69236,69684.36,ONE_POINT,100,100,RANDOM
truncation_60,0.5,20,284,28500,127.43073415756226,69000,69593.17,ONE_POINT,100,100,RANDOM
truncation_60,0.5,20,285,28600,127.86019515991211,68707,69493.79,ONE_POINT,100,100,RANDOM
truncation_60,0.5,20,286,28700,128.30909132957458,68707,69418.79,ONE_POINT,100,100,RANDOM
truncation_60,0.5,20,287,28800,128.7351655960083,68707,69339.82,ONE_POINT,100,100,RANDOM
truncation_60,0.5,20,288,28900,129.16540360450745,68707,69219.96,ONE_POINT,100,100,RANDOM
truncation_60,0.5,20,289,29000,129.62719321250916,68628,69114.42,ONE_POINT,100,100,RANDOM
truncation_60,0.5,20,290,29100,130.11005663871765,68628,69056.63,ONE_POINT,100,100,RANDOM
truncation_60,0.5,20,291,29200,130.55590438842773,68628,69013.32,ONE_POINT,100,100,RANDOM
truncation_60,0.5,20,292,29300,130.9947009086609,68538,68949.53,ONE_POINT,100,100,RANDOM
truncation_60,0.5,20,293,29400,131.43127369880676,68162,68906.61,ONE_POINT,100,100,RANDOM
truncation_60,0.5,20,294,29500,131.87613153457642,67978,68869.41,ONE_POINT,100,100,RANDOM
truncation_60,0.5,20,295,29600,132.35637712478638,67978,68784.71,ONE_POINT,100,100,RANDOM
truncation_60,0.5,20,296,29700,132.8098075389862,67978,68714.35,ONE_POINT,100,100,RANDOM
truncation_60,0.5,20,297,29800,133.22880482673645,67933,68667.58,ONE_POINT,100,100,RANDOM
truncation_60,0.5,20,298,29900,133.67949295043945,67933,68612.06,ONE_POINT,100,100,RANDOM
truncation_60,0.5,20,299,30000,134.12415981292725,67933,68543.79,ONE_POINT,100,100,RANDOM
truncation_60,0.5,20,300,30100,134.5899441242218,67933,68472.29,ONE_POINT,100,100,RANDOM
truncation_60,0.5,20,301,30200,135.07935547828674,67933,68399.16,ONE_POINT,100,100,RANDOM
truncation_60,0.5,20,302,30300,135.51986360549927,67863,68297.7,ONE_POINT,100,100,RANDOM
truncation_60,0.5,20,303,30400,135.94761633872986,67767,68218.79,ONE_POINT,100,100,RANDOM
truncation_60,0.5,20,304,30500,136.39689016342163,67767,68154.48,ONE_POINT,100,100,RANDOM
truncation_60,0.5,20,305,30600,136.83005046844482,67722,68067.45,ONE_POINT,100,100,RANDOM
truncation_60,0.5,20,306,30700,137.27340078353882,67664,67988.83,ONE_POINT,100,100,RANDOM
truncation_60,0.5,20,307,30800,137.74727129936218,67317,67904.46,ONE_POINT,100,100,RANDOM
truncation_60,0.5,20,308,30900,138.20267009735107,67210,67845.76,ONE_POINT,100,100,RANDOM
truncation_60,0.5,20,309,31000,138.65156412124634,67121,67772.94,ONE_POINT,100,100,RANDOM
truncation_60,0.5,20,310,31100,139.10440182685852,67121,67708.66,ONE_POINT,100,100,RANDOM
truncation_60,0.5,20,311,31200,139.5377278327942,67121,67644.93,ONE_POINT,100,100,RANDOM
truncation_60,0.5,20,312,31300,139.97474789619446,66951,67563.53,ONE_POINT,100,100,RANDOM
truncation_60,0.5,20,313,31400,140.47943377494812,66702,67467.64,ONE_POINT,100,100,RANDOM
truncation_60,0.5,20,314,31500,140.97610449790955,66702,67398.21,ONE_POINT,100,100,RANDOM
truncation_60,0.5,20,315,31600,141.4208414554596,66180,67273.87,ONE_POINT,100,100,RANDOM
truncation_60,0.5,20,316,31700,141.8476665019989,66180,67231.24,ONE_POINT,100,100,RANDOM
truncation_60,0.5,20,317,31800,142.3044719696045,66180,67171.32,ONE_POINT,100,100,RANDOM
truncation_60,0.5,20,318,31900,142.74532055854797,66180,67065.41,ONE_POINT,100,100,RANDOM
truncation_60,0.5,20,319,32000,143.25042080879211,66180,67007.5,ONE_POINT,100,100,RANDOM
truncation_60,0.5,20,320,32100,143.6845064163208,66180,66931.51,ONE_POINT,100,100,RANDOM
truncation_60,0.5,20,321,32200,144.11641430854797,66180,66857.63,ONE_POINT,100,100,RANDOM
truncation_60,0.5,20,322,32300,144.55670261383057,66180,66762.25,ONE_POINT,100,100,RANDOM
truncation_60,0.5,20,323,32400,145.0292148590088,66180,66693.01,ONE_POINT,100,100,RANDOM
truncation_60,0.5,20,324,32500,145.4536657333374,65924,66631.61,ONE_POINT,100,100,RANDOM
truncation_60,0.5,20,325,32600,145.90720295906067,65924,66584.83,ONE_POINT,100,100,RANDOM
truncation_60,0.5,20,326,32700,146.38396215438843,65924,66516.99,ONE_POINT,100,100,RANDOM
truncation_60,0.5,20,327,32800,146.8303837776184,65924,66466.35,ONE_POINT,100,100,RANDOM
truncation_60,0.5,20,328,32900,147.26728463172913,65924,66413.41,ONE_POINT,100,100,RANDOM
truncation_60,0.5,20,329,33000,147.69381546974182,65924,66355.24,ONE_POINT,100,100,RANDOM
truncation_60,0.5,20,330,33100,148.11314988136292,65538,66293.07,ONE_POINT,100,100,RANDOM
truncation_60,0.5,20,331,33200,148.5546679496765,65538,66217.53,ONE_POINT,100,100,RANDOM
truncation_60,0.5,20,332,33300,148.99604773521423,65419,66142.27,ONE_POINT,100,100,RANDOM
truncation_60,0.5,20,333,33400,149.49652862548828,65419,66124.89,ONE_POINT,100,100,RANDOM
truncation_60,0.5,20,334,33500,149.9419014453888,65419,66066.36,ONE_POINT,100,100,RANDOM
truncation_60,0.5,20,335,33600,150.36941480636597,65419,66028.01,ONE_POINT,100,100,RANDOM
truncation_60,0.5,20,336,33700,150.78866386413574,65419,65981.84,ONE_POINT,100,100,RANDOM
truncation_60,0.5,20,337,33800,151.23927474021912,65377,65938.31,ONE_POINT,100,100,RANDOM
truncation_60,0.5,20,338,33900,151.67611455917358,65377,65884.17,ONE_POINT,100,100,RANDOM
truncation_60,0.5,20,339,34000,152.18165230751038,65377,65825.29,ONE_POINT,100,100,RANDOM
truncation_60,0.5,20,340,34100,152.60704159736633,65332,65755.39,ONE_POINT,100,100,RANDOM
truncation_60,0.5,20,341,34200,153.0545666217804,65164,65712.17,ONE_POINT,100,100,RANDOM
truncation_60,0.5,20,342,34300,153.524760723114,65164,65650.65,ONE_POINT,100,100,RANDOM
truncation_60,0.5,20,343,34400,153.98306941986084,65024,65601.29,ONE_POINT,100,100,RANDOM
truncation_60,0.5,20,344,34500,154.40524625778198,64864,65469.52,ONE_POINT,100,100,RANDOM
truncation_60,0.5,20,345,34600,154.83599972724915,64864,65373.06,ONE_POINT,100,100,RANDOM
truncation_60,0.5,20,346,34700,155.32459712028503,64675,65287.78,ONE_POINT,100,100,RANDOM
truncation_60,0.5,20,347,34800,155.7518515586853,64675,65220.09,ONE_POINT,100,100,RANDOM
truncation_60,0.5,20,348,34900,156.1964361667633,64675,65139.25,ONE_POINT,100,100,RANDOM
truncation_60,0.5,20,349,35000,156.62807703018188,64651,65073.21,ONE_POINT,100,100,RANDOM
truncation_60,0.5,20,350,35100,157.05744433403015,64517,65060.36,ONE_POINT,100,100,RANDOM
truncation_60,0.5,20,351,35200,157.5677192211151,64268,65012.09,ONE_POINT,100,100,RANDOM
truncation_60,0.5,20,352,35300,157.99627423286438,64268,64982.19,ONE_POINT,100,100,RANDOM
truncation_60,0.5,20,353,35400,158.44312286376953,64065,64900.78,ONE_POINT,100,100,RANDOM
truncation_60,0.5,20,354,35500,158.8802981376648,64065,64857.72,ONE_POINT,100,100,RANDOM
truncation_60,0.5,20,355,35600,159.30928444862366,64065,64757.2,ONE_POINT,100,100,RANDOM
truncation_60,0.5,20,356,35700,159.77060341835022,64065,64700.21,ONE_POINT,100,100,RANDOM
truncation_60,0.5,20,357,35800,160.24310159683228,64065,64607.49,ONE_POINT,100,100,RANDOM
truncation_60,0.5,20,358,35900,160.72130966186523,64001,64557.38,ONE_POINT,100,100,RANDOM
truncation_60,0.5,20,359,36000,161.14674544334412,63981,64518.78,ONE_POINT,100,100,RANDOM
truncation_60,0.5,20,360,36100,161.60324430465698,63981,64481.98,ONE_POINT,100,100,RANDOM
truncation_60,0.5,20,361,36200,162.03284692764282,63744,64382.73,ONE_POINT,100,100,RANDOM
truncation_60,0.5,20,362,36300,162.48063158988953,63744,64300.12,ONE_POINT,100,100,RANDOM
truncation_60,0.5,20,363,36400,162.91297507286072,63727,64232.32,ONE_POINT,100,100,RANDOM
truncation_60,0.5,20,364,36500,163.3925175666809,63423,64167.75,ONE_POINT,100,100,RANDOM
truncation_60,0.5,20,365,36600,163.82951998710632,63423,64130.16,ONE_POINT,100,100,RANDOM
truncation_60,0.5,20,366,36700,164.2700867652893,63423,64058.93,ONE_POINT,100,100,RANDOM
truncation_60,0.5,20,367,36800,164.7261037826538,63423,63999.2,ONE_POINT,100,100,RANDOM
truncation_60,0.5,20,368,36900,165.14984822273254,63273,63923.73,ONE_POINT,100,100,RANDOM
truncation_60,0.5,20,369,37000,165.59662866592407,63255,63841.96,ONE_POINT,100,100,RANDOM
truncation_60,0.5,20,370,37100,166.09447121620178,63167,63750.76,ONE_POINT,100,100,RANDOM
truncation_60,0.5,20,371,37200,166.5270552635193,63167,63676.45,ONE_POINT,100,100,RANDOM
truncation_60,0.5,20,372,37300,166.97316312789917,63063,63633.04,ONE_POINT,100,100,RANDOM
truncation_60,0.5,20,373,37400,167.4020664691925,63063,63570.39,ONE_POINT,100,100,RANDOM
truncation_60,0.5,20,374,37500,167.82384252548218,63063,63510.49,ONE_POINT,100,100,RANDOM
truncation_60,0.5,20,375,37600,168.2669780254364,63063,63479.63,ONE_POINT,100,100,RANDOM
truncation_60,0.5,20,376,37700,168.68407011032104,63063,63449.23,ONE_POINT,100,100,RANDOM
truncation_60,0.5,20,377,37800,169.16903853416443,62917,63430.04,ONE_POINT,100,100,RANDOM
truncation_60,0.5,20,378,37900,169.59146928787231,62917,63371.38,ONE_POINT,100,100,RANDOM
truncation_60,0.5,20,379,38000,170.03568530082703,62917,63321.86,ONE_POINT,100,100,RANDOM
truncation_60,0.5,20,380,38100,170.47583723068237,62792,63269.95,ONE_POINT,100,100,RANDOM
truncation_60,0.5,20,381,38200,170.91696429252625,62792,63236.11,ONE_POINT,100,100,RANDOM
truncation_60,0.5,20,382,38300,171.3588469028473,62644,63174.69,ONE_POINT,100,100,RANDOM
truncation_60,0.5,20,383,38400,171.79451656341553,62098,63116.83,ONE_POINT,100,100,RANDOM
truncation_60,0.5,20,384,38500,172.27191495895386,62098,63050.12,ONE_POINT,100,100,RANDOM
truncation_60,0.5,20,385,38600,172.70650339126587,62098,62989.24,ONE_POINT,100,100,RANDOM
truncation_60,0.5,20,386,38700,173.12857794761658,62098,62923.17,ONE_POINT,100,100,RANDOM
truncation_60,0.5,20,387,38800,173.57396340370178,62098,62859.35,ONE_POINT,100,100,RANDOM
truncation_60,0.5,20,388,38900,174.00075817108154,62098,62758.86,ONE_POINT,100,100,RANDOM
truncation_60,0.5,20,389,39000,174.44490146636963,62098,62646.35,ONE_POINT,100,100,RANDOM
truncation_60,0.5,20,390,39100,174.92083477973938,62098,62566.36,ONE_POINT,100,100,RANDOM
truncation_60,0.5,20,391,39200,175.35955595970154,61933,62484.67,ONE_POINT,100,100,RANDOM
truncation_60,0.5,20,392,39300,175.79354286193848,61895,62408.8,ONE_POINT,100,100,RANDOM
truncation_60,0.5,20,393,39400,176.23642420768738,61895,62361.65,ONE_POINT,100,100,RANDOM
truncation_60,0.5,20,394,39500,176.67916989326477,61837,62336.11,ONE_POINT,100,100,RANDOM
truncation_60,0.5,20,395,39600,177.12191319465637,61837,62261.65,ONE_POINT,100,100,RANDOM
truncation_60,0.5,20,396,39700,177.59683203697205,61837,62180.42,ONE_POINT,100,100,RANDOM
truncation_60,0.5,20,397,39800,178.05362629890442,61555,62102.75,ONE_POINT,100,100,RANDOM
truncation_60,0.5,20,398,39900,178.54175806045532,61301,62035.77,ONE_POINT,100,100,RANDOM
truncation_60,0.5,20,399,40000,178.97239589691162,60961,61990.56,ONE_POINT,100,100,RANDOM
truncation_60,0.5,20,400,40100,179.412029504776,60961,61942.69,ONE_POINT,100,100,RANDOM
truncation_60,0.5,20,401,40200,179.85354471206665,60961,61879.94,ONE_POINT,100,100,RANDOM
truncation_60,0.5,20,402,40300,180.32029819488525,60961,61813.33,ONE_POINT,100,100,RANDOM
truncation_60,0.5,20,403,40400,180.81024146080017,60961,61768.5,ONE_POINT,100,100,RANDOM
truncation_60,0.5,20,404,40500,181.25734663009644,60961,61713.62,ONE_POINT,100,100,RANDOM
truncation_60,0.5,20,405,40600,181.68496012687683,60961,61643.39,ONE_POINT,100,100,RANDOM
truncation_60,0.5,20,406,40700,182.11147928237915,60948,61593.64,ONE_POINT,100,100,RANDOM
truncation_60,0.5,20,407,40800,182.55994963645935,60913,61523.55,ONE_POINT,100,100,RANDOM
truncation_60,0.5,20,408,40900,183.0836570262909,60913,61474.92,ONE_POINT,100,100,RANDOM
truncation_60,0.5,20,409,41000,183.5055227279663,60829,61383.89,ONE_POINT,100,100,RANDOM
truncation_60,0.5,20,410,41100,183.941180229187,60791,61295.38,ONE_POINT,100,100,RANDOM
truncation_60,0.5,20,411,41200,184.36587071418762,60630,61186.99,ONE_POINT,100,100,RANDOM
truncation_60,0.5,20,412,41300,184.83651113510132,60423,61038.82,ONE_POINT,100,100,RANDOM
truncation_60,0.5,20,413,41400,185.2710666656494,60423,60927.64,ONE_POINT,100,100,RANDOM
truncation_60,0.5,20,414,41500,185.7630865573883,60396,60822.33,ONE_POINT,100,100,RANDOM
truncation_60,0.5,20,415,41600,186.22175073623657,60272,60787.67,ONE_POINT,100,100,RANDOM
truncation_60,0.5,20,416,41700,186.65902090072632,60236,60709.84,ONE_POINT,100,100,RANDOM
truncation_60,0.5,20,417,41800,187.109601020813,60236,60658.13,ONE_POINT,100,100,RANDOM
truncation_60,0.5,20,418,41900,187.561133146286,60072,60586.98,ONE_POINT,100,100,RANDOM
truncation_60,0.5,20,419,42000,188.00347089767456,60048,60487.96,ONE_POINT,100,100,RANDOM
truncation_60,0.5,20,420,42100,188.4176745414734,59797,60371.87,ONE_POINT,100,100,RANDOM
truncation_60,0.5,20,421,42200,188.91322469711304,59280,60259.52,ONE_POINT,100,100,RANDOM
truncation_60,0.5,20,422,42300,189.3713138103485,59280,60171.79,ONE_POINT,100,100,RANDOM
truncation_60,0.5,20,423,42400,189.81896257400513,59280,60091.59,ONE_POINT,100,100,RANDOM
truncation_60,0.5,20,424,42500,190.24195265769958,59280,60027.86,ONE_POINT,100,100,RANDOM
truncation_60,0.5,20,425,42600,190.69066333770752,59280,59985.87,ONE_POINT,100,100,RANDOM
truncation_60,0.5,20,426,42700,191.13922905921936,59280,59937.36,ONE_POINT,100,100,RANDOM
truncation_60,0.5,20,427,42800,191.62845540046692,59280,59880.61,ONE_POINT,100,100,RANDOM
truncation_60,0.5,20,428,42900,192.0921013355255,59057,59841.75,ONE_POINT,100,100,RANDOM
truncation_60,0.5,20,429,43000,192.54942274093628,59057,59751.13,ONE_POINT,100,100,RANDOM
truncation_60,0.5,20,430,43100,192.9807107448578,59057,59680.69,ONE_POINT,100,100,RANDOM
truncation_60,0.5,20,431,43200,193.44784498214722,59057,59596.33,ONE_POINT,100,100,RANDOM
truncation_60,0.5,20,432,43300,193.89016485214233,59057,59503.55,ONE_POINT,100,100,RANDOM
truncation_60,0.5,20,433,43400,194.38141202926636,58936,59444.98,ONE_POINT,100,100,RANDOM
truncation_60,0.5,20,434,43500,194.80872130393982,58678,59372.8,ONE_POINT,100,100,RANDOM
truncation_60,0.5,20,435,43600,195.2403130531311,58678,59312.36,ONE_POINT,100,100,RANDOM
truncation_60,0.5,20,436,43700,195.69658732414246,58398,59279.76,ONE_POINT,100,100,RANDOM
truncation_60,0.5,20,437,43800,196.12034463882446,58398,59204.96,ONE_POINT,100,100,RANDOM
truncation_60,0.5,20,438,43900,196.54569959640503,58398,59125.08,ONE_POINT,100,100,RANDOM
truncation_60,0.5,20,439,44000,197.00967693328857,58398,59050.19,ONE_POINT,100,100,RANDOM
truncation_60,0.5,20,440,44100,197.4525351524353,58398,58977.49,ONE_POINT,100,100,RANDOM
truncation_60,0.5,20,441,44200,197.9017140865326,58398,58875.46,ONE_POINT,100,100,RANDOM
truncation_60,0.5,20,442,44300,198.34684014320374,58398,58820.32,ONE_POINT,100,100,RANDOM
truncation_60,0.5,20,443,44400,198.78689551353455,58369,58790.69,ONE_POINT,100,100,RANDOM
truncation_60,0.5,20,444,44500,199.23563313484192,58260,58743.76,ONE_POINT,100,100,RANDOM
truncation_60,0.5,20,445,44600,199.723637342453,58260,58661.44,ONE_POINT,100,100,RANDOM
truncation_60,0.5,20,446,44700,200.18718004226685,58260,58646.28,ONE_POINT,100,100,RANDOM
truncation_60,0.5,20,447,44800,200.6404411792755,58247,58585.72,ONE_POINT,100,100,RANDOM
truncation_60,0.5,20,448,44900,201.107177734375,58247,58529.19,ONE_POINT,100,100,RANDOM
truncation_60,0.5,20,449,45000,201.55727553367615,58071,58441.91,ONE_POINT,100,100,RANDOM
truncation_60,0.5,20,450,45100,202.0167350769043,58037,58367.46,ONE_POINT,100,100,RANDOM
truncation_60,0.5,20,451,45200,202.4715759754181,58018,58320.16,ONE_POINT,100,100,RANDOM
truncation_60,0.5,20,452,45300,202.9043629169464,57811,58271.2,ONE_POINT,100,100,RANDOM
truncation_60,0.5,20,453,45400,203.34183979034424,57811,58209.84,ONE_POINT,100,100,RANDOM
truncation_60,0.5,20,454,45500,203.7817883491516,57811,58177.64,ONE_POINT,100,100,RANDOM
truncation_60,0.5,20,455,45600,204.23471093177795,57811,58164.8,ONE_POINT,100,100,RANDOM
truncation_60,0.5,20,456,45700,204.67321681976318,57689,58114.33,ONE_POINT,100,100,RANDOM
truncation_60,0.5,20,457,45800,205.09128737449646,57605,58076.24,ONE_POINT,100,100,RANDOM
truncation_60,0.5,20,458,45900,205.5273253917694,57605,58047.09,ONE_POINT,100,100,RANDOM
truncation_60,0.5,20,459,46000,205.95895743370056,57500,58009.54,ONE_POINT,100,100,RANDOM
truncation_60,0.5,20,460,46100,206.395898103714,57500,57940.22,ONE_POINT,100,100,RANDOM
truncation_60,0.5,20,461,46200,206.85774326324463,57500,57903.63,ONE_POINT,100,100,RANDOM
truncation_60,0.5,20,462,46300,207.33180594444275,57500,57850.85,ONE_POINT,100,100,RANDOM
truncation_60,0.5,20,463,46400,207.75251078605652,57363,57781.4,ONE_POINT,100,100,RANDOM
truncation_60,0.5,20,464,46500,208.254492521286,57363,57739.76,ONE_POINT,100,100,RANDOM
truncation_60,0.5,20,465,46600,208.68037700653076,57363,57686.98,ONE_POINT,100,100,RANDOM
truncation_60,0.5,20,466,46700,209.1273045539856,57202,57623.8,ONE_POINT,100,100,RANDOM
truncation_60,0.5,20,467,46800,209.59294033050537,57202,57588.38,ONE_POINT,100,100,RANDOM
truncation_60,0.5,20,468,46900,210.05154466629028,57161,57531.25,ONE_POINT,100,100,RANDOM
truncation_60,0.5,20,469,47000,210.47485375404358,57002,57485.78,ONE_POINT,100,100,RANDOM
truncation_60,0.5,20,470,47100,210.9113416671753,57002,57414.6,ONE_POINT,100,100,RANDOM
truncation_60,0.5,20,471,47200,211.36226749420166,56935,57367.4,ONE_POINT,100,100,RANDOM
truncation_60,0.5,20,472,47300,211.79890704154968,56850,57341.19,ONE_POINT,100,100,RANDOM
truncation_60,0.5,20,473,47400,212.30861926078796,56824,57273.86,ONE_POINT,100,100,RANDOM
truncation_60,0.5,20,474,47500,212.73894143104553,56824,57223.09,ONE_POINT,100,100,RANDOM
truncation_60,0.5,20,475,47600,213.17536902427673,56752,57178.34,ONE_POINT,100,100,RANDOM
truncation_60,0.5,20,476,47700,213.62756299972534,56656,57143.59,ONE_POINT,100,100,RANDOM
truncation_60,0.5,20,477,47800,214.06400299072266,56153,57086.28,ONE_POINT,100,100,RANDOM
truncation_60,0.5,20,478,47900,214.50759506225586,56109,56981.74,ONE_POINT,100,100,RANDOM
truncation_60,0.5,20,479,48000,214.94863295555115,56109,56888.33,ONE_POINT,100,100,RANDOM
truncation_60,0.5,20,480,48100,215.4172818660736,55900,56782.26,ONE_POINT,100,100,RANDOM
truncation_60,0.5,20,481,48200,215.8707902431488,55839,56686.69,ONE_POINT,100,100,RANDOM
truncation_60,0.5,20,482,48300,216.30821537971497,55839,56621.14,ONE_POINT,100,100,RANDOM
truncation_60,0.5,20,483,48400,216.75101041793823,55809,56515.91,ONE_POINT,100,100,RANDOM
truncation_60,0.5,20,484,48500,217.1656105518341,55714,56413.15,ONE_POINT,100,100,RANDOM
truncation_60,0.5,20,485,48600,217.6591935157776,55686,56296.88,ONE_POINT,100,100,RANDOM
truncation_60,0.5,20,486,48700,218.09338331222534,55598,56168.04,ONE_POINT,100,100,RANDOM
truncation_60,0.5,20,487,48800,218.54180479049683,55469,56079.01,ONE_POINT,100,100,RANDOM
truncation_60,0.5,20,488,48900,218.96761846542358,55386,55977.61,ONE_POINT,100,100,RANDOM
truncation_60,0.5,20,489,49000,219.4004249572754,55311,55910.59,ONE_POINT,100,100,RANDOM
truncation_60,0.5,20,490,49100,219.83259296417236,55311,55841.17,ONE_POINT,100,100,RANDOM
truncation_60,0.5,20,491,49200,220.34927654266357,55124,55715.86,ONE_POINT,100,100,RANDOM
truncation_60,0.5,20,492,49300,220.79602193832397,55124,55638.27,ONE_POINT,100,100,RANDOM
truncation_60,0.5,20,493,49400,221.2428057193756,55123,55545.0,ONE_POINT,100,100,RANDOM
truncation_60,0.5,20,494,49500,221.6609082221985,55123,55470.53,ONE_POINT,100,100,RANDOM
truncation_60,0.5,20,495,49600,222.0973720550537,54964,55451.75,ONE_POINT,100,100,RANDOM
truncation_60,0.5,20,496,49700,222.71441054344177,54964,55396.49,ONE_POINT,100,100,RANDOM
truncation_60,0.5,20,497,49800,223.25706028938293,54921,55335.29,ONE_POINT,100,100,RANDOM
truncation_60,0.5,20,498,49900,223.8606779575348,54873,55266.79,ONE_POINT,100,100,RANDOM
truncation_60,0.5,20,499,50000,224.49955034255981,54863,55207.65,ONE_POINT,100,100,RANDOM
truncation_60,0.5,20,500,50100,225.06736850738525,54777,55140.42,ONE_POINT,100,100,RANDOM
